file,protocol_id,nccp_code,title,intent,duration,cycle_interval,contexts,complete,unresolved,action
protocols/breast/00200-trastuzumab-iv-q21d.json,nccp-00200-vcurrent,00200,Trastuzumab IV q21d,Advanced disease,,q21d,1,no,duration,sidecar generated
protocols/breast/00201-trastuzumab-iv-weekly.json,nccp-00201-v6,00201,Trastuzumab IV weekly,Advanced disease,,,1,no,cycle_length_varies;duration;cycle_length,sidecar generated
protocols/breast/00202-docetaxel-100-21-day.json,nccp-00202-v7,00202,Docetaxel 100,Advanced disease,,,1,no,cycle_length;duration,sidecar generated
protocols/breast/00203-docetaxel-75-21-day.json,nccp-00203-v7,00203,Docetaxel 75 q21d,Advanced disease,,q21d,1,no,duration,sidecar generated
protocols/breast/00204-pertuzumab-trastuzumab-docetaxel.json,nccp-00204-v11,00204,Pertuzumab + trastuzumab + docetaxel,Advanced disease,,q21d,1,no,duration,sidecar generated
protocols/breast/00205-pegylated-liposomal-doxorubicin.json,nccp-00205-v8,00205,Pegylated Liposomal Doxorubicin 50 mg/m² – 28 day,Advanced disease,,q28d,2,no,duration,sidecar generated
protocols/breast/00206-t-dm1-metastatic.json,nccp-00206-vcurrent,00206,T-DM1 metastatic,Advanced disease,,,1,no,cycle_length;duration,sidecar generated
protocols/breast/00212-bevacizumab-q14d.json,nccp-00212-v6a,00212,Bevacizumab q14d,Advanced disease,,q14d,1,no,duration,sidecar generated
protocols/breast/00217-lapatinib-capecitabine.json,nccp-00217-vcurrent,00217,Lapatinib + capecitabine,Advanced disease,,,1,no,cycle_length;duration,sidecar generated
protocols/breast/00228-eribulin-monotherapy.json,nccp-00228-v8,00228,Eribulin Monotherapy,,,q21d,1,no,intent;duration,sidecar generated
protocols/breast/00230-nab-paclitaxel-q21d.json,nccp-00230-v7,00230,nab-Paclitaxel q21d,Advanced disease,,,1,no,cycle_length;duration,sidecar generated
protocols/breast/00232-vinorelbine-iv.json,nccp-00232-v5,00232,Vinorelbine IV,Advanced disease,,,2,no,cycle_length;duration,sidecar generated
protocols/breast/00250-docetaxel-cyclophosphamide.json,nccp-00250-v8,00250,TC (Docetaxel/Cyclophosphamide),Adjuvant,6 cycles,q21d,1,yes,,sidecar generated
protocols/breast/00251-carboplatin-q28d.json,nccp-00251-v6,00251,Carboplatin q28d,Advanced disease,,,1,no,cycle_length;duration,sidecar generated
protocols/breast/00252-ac-doxorubicin-cyclophosphamide.json,nccp-00252-v7,00252,AC (Doxorubicin/Cyclophosphamide),Adjuvant,4 cycles,q21d,1,yes,,sidecar generated
protocols/breast/00253-tamoxifen.json,nccp-00253-vcurrent,00253,Tamoxifen,Adjuvant,,,1,no,cycle_length;duration,sidecar generated
protocols/breast/00254-anastrozole-monotherapy.json,nccp-00254-v5,00254,Anastrozole,Adjuvant,,,1,no,cycle_length;duration,sidecar generated
protocols/breast/00258-tch-docetaxel-carboplatin-trastuzumab.json,nccp-00258-v9,00258,TCH,Adjuvant,,,1,no,cycle_length;duration,sidecar generated
protocols/breast/00259-vinorelbine-oral.json,nccp-00259-v6,00259,Vinorelbine oral,Advanced disease,,,1,no,cycle_length;duration,sidecar generated
protocols/breast/00260-ac-followed-by-weekly-paclitaxel.json,nccp-00260-v7,00260,AC → weekly paclitaxel,Neoadjuvant,,q7d,1,no,duration,sidecar generated
protocols/breast/00261-carboplatin-q21d.json,nccp-00261-v7,00261,Carboplatin q21d,Curative,,q21d,1,no,duration,sidecar generated
protocols/breast/00262-ec90.json,nccp-00262-vcurrent,00262,EC90,Adjuvant,,,1,no,cycle_length;duration,sidecar generated
protocols/breast/00263-ec75.json,nccp-00263-vcurrent,00263,EC75,Advanced disease,,,1,no,cycle_length;duration,sidecar generated
protocols/breast/00265-fec100.json,nccp-00265-v6b,00265,FEC100,Neoadjuvant,,,1,no,cycle_length;duration,sidecar generated
protocols/breast/00269-fec50.json,nccp-00269-v7a,00269,FEC50,Advanced disease,,,1,no,cycle_length;duration,sidecar generated
protocols/breast/00272-trastuzumab-sc-q21d-metastatic.json,nccp-00272-v4,00272,Trastuzumab SC q21d metastatic,Advanced disease,Until progression/toxicity,q21d,1,yes,,sidecar generated
protocols/breast/00278-dose-dense-ac-paclitaxel-14-day.json,nccp-00278-v7,00278,DD AC → paclitaxel q14d,Neoadjuvant,,q14d,1,no,duration,sidecar generated
protocols/breast/00285-trastuzumab-sc-q21d-ebc.json,nccp-00285-v4,00285,Trastuzumab SC q21d EBC,Adjuvant,Until progression/toxicity,q21d,1,yes,,sidecar generated
protocols/breast/00316-ddac-paclitaxel-14-day-trastuzumab.json,nccp-00316-v6,00316,DD AC → paclitaxel q14d + trastuzumab,Neoadjuvant,,q14d,1,no,duration,sidecar generated
protocols/breast/00322-everolimus-exemestane.json,nccp-00322-v4,00322,Everolimus + exemestane,Advanced disease,,,1,no,cycle_length;duration,sidecar generated
protocols/breast/00348-carbo-auc6-paclitaxel-ddac.json,nccp-00348-v8a,00348,Carboplatin AUC6 + Paclitaxel → DDAC,Neoadjuvant,,,1,no,cycle_length_varies;duration;cycle_length,sidecar generated
protocols/breast/00350-pertuzumab-trastuzumab-chemotherapy.json,nccp-00350-v3,00350,Pertuzumab + Trastuzumab + Chemotherapy,Neoadjuvant,,q21d,1,no,duration,sidecar generated
protocols/breast/00361-fulvestrant-monotherapy.json,nccp-00361-vcurrent,00361,Fulvestrant,Advanced disease,,,1,no,cycle_length;duration,sidecar generated
protocols/breast/00371-letrozole-monotherapy.json,nccp-00371-vcurrent,00371,Letrozole,Neoadjuvant,,,1,no,cycle_length;duration,sidecar generated
protocols/breast/00376-exemestane-monotherapy.json,nccp-00376-vcurrent,00376,Exemestane,Adjuvant,,,1,no,cycle_length;duration,sidecar generated
protocols/breast/00377-cmf-oral.json,nccp-00377-v6,00377,CMF oral,Adjuvant,,,1,no,cycle_length;duration,sidecar generated
protocols/breast/00378-cmf-iv-28-day.json,nccp-00378-v6,00378,CMF IV 28-day,Adjuvant,,,1,no,cycle_length;duration,sidecar generated
protocols/breast/00381-cmf-iv-21-day.json,nccp-00381-v6,00381,CMF IV 21-day,Adjuvant,,,1,no,cycle_length;duration,sidecar generated
protocols/breast/00414-palbociclib.json,nccp-00414-vcurrent,00414,Palbociclib,Advanced disease,,,1,no,cycle_length;duration,sidecar generated
protocols/breast/00423-at-doxorubicin-docetaxel.json,nccp-00423-vcurrent,00423,AT 50/75,Advanced disease,,,1,no,cycle_length;duration,sidecar generated
protocols/breast/00430-gemcitabine-carboplatin.json,nccp-00430-v6,00430,Gemcitabine + carboplatin AUC2,Advanced disease,,q21d,3,no,duration,sidecar generated
protocols/breast/00432-ac-weekly-paclitaxel-trastuzumab.json,nccp-00432-v5,00432,AC → weekly paclitaxel + trastuzumab,Neoadjuvant,,q7d,1,no,duration,sidecar generated
protocols/breast/00433-ddac-weekly-paclitaxel-trastuzumab.json,nccp-00433-v6,00433,DD AC → weekly paclitaxel + trastuzumab,Neoadjuvant,,q7d,1,no,duration,sidecar generated
protocols/breast/00485-dose-dense-ac-weekly-paclitaxel.json,nccp-00485-v6,00485,DD AC → weekly paclitaxel,Neoadjuvant,,q7d,1,no,duration,sidecar generated
protocols/breast/00507-pertuzumab-trastuzumab-paclitaxel.json,nccp-00507-v6,00507,Pertuzumab + trastuzumab + paclitaxel,Advanced disease,,,4,no,cycle_length_varies;duration;cycle_length,sidecar generated
protocols/breast/00512-paclitaxel-trastuzumab-weekly.json,nccp-00512-v5,00512,Weekly Paclitaxel + Trastuzumab,Adjuvant,,,1,no,cycle_length_varies;duration_multiphase;cycle_length;duration,sidecar generated
protocols/breast/00525-ribociclib-metastatic.json,nccp-00525-vcurrent,00525,Ribociclib metastatic,Advanced disease,,,1,no,cycle_length;duration,sidecar generated
protocols/breast/00526-pertuzumab-trastuzumab-vinorelbine.json,nccp-00526-v5,00526,Pertuzumab + trastuzumab + vinorelbine,Advanced disease,,,1,no,cycle_length;duration,sidecar generated
protocols/breast/00545-zoledronic-acid-adjuvant.json,nccp-00545-v3,00545,Zoledronic acid adjuvant,Adjuvant,,q182d,1,no,duration,sidecar generated
protocols/breast/00605-talazoparib.json,nccp-00605-v2,00605,Talazoparib,Advanced disease,,q28d,1,no,duration,sidecar generated
protocols/breast/00619-abemaciclib-adjuvant.json,nccp-00619-vcurrent,00619,Adjuvant abemaciclib,Adjuvant,,,1,no,cycle_length;duration,sidecar generated
protocols/breast/00621-paclitaxel-weekly-3-of-4.json,nccp-00621-v9,00621,"Paclitaxel 80 mg/m² Days 1, 8 and 15 – 28 day",Advanced disease,,q28d,1,no,duration,sidecar generated
protocols/breast/00659-t-dm1-early-breast.json,nccp-00659-v2,00659,T-DM1 early breast,Neoadjuvant,,,1,no,cycle_length;duration,sidecar generated
protocols/breast/00688-atezolizumab-nab-paclitaxel.json,nccp-00688-v2a,00688,Atezolizumab + nab-paclitaxel,Advanced disease,,q28d,1,no,duration,sidecar generated
protocols/breast/00720-neratinib-extended-adjuvant.json,nccp-00720-v2,00720,Neratinib extended adjuvant,Adjuvant,,,1,no,cycle_length;duration,sidecar generated
protocols/breast/00722-tchp-docetaxel-carboplatin-trastuzumab-pertuzumab.json,nccp-00722-v2,00722,TCHP: Docetaxel + Carboplatin + Trastuzumab + Pertuzumab,Neoadjuvant,6 cycles,q21d,1,yes,,sidecar generated
protocols/breast/00726-pertuzumab-trastuzumab-maintenance.json,nccp-00726-v3a,00726,Pertuzumab + Trastuzumab maintenance,Maintenance,,q21d,1,no,duration,sidecar generated
protocols/breast/00731-tch-subcutaneous-p.json,nccp-00731-v2,00731,TCH(SC)P,Neoadjuvant,,q21d,1,no,duration,sidecar generated
protocols/breast/00734-weekly-carbo-paclitaxel-ddac.json,nccp-00734-v3,00734,Weekly Carboplatin/Paclitaxel → DDAC,Neoadjuvant,,,1,no,cycle_length_varies;duration;cycle_length,sidecar generated
protocols/breast/00736-nab-paclitaxel-weekly.json,nccp-00736-v2,00736,nab-Paclitaxel weekly,Advanced disease,,,1,no,cycle_length_varies;duration;cycle_length,sidecar generated
protocols/breast/00738-bevacizumab-paclitaxel.json,nccp-00738-v3,00738,Bevacizumab + paclitaxel,Advanced disease,,,1,no,cycle_length;duration,sidecar generated
protocols/breast/00743-eribulin-monotherapy-28-day.json,nccp-00743-v3,00743,Eribulin 28-day,Advanced disease,,,1,no,cycle_length;duration,sidecar generated
protocols/breast/00745-ddac-weekly-paclitaxel-trastuzumab-q21d.json,nccp-00745-v2a,00745,DD AC → weekly paclitaxel + trastuzumab q21d,Neoadjuvant,,q21d,1,no,duration,sidecar generated
protocols/breast/00749-gemcitabine-800-monotherapy.json,nccp-00749-v3,00749,Gemcitabine monotherapy,Advanced disease,,,1,no,cycle_length;duration,sidecar generated
protocols/breast/00775-pertuzumab-trastuzumab-paclitaxel-carboplatin-train2.json,nccp-00775-v3,00775,IV Pertuzumab/Trastuzumab TRAIN-2,Neoadjuvant,,q21d,1,no,duration,sidecar generated
protocols/breast/00776-trastuzumab-deruxtecan.json,nccp-00776-v3b,00776,Trastuzumab deruxtecan,Advanced disease,,,1,no,cycle_length;duration,sidecar generated
protocols/breast/00785-phesgo-maintenance.json,nccp-00785-v3a,00785,Phesgo maintenance,Maintenance,,q21d,1,no,duration,sidecar generated
protocols/breast/00789-phesgo-tchp.json,nccp-00789-v3,00789,Phesgo TCHP,Neoadjuvant,,q21d,1,no,duration,sidecar generated
protocols/breast/00790-phesgo-paclitaxel-carboplatin-train2.json,nccp-00790-v3,00790,Phesgo + Paclitaxel/Carboplatin (TRAIN-2),Neoadjuvant,,q21d,1,no,duration,sidecar generated
protocols/breast/00794-sacituzumab-govitecan.json,nccp-00794-vcurrent,00794,Sacituzumab govitecan,Advanced disease,,,1,no,cycle_length;duration,sidecar generated
protocols/breast/00796-phesgo-docetaxel.json,nccp-00796-v4,00796,Phesgo + docetaxel,Advanced disease,,,1,no,cycle_length;duration,sidecar generated
protocols/breast/00797-phesgo-paclitaxel.json,nccp-00797-v4,00797,Phesgo + paclitaxel,Advanced disease,,,4,no,cycle_length_varies;duration;cycle_length,sidecar generated
protocols/breast/00798-phesgo-vinorelbine.json,nccp-00798-v3,00798,Phesgo + vinorelbine,Advanced disease,,,1,no,cycle_length;duration,sidecar generated
protocols/breast/00815-paclitaxel-weekly-trastuzumab-3weekly.json,nccp-00815-v3,00815,Weekly paclitaxel + q3w trastuzumab,Adjuvant,,q7d,1,no,duration,sidecar generated
protocols/breast/00857-pembro-carbo-paclitaxel-ac.json,nccp-00857-v3,00857,Pembrolizumab + Carboplatin/Paclitaxel → AC,Neoadjuvant,,,1,no,cycle_length_varies;duration_multiphase;cycle_length;duration,sidecar generated
protocols/breast/00858-pembro-weekly-carbo-paclitaxel-ac.json,nccp-00858-v3,00858,Pembrolizumab + weekly Carboplatin/Paclitaxel → AC,Neoadjuvant,,,1,no,cycle_length_varies;duration_multiphase;cycle_length;duration,sidecar generated
protocols/breast/00860-pembro400-carbo-paclitaxel-ddac.json,nccp-00860-v2,00860,Pembrolizumab 400 + Carbo/Paclitaxel → DDAC,Neoadjuvant,,,1,no,cycle_length_varies;duration_multiphase;cycle_length;duration,sidecar generated
protocols/breast/00861-pembro400-weekly-carbo-paclitaxel-ddac.json,nccp-00861-v2,00861,Pembrolizumab 400 + Weekly Carbo/Paclitaxel → DDAC,Neoadjuvant,,,1,no,cycle_length_varies;duration_multiphase;cycle_length;duration,sidecar generated
protocols/breast/00892-ribociclib-adjuvant.json,nccp-00892-v2,00892,Adjuvant ribociclib,Adjuvant,,,1,no,cycle_length;duration,sidecar generated
protocols/breast/00936-tucatinib-trastuzumab-capecitabine.json,nccp-00936-vcurrent,00936,Tucatinib + trastuzumab + capecitabine,Advanced disease,,,1,no,cycle_length;duration,sidecar generated
protocols/gastrointestinal/00207-cetuximab-therapy-7-days.json,nccp-00207-v5,00207,Cetuximab Therapy – 7 days,Curative,,q7d,1,no,duration,sidecar generated
protocols/gastrointestinal/00209-modified-folfox6.json,nccp-00209-v10a,00209,Modified FOLFOX-6,Adjuvant / Advanced disease,,q14d,4,no,duration,sidecar generated
protocols/gastrointestinal/00210-folfox-4-therapy-14-day.json,nccp-00210-v9b,00210,FOLFOX-4 Therapy – 14 day,Adjuvant,,q14d,1,no,duration,sidecar generated
protocols/gastrointestinal/00213-irinotecan-monotherapy-21-day.json,nccp-00213-v7,00213,Irinotecan Monotherapy – 21 day,Advanced disease,,q21d,1,no,duration,sidecar generated
protocols/gastrointestinal/00216-capecitabine-monotherapy.json,nccp-00216-v8,00216,Capecitabine,Advanced disease / Adjuvant / Neoadjuvant,,q21d,7,no,duration,sidecar generated
protocols/gastrointestinal/00225-panitumumab-6-mg-kg-therapy.json,nccp-00225-v6,00225,Panitumumab 6 mg/kg Therapy,Advanced disease,,q14d,1,no,duration,sidecar generated
protocols/gastrointestinal/00227-folfiri.json,nccp-00227-v9,00227,FOLFIRI,Advanced disease,,q14d,4,no,duration,sidecar generated
protocols/gastrointestinal/00235-teysuno-s-1-and-cisplatin-28-day.json,nccp-00235-v5,00235,Teysuno (S-1) and Cisplatin – 28 day,Advanced disease,,q28d,1,no,duration,sidecar generated
protocols/gastrointestinal/00238-aflibercept-folfiri.json,nccp-00238-v6,00238,Aflibercept + FOLFIRI,Advanced disease,,q14d,2,no,duration,sidecar generated
protocols/gastrointestinal/00239-eox-epirubicin-oxaliplatin-and-capecitabine-therapy.json,nccp-00239-v8,00239,"EOX: Epirubicin, Oxaliplatin and Capecitabine Therapy",Advanced disease,,q21d,1,no,duration,sidecar generated
protocols/gastrointestinal/00240-ecf-epirubicin-cisplatin-and-5-fluorouracil-therapy.json,nccp-00240-v8,00240,"ECF: Epirubicin, Cisplatin and 5-Fluorouracil Therapy",Palliative,,q21d,1,no,duration,sidecar generated
protocols/gastrointestinal/00244-regorafenib.json,nccp-00244-v5,00244,Regorafenib,Advanced disease,,q28d,2,no,duration,sidecar generated
protocols/gastrointestinal/00256-nab-paclitaxel-gemcitabine.json,nccp-00256-v7,00256,nab-Paclitaxel + Gemcitabine,Advanced disease,,q28d,2,no,duration,sidecar generated
protocols/gastrointestinal/00283-gemcitabine-1000-mg-m2-monotherapy-56-day.json,nccp-00283-v6,00283,Gemcitabine 1000 mg/m² Monotherapy – 56 day,Advanced disease,,q56d,1,no,duration,sidecar generated
protocols/gastrointestinal/00294-sorafenib-therapy.json,nccp-00294-v4,00294,Sorafenib Therapy,Advanced disease,Until progression/toxicity,q28d,2,yes,,sidecar generated
protocols/gastrointestinal/00321-xelox-capox.json,nccp-00321-v9,00321,XELOX / CAPOX,Adjuvant / Advanced disease,,q21d,4,no,duration,sidecar generated
protocols/gastrointestinal/00328-cetuximab-7-day-and-folfiri-14-day-therapy.json,nccp-00328-v7,00328,Cetuximab (7 day) and FOLFIRI (14 day) Therapy,Advanced disease,,q14d,1,no,duration,sidecar generated
protocols/gastrointestinal/00329-folfirinox.json,nccp-00329-v9,00329,FOLFIRINOX,Advanced disease,Up to 12 cycles,q14d,1,yes,,sidecar generated
protocols/gastrointestinal/00330-cetuximab-7-day-and-irinotecan-14-day-therapy.json,nccp-00330-v6,00330,Cetuximab (7 day) and Irinotecan (14 day) Therapy,Advanced disease,,q14d,1,no,duration,sidecar generated
protocols/gastrointestinal/00331-cetuximab-14-day-and-irinotecan-14-day-therapy.json,nccp-00331-v7,00331,Cetuximab (14 day) and Irinotecan (14 day) Therapy,Advanced disease,,q14d,1,no,duration,sidecar generated
protocols/gastrointestinal/00344-flot-therapy-14-day.json,nccp-00344-v9,00344,FLOT Therapy – 14 day,Advanced disease,,q14d,1,no,duration,sidecar generated
protocols/gastrointestinal/00380-ecx-epirubicin-cisplatin-and-capecitabine-therapy.json,nccp-00380-v6,00380,"ECX: Epirubicin, Cisplatin and Capecitabine Therapy",Palliative,,q21d,1,no,duration,sidecar generated
protocols/gastrointestinal/00382-trifluridine-tipiracil.json,nccp-00382-v3,00382,Lonsurf,Advanced disease,,q28d,1,no,duration,sidecar generated
protocols/gastrointestinal/00383-gemcitabine-1000-mg-m2-and-cisplatin-25-mg-m2-21-day.json,nccp-00383-v8,00383,Gemcitabine 1000 mg/m² and Cisplatin 25 mg/m² – 21 day,Advanced disease,,q21d,1,no,duration,sidecar generated
protocols/gastrointestinal/00384-gemcitabine-1000-mg-m2-and-capecitabine-650-mg-m2-21-day.json,nccp-00384-v7,00384,Gemcitabine 1000 mg/m² and Capecitabine 650 mg/m² – 21 day,Advanced disease,,q21d,1,no,duration,sidecar generated
protocols/gastrointestinal/00386-doxorubicin-60-mg-m2-therapy.json,nccp-00386-v4,00386,Doxorubicin 60 mg/m² Therapy,Advanced disease,,q21d,1,no,duration,sidecar generated
protocols/gastrointestinal/00421-5-fluorouracil-continuous-infusion-and-radiotherapy.json,nccp-00421-v4,00421,5-Fluorouracil Continuous Infusion and Radiotherapy,Advanced disease,,q7d,1,no,duration,sidecar generated
protocols/gastrointestinal/00422-carboplatin-auc2-and-paclitaxel-50-mg-m2-weekly-with-radiotherapy.json,nccp-00422-v5,00422,Carboplatin AUC2 and Paclitaxel 50 mg/m² Weekly with Radiotherapy,,,q7d,1,no,intent;duration,sidecar generated
protocols/gastrointestinal/00427-roswell-park-modified-5-fluorouracil-and-folinic-acid.json,nccp-00427-v6,00427,Roswell Park Modified 5-Fluorouracil and Folinic Acid,Adjuvant,,q56d,1,no,duration,sidecar generated
protocols/gastrointestinal/00428-quasar-modified-5-fluorouracil-and-folinic-acid-weekly.json,nccp-00428-v6,00428,QUASAR Modified 5-Fluorouracil and Folinic Acid Weekly,Adjuvant,,q7d,1,no,duration,sidecar generated
protocols/gastrointestinal/00429-eof-epirubicin-oxaliplatin-and-5-fluorouracil-therapy.json,nccp-00429-v7a,00429,"EOF: Epirubicin, Oxaliplatin and 5-Fluorouracil Therapy",Advanced disease,,q21d,1,no,duration,sidecar generated
protocols/gastrointestinal/00446-bevacizumab-modified-folfox6.json,nccp-00446-v7b,00446,Bevacizumab + mFOLFOX6,Advanced disease,,q14d,2,no,duration,sidecar generated
protocols/gastrointestinal/00447-panitumumab-modified-folfox6.json,nccp-00447-v6b,00447,Panitumumab + mFOLFOX6,Advanced disease,,q14d,2,no,duration,sidecar generated
protocols/gastrointestinal/00448-panitumumab-folfiri.json,nccp-00448-v4b,00448,Panitumumab + FOLFIRI,Advanced disease,,q14d,3,no,duration,sidecar generated
protocols/gastrointestinal/00449-bevacizumab-folfiri.json,nccp-00449-v6a,00449,Bevacizumab + FOLFIRI,Advanced disease,,q14d,2,no,duration,sidecar generated
protocols/gastrointestinal/00451-5-fluorouracil-4-day-mitomycin-and-radiotherapy.json,nccp-00451-v4c,00451,"5-Fluorouracil (4 day), Mitomycin and Radiotherapy",,,q28d,1,no,intent;duration,sidecar generated
protocols/gastrointestinal/00460-cisplatin-75-mg-m2-and-5-fluorouracil-chemoradiation-herskovic.json,nccp-00460-v4,00460,Cisplatin 75 mg/m² and 5-Fluorouracil Chemoradiation (Herskovic),Advanced disease,,q28d,1,no,duration,sidecar generated
protocols/gastrointestinal/00473-cisplatin-and-capecitabine-adjuvant-chemoradiation-therapy.json,nccp-00473-v6,00473,Cisplatin and Capecitabine Adjuvant Chemoradiation Therapy,Adjuvant,,q21d,1,no,duration,sidecar generated
protocols/gastrointestinal/00486-flox-therapy.json,nccp-00486-v8,00486,FLOX Therapy,Adjuvant,,q56d,1,no,duration,sidecar generated
protocols/gastrointestinal/00502-trastuzumab-5-fluorouracil-and-cisplatin-therapy-21-day.json,nccp-00502-v4,00502,"Trastuzumab, 5-Fluorouracil and Cisplatin Therapy – 21 day",Advanced disease,,q21d,1,no,duration,sidecar generated
protocols/gastrointestinal/00505-capecitabine-and-temozolomide-therapy.json,nccp-00505-v5,00505,Capecitabine and Temozolomide Therapy,Advanced disease,,q28d,1,no,duration,sidecar generated
protocols/gastrointestinal/00509-modified-folfox-6-chemoradiation-therapy-14-day.json,nccp-00509-v6,00509,Modified FOLFOX-6 Chemoradiation Therapy – 14 day,,,q14d,1,no,intent;duration,sidecar generated
protocols/gastrointestinal/00515-modified-folfirinox.json,nccp-00515-v7,00515,Modified FOLFIRINOX,Adjuvant / Advanced disease,,q14d,3,no,duration,sidecar generated
protocols/gastrointestinal/00521-gemcitabine-1000-mg-m2-and-radiotherapy.json,nccp-00521-v3,00521,Gemcitabine 1000 mg/m² and Radiotherapy,Advanced disease,,q7d,1,no,duration,sidecar generated
protocols/gastrointestinal/00522-gemcitabine-400-mg-m2-and-radiotherapy.json,nccp-00522-v4,00522,Gemcitabine 400 mg/m² and Radiotherapy,,,q7d,1,no,intent;duration,sidecar generated
protocols/gastrointestinal/00523-capecitabine-and-radiotherapy-7-day.json,nccp-00523-v5,00523,Capecitabine and Radiotherapy – 7 day,Advanced disease,,q7d,1,no,duration,sidecar generated
protocols/gastrointestinal/00524-gemcitabine-1000-mg-m2-and-capecitabine-830-mg-m2-28-day.json,nccp-00524-v5,00524,Gemcitabine 1000 mg/m² and Capecitabine 830 mg/m² – 28 day,Adjuvant,,q28d,1,no,duration,sidecar generated
protocols/gastrointestinal/00555-folfoxiri.json,nccp-00555-v6b,00555,FOLFOXIRI,Advanced disease,Until progression/toxicity,q14d,1,yes,,sidecar generated
protocols/gastrointestinal/00559-gemcitabine-600-mg-m2-and-radiotherapy.json,nccp-00559-v3,00559,Gemcitabine 600 mg/m² and Radiotherapy,,,q7d,1,no,intent;duration,sidecar generated
protocols/gastrointestinal/00585-cetuximab-14-day-and-folfiri-14-day-therapy.json,nccp-00585-v5b,00585,Cetuximab (14 day) and FOLFIRI (14 day) Therapy,Advanced disease,,q14d,1,no,duration,sidecar generated
protocols/gastrointestinal/00586-capecitabine-825-mg-m2-and-radiotherapy-7-day.json,nccp-00586-v3,00586,Capecitabine 825 mg/m² and Radiotherapy – 7 day,Advanced disease,,q7d,1,no,duration,sidecar generated
protocols/gastrointestinal/00594-cisplatin-5-fluorouracil-and-radiation-therapy.json,nccp-00594-v3b,00594,"Cisplatin, 5-Fluorouracil and Radiation Therapy",,,q28d,1,no,intent;duration,sidecar generated
protocols/gastrointestinal/00623-bevacizumab-7-5-mg-kg-and-capecitabine-1250-mg-m2-therapy.json,nccp-00623-v3a,00623,Bevacizumab 7.5 mg/kg and Capecitabine 1250 mg/m² Therapy,Advanced disease,,q21d,1,no,duration,sidecar generated
protocols/gastrointestinal/00642-lutetium-177-oxodotreotide-lutathera-therapy.json,nccp-00642-v2,00642,Lutetium-177 Oxodotreotide (Lutathera) Therapy,,,q56d,1,no,intent;duration,sidecar generated
protocols/gastrointestinal/00644-lenvatinib-therapy-hcc.json,nccp-00644-v2,00644,Lenvatinib Therapy – HCC,Advanced disease,,q28d,1,no,duration,sidecar generated
protocols/gastrointestinal/00654-irinotecan-150-mg-m2-monotherapy-28-day.json,nccp-00654-v2,00654,Irinotecan 150 mg/m² Monotherapy – 28 day,Advanced disease,,q28d,1,no,duration,sidecar generated
protocols/gastrointestinal/00660-5fu-folinic-acid.json,nccp-00660-v2b,00660,5-FU + Folinic Acid,Adjuvant / Advanced disease,,q14d,3,no,duration,sidecar generated
protocols/gastrointestinal/00691-folfirinox-therapy-rectal-carcinoma.json,nccp-00691-v4,00691,FOLFIRINOX Therapy – Rectal Carcinoma,Neoadjuvant,,q14d,1,no,duration,sidecar generated
protocols/gastrointestinal/00692-cetuximab-and-folfox-4-therapy.json,nccp-00692-v2,00692,Cetuximab and FOLFOX-4 Therapy,Advanced disease,,q14d,1,no,duration,sidecar generated
protocols/gastrointestinal/00704-trastuzumab-modified-folfox6.json,nccp-00704-v3a,00704,Trastuzumab + mFOLFOX6,Advanced disease,,q14d,1,no,duration,sidecar generated
protocols/gastrointestinal/00727-mitomycin-and-capecitabine-chemoradiation-therapy.json,nccp-00727-v2b,00727,Mitomycin and Capecitabine Chemoradiation Therapy,,,q28d,1,no,intent;duration,sidecar generated
protocols/gastrointestinal/00732-cetuximab-therapy-14-days.json,nccp-00732-v2,00732,Cetuximab Therapy – 14 days,Advanced disease,,q14d,1,no,duration,sidecar generated
protocols/gastrointestinal/00733-cetuximab-and-modified-folfox-6-therapy.json,nccp-00733-v2a,00733,Cetuximab and modified FOLFOX-6 Therapy,Advanced disease,,q14d,1,no,duration,sidecar generated
protocols/gastrointestinal/00739-pembrolizumab-cisplatin-and-5-fluorouracil-infusional-therapy.json,nccp-00739-v2a,00739,"Pembrolizumab, Cisplatin and 5-Fluorouracil Infusional Therapy",Advanced disease,,q21d,1,no,duration,sidecar generated
protocols/gastrointestinal/00783-bevacizumab-5-mg-kg-and-folfoxiri-therapy-14-day.json,nccp-00783-v2a,00783,Bevacizumab 5 mg/kg and FOLFOXIRI Therapy – 14 day,Advanced disease,,q14d,1,no,duration,sidecar generated
protocols/gastrointestinal/00791-bevacizumab-5-mg-kg-5-fluorouracil-and-folinic-acid-therapy-14-day.json,nccp-00791-v2,00791,"Bevacizumab 5 mg/kg, 5-Fluorouracil and Folinic Acid Therapy – 14 day",Advanced disease,,q14d,1,no,duration,sidecar generated
protocols/gastrointestinal/00816-nivolumab-14-day-cisplatin-and-5-fluorouracil-therapy.json,nccp-00816-v3,00816,"Nivolumab 14 day, Cisplatin and 5-Fluorouracil Therapy",Advanced disease,,q14d,1,no,duration,sidecar generated
protocols/gastrointestinal/00831-atezolizumab-bevacizumab-hcc.json,nccp-00831-v2a,00831,Atezolizumab + Bevacizumab (HCC),Advanced disease,,q21d,2,no,duration,sidecar generated
protocols/gastrointestinal/00832-nivolumab-28-day-cisplatin-and-5-fluorouracil-therapy.json,nccp-00832-v3,00832,"Nivolumab 28 day, Cisplatin and 5-Fluorouracil Therapy",Advanced disease,,q28d,1,no,duration,sidecar generated
protocols/gastrointestinal/00839-pembrolizumab-and-modified-folfox-6-therapy.json,nccp-00839-v2a,00839,Pembrolizumab and Modified FOLFOX-6 Therapy,Advanced disease,,q14d,1,no,duration,sidecar generated
protocols/gastrointestinal/00843-nivolumab-xelox.json,nccp-00843-v2a,00843,Nivolumab + XELOX,Advanced disease,,q21d,2,no,duration,sidecar generated
protocols/gastrointestinal/00844-nivolumab-modified-folfox6.json,nccp-00844-v4a,00844,Nivolumab + mFOLFOX6,Advanced disease,,q14d,3,no,duration,sidecar generated
protocols/gastrointestinal/00889-pemigatinib-therapy.json,nccp-00889-v1a,00889,Pemigatinib Therapy,Advanced disease,,q21d,1,no,duration,sidecar generated
protocols/gastrointestinal/00890-fruquintinib-monotherapy.json,nccp-00890-v2,00890,Fruquintinib Monotherapy,Advanced disease,,q28d,1,no,duration,sidecar generated
protocols/gastrointestinal/00897-durvalumab-gemcitabine-cisplatin.json,nccp-00897-v3,00897,Durvalumab + Gemcitabine + Cisplatin,Advanced disease,,,2,no,cycle_length_varies;duration_multiphase;cycle_length;duration,sidecar generated
protocols/gastrointestinal/00900-nivolumab-240-mg-and-ipilimumab-1-mg-kg-therapy.json,nccp-00900-v1a,00900,Nivolumab 240 mg and Ipilimumab 1 mg/kg Therapy,Advanced disease,,q21d,1,no,duration,sidecar generated
protocols/gastrointestinal/00901-ivosidenib-therapy.json,nccp-00901-v1a,00901,Ivosidenib Therapy,Advanced disease,,q28d,1,no,duration,sidecar generated
protocols/gastrointestinal/00924-tislelizumab-and-capox-therapy.json,nccp-00924-v1,00924,Tislelizumab and CAPOX Therapy,Advanced disease,,q21d,1,no,duration,sidecar generated
protocols/gastrointestinal/00925-tislelizumab-and-modified-folfox-6-therapy.json,nccp-00925-v1,00925,Tislelizumab and Modified FOLFOX-6 Therapy,Advanced disease,,q14d,1,no,duration,sidecar generated
protocols/gastrointestinal/00926-tremelimumab-durvalumab.json,nccp-00926-v1,00926,Tremelimumab + Durvalumab,Advanced disease,,q28d,2,no,duration,sidecar generated
protocols/genitourinary/00101-cabazitaxel-prednisolone.json,nccp-00101-v8,00101,Cabazitaxel + prednisolone,Advanced disease,,q21d,1,no,duration,sidecar generated
protocols/genitourinary/00103-abiraterone-prednisolone-mcrpc.json,nccp-00103-v9,00103,Abiraterone and prednisolone,Advanced disease,,q28d,1,no,duration,sidecar generated
protocols/genitourinary/00104-axitinib-monotherapy.json,nccp-00104-v6,00104,Axitinib Monotherapy,Advanced disease,Until progression/toxicity,q28d,1,yes,,sidecar generated
protocols/genitourinary/00233-enzalutamide.json,nccp-00233-v7,00233,Enzalutamide,Advanced disease,,q28d,1,no,duration,sidecar generated
protocols/genitourinary/00257-radium-223.json,nccp-00257-v8,00257,Radium-223 (Xofigo),Advanced disease,6 cycles,q28d,1,yes,,sidecar generated
protocols/genitourinary/00282-gemcitabine-and-cisplatin-70-mg-m-28-day.json,nccp-00282-v5,00282,Gemcitabine and Cisplatin 70 mg/m² – 28 day,Advanced disease,6 cycles,q28d,1,yes,,sidecar generated
protocols/genitourinary/00313-docetaxel-50-q14d.json,nccp-00313-v5,00313,Docetaxel 50 q14d,Advanced disease,,q14d,1,no,duration,sidecar generated
protocols/genitourinary/00326-temsirolimus-therapy.json,nccp-00326-v4,00326,Temsirolimus Therapy,Advanced disease,Until progression/toxicity,q28d,1,yes,,sidecar generated
protocols/genitourinary/00333-dose-dense-methotrexate-vinblastine-doxorubicin-and-cisplatin-mvac-14-day.json,nccp-00333-v5a,00333,"Dose-dense Methotrexate, Vinblastine, Doxorubicin and Cisplatin (MVAC) – 14 day",Neoadjuvant,6 cycles,q14d,1,yes,,sidecar generated
protocols/genitourinary/00337-cisplatin-methotrexate-and-vinblastine-cmv-therapy.json,nccp-00337-v5,00337,"Cisplatin, Methotrexate and Vinblastine (CMV) Therapy",Neoadjuvant,3 cycles,q21d,1,yes,,sidecar generated
protocols/genitourinary/00338-methotrexate-vinblastine-doxorubicin-and-cisplatin-mvac-28-day.json,nccp-00338-v5,00338,"Methotrexate, Vinblastine, Doxorubicin and Cisplatin (MVAC) – 28 day",Neoadjuvant,6 cycles,q28d,1,yes,,sidecar generated
protocols/genitourinary/00450-mitomycin-and-5-fluorouracil-with-radiotherapy.json,nccp-00450-v4c,00450,Mitomycin and 5-Fluorouracil with Radiotherapy,Curative,1 cycle,q42d,1,yes,,sidecar generated
protocols/genitourinary/00453-carboplatin-auc-7-and-etoposide-750-mg-m-therapy.json,nccp-00453-v3,00453,Carboplatin AUC 7 and Etoposide 750 mg/m² Therapy,Curative,,q28d,1,no,duration,sidecar generated
protocols/genitourinary/00477-goserelin-10-8mg-q12weeks.json,nccp-00477-v3,00477,Goserelin 10.8 mg,Advanced disease,,q28d,1,no,duration,sidecar generated
protocols/genitourinary/00478-goserelin-3-6mg-q28days.json,nccp-00478-v3,00478,Goserelin 3.6 mg,Advanced disease,,q28d,1,no,duration,sidecar generated
protocols/genitourinary/00479-leuprorelin-22-5mg-q12weeks.json,nccp-00479-v3,00479,Leuprorelin 22.5 mg,Advanced disease,,q28d,1,no,duration,sidecar generated
protocols/genitourinary/00480-triptorelin-11-25mg-q12weeks.json,nccp-00480-v3,00480,Triptorelin 11.25 mg,Advanced disease,,q28d,1,no,duration,sidecar generated
protocols/genitourinary/00481-degarelix.json,nccp-00481-v3,00481,Degarelix,Advanced disease,,q28d,1,no,duration,sidecar generated
protocols/genitourinary/00482-bicalutamide.json,nccp-00482-v3,00482,Bicalutamide,Advanced disease,,q28d,1,no,duration,sidecar generated
protocols/genitourinary/00488-triptorelin-22-5mg-q24weeks.json,nccp-00488-v3,00488,Triptorelin 22.5 mg,Advanced disease,,q28d,1,no,duration,sidecar generated
protocols/genitourinary/00489-triptorelin-3mg-q28days.json,nccp-00489-v3,00489,Triptorelin 3 mg,Advanced disease,,q28d,1,no,duration,sidecar generated
protocols/genitourinary/00490-leuprorelin-7-5mg-q28days.json,nccp-00490-v3,00490,Leuprorelin 7.5 mg,Advanced disease,,q28d,1,no,duration,sidecar generated
protocols/genitourinary/00491-leuprorelin-45mg-q24weeks.json,nccp-00491-v3,00491,Leuprorelin 45 mg,Advanced disease,,q28d,1,no,duration,sidecar generated
protocols/genitourinary/00492-leuprorelin-11-25mg-q12weeks.json,nccp-00492-v3,00492,Leuprorelin 11.25 mg,Advanced disease,,q28d,1,no,duration,sidecar generated
protocols/genitourinary/00493-leuprorelin-30mg-q24weeks.json,nccp-00493-v3,00493,Leuprorelin 30 mg,Advanced disease,,q28d,1,no,duration,sidecar generated
protocols/genitourinary/00494-leuprorelin-3-75mg-q28days.json,nccp-00494-v3,00494,Leuprorelin 3.75 mg,Advanced disease,,q28d,1,no,duration,sidecar generated
protocols/genitourinary/00518-cabozantinib-monotherapy.json,nccp-00518-v2,00518,Cabozantinib Monotherapy,Advanced disease,Until progression/toxicity,q28d,1,yes,,sidecar generated
protocols/genitourinary/00535-avelumab-monotherapy.json,nccp-00535-v6b,00535,Avelumab Monotherapy,Maintenance / Advanced disease,Until progression/toxicity,q14d,2,yes,,sidecar generated
protocols/genitourinary/00546-docetaxel-prednisolone.json,nccp-00546-v3,00546,Docetaxel + prednisolone,Advanced disease,,q28d,1,no,duration,sidecar generated
protocols/genitourinary/00564-tivozanib-monotherapy.json,nccp-00564-v3,00564,Tivozanib Monotherapy,Advanced disease,Until progression/toxicity,q28d,1,yes,,sidecar generated
protocols/genitourinary/00574-apalutamide.json,nccp-00574-v4,00574,Apalutamide,Advanced disease,,q28d,1,no,duration,sidecar generated
protocols/genitourinary/00577-abiraterone-prednisolone-mhspc.json,nccp-00577-v3,00577,Abiraterone and prednisolone,Advanced disease,,q28d,1,no,duration,sidecar generated
protocols/genitourinary/00583-pembrolizumab-200-mg-and-axitinib-therapy.json,nccp-00583-v3b,00583,Pembrolizumab 200 mg and Axitinib Therapy,Advanced disease,Until progression/toxicity,q21d,1,yes,,sidecar generated
protocols/genitourinary/00602-paclitaxel-ifosfamide-and-cisplatin-tip-therapy.json,nccp-00602-v1,00602,"Paclitaxel, Ifosfamide and Cisplatin (TIP) Therapy",Curative,4 cycles,q21d,1,yes,,sidecar generated
protocols/genitourinary/00622-gemcitabine-and-cisplatin-35-mg-m-21-day.json,nccp-00622-v3,00622,Gemcitabine and Cisplatin 35 mg/m² – 21 day,Advanced disease,6 cycles,q21d,1,yes,,sidecar generated
protocols/genitourinary/00628-gemcitabine-and-cisplatin-70-mg-m-21-day.json,nccp-00628-v3,00628,Gemcitabine and Cisplatin 70 mg/m² – 21 day,Advanced disease,6 cycles,q21d,1,yes,,sidecar generated
protocols/genitourinary/00693-darolutamide.json,nccp-00693-v2,00693,Darolutamide,Advanced disease,,q28d,1,no,duration,sidecar generated
protocols/genitourinary/00759-gemcitabine-100-mg-m-with-radiotherapy.json,nccp-00759-v1,00759,Gemcitabine 100 mg/m² with Radiotherapy,Curative,1 cycle,q28d,1,yes,,sidecar generated
protocols/genitourinary/00807-intravesical-bcg.json,nccp-00807-v2,00807,Intravesical BCG,Adjuvant,,q7d,1,no,duration,sidecar generated
protocols/genitourinary/00830-relugolix.json,nccp-00830-v3,00830,Relugolix,Advanced disease,,q28d,1,no,duration,sidecar generated
protocols/genitourinary/00846-enfortumab-vedotin-monotherapy.json,nccp-00846-v3a,00846,Enfortumab Vedotin Monotherapy,Advanced disease,Until progression/toxicity,q28d,1,yes,,sidecar generated
protocols/genitourinary/00848-niraparib-abiraterone-akeega.json,nccp-00848-v2,00848,Niraparib/abiraterone (Akeega),Advanced disease,,q28d,1,no,duration,sidecar generated
protocols/genitourinary/00885-erdafitinib-therapy.json,nccp-00885-v2,00885,Erdafitinib Therapy,Advanced disease,Until progression/toxicity,q28d,1,yes,,sidecar generated
protocols/genitourinary/00894-intravesical-gemcitabine-and-docetaxel.json,nccp-00894-v1,00894,Intravesical Gemcitabine and Docetaxel,Adjuvant,Up to 18 months,q7d,1,yes,,sidecar generated
protocols/genitourinary/00945-enfortumab-vedotin-and-pembrolizumab-therapy.json,nccp-00945-v1,00945,Enfortumab Vedotin and Pembrolizumab Therapy,Advanced disease,Until progression/toxicity,q21d,1,yes,,sidecar generated
protocols/gynaecology/00246-methotrexate-8-day-charing-cross-regimen.json,nccp-00246-v5,00246,Methotrexate 8-day Charing Cross Regimen,Maintenance,,q14d,1,no,duration,sidecar generated
protocols/gynaecology/00247-dactinomycin-therapy.json,nccp-00247-v4,00247,Dactinomycin Therapy,,,q14d,1,no,intent;duration,sidecar generated
protocols/gynaecology/00248-ema-co-therapy.json,nccp-00248-v4,00248,EMA/CO Therapy,,,q14d,1,no,intent;duration,sidecar generated
protocols/gynaecology/00249-intrathecal-methotrexate-for-cns-prophylaxis-in-gtn.json,nccp-00249-v3,00249,Intrathecal Methotrexate for CNS Prophylaxis in GTN,,,q7d,1,no,intent;duration,sidecar generated
protocols/gynaecology/00264-ema-ep-therapy.json,nccp-00264-v3b,00264,EMA/EP Therapy,,,q14d,1,no,intent;duration,sidecar generated
protocols/gynaecology/00266-paclitaxel-etoposide-alternating-with-paclitaxel-cisplatin-te-tp-therapy.json,nccp-00266-v4,00266,Paclitaxel/Etoposide alternating with Paclitaxel/Cisplatin (TE/TP) Therapy,,,q14d,1,no,intent;duration,sidecar generated
protocols/gynaecology/00267-two-day-etoposide-and-cisplatin-ep-therapy.json,nccp-00267-v4,00267,Two-day Etoposide and Cisplatin (EP) Therapy,,,q7d,1,no,intent;duration,sidecar generated
protocols/gynaecology/00300-bleomycin-etoposide-and-cisplatin-bep-therapy.json,nccp-00300-v7b,00300,"Bleomycin, Etoposide and Cisplatin (BEP) Therapy",Advanced disease,,q21d,1,no,duration,sidecar generated
protocols/gynaecology/00301-etoposide-and-cisplatin-20-mg-m-ep-5-day-therapy.json,nccp-00301-v5,00301,Etoposide and Cisplatin 20 mg/m² (EP) 5-day Therapy,Advanced disease,,q21d,1,no,duration,sidecar generated
protocols/gynaecology/00303-carboplatin-paclitaxel-21-day.json,nccp-00303-v6,00303,Carboplatin + Paclitaxel (21 day),Multiple indications,6 cycles,q21d,2,no,intent,sidecar generated
protocols/gynaecology/00306-gemcitabine-carboplatin.json,nccp-00306-v7,00306,Gemcitabine + Carboplatin AUC4,Multiple indications,,q21d,3,no,intent;duration,sidecar generated
protocols/gynaecology/00308-carboplatin-auc-6-and-weekly-paclitaxel-80-mg-m-therapy.json,nccp-00308-v7,00308,Carboplatin AUC 6 and Weekly Paclitaxel 80 mg/m² Therapy,Adjuvant,,,1,no,cycle_length_varies;duration;cycle_length,sidecar generated
protocols/gynaecology/00312-topotecan-monotherapy-weekly.json,nccp-00312-v5,00312,Topotecan Monotherapy – Weekly,Advanced disease,,,1,no,cycle_length_varies;duration;cycle_length,sidecar generated
protocols/gynaecology/00375-trabectedin-and-pegylated-liposomal-doxorubicin-therapy.json,nccp-00375-v6,00375,Trabectedin and Pegylated Liposomal Doxorubicin Therapy,,,q21d,1,no,intent;duration,sidecar generated
protocols/gynaecology/00385-cisplatin-40-mg-m-weekly-with-radiotherapy.json,nccp-00385-v5,00385,Cisplatin 40 mg/m² Weekly with Radiotherapy,Advanced disease / Curative,,q7d,2,no,duration,sidecar generated
protocols/gynaecology/00419-carboplatin-auc-2-weekly-with-radiotherapy.json,nccp-00419-v4,00419,Carboplatin AUC 2 Weekly with Radiotherapy,Curative,,q7d,1,no,duration,sidecar generated
protocols/gynaecology/00499-gemcitabine-1000-mg-m-carboplatin-auc-4-and-bevacizumab-15-mg-kg-therapy-21-day.json,nccp-00499-v8,00499,"Gemcitabine 1000 mg/m², Carboplatin AUC 4 and Bevacizumab 15 mg/kg Therapy – 21 day",,,q21d,1,no,intent;duration,sidecar generated
protocols/gynaecology/00620-bevacizumab-7-5-mg-kg-carboplatin-auc-5-and-paclitaxel-175-mg-m-therapy.json,nccp-00620-v2,00620,"Bevacizumab 7.5 mg/kg, Carboplatin AUC 5 and Paclitaxel 175 mg/m² Therapy",,,q21d,1,no,intent;duration,sidecar generated
protocols/gynaecology/00624-carboplatin-pegylated-liposomal-doxorubicin.json,nccp-00624-v3,00624,Carboplatin + pegylated liposomal doxorubicin,Multiple indications,6 cycles,q28d,2,no,intent,sidecar generated
protocols/gynaecology/00676-cisplatin-50-mg-m-chemoradiation-followed-by-carboplatin-auc-5-and-paclitaxel-175-mg-m.json,nccp-00676-v3,00676,Cisplatin 50 mg/m² Chemoradiation followed by Carboplatin AUC 5 and Paclitaxel 175 mg/m²,Adjuvant,,q21d,1,no,duration,sidecar generated
protocols/gynaecology/00716-bevacizumab-15-mg-kg-carboplatin-auc-5-and-paclitaxel-175-mg-m-therapy.json,nccp-00716-v2,00716,"Bevacizumab 15 mg/kg, Carboplatin AUC 5 and Paclitaxel 175 mg/m² Therapy",Curative,,q21d,1,no,duration,sidecar generated
protocols/gynaecology/00746-olaparib-tablet-and-bevacizumab-therapy.json,nccp-00746-v2,00746,Olaparib (Tablet) and Bevacizumab Therapy,Maintenance,,q21d,1,no,duration,sidecar generated
protocols/gynaecology/00766-bevacizumab-carboplatin-paclitaxel.json,nccp-00766-v2,00766,Bevacizumab + Carboplatin/Paclitaxel,Advanced disease,,q21d,1,no,duration_multiphase;duration,sidecar generated
protocols/gynaecology/00769-bevacizumab-10-mg-kg-and-paclitaxel-80-mg-m-days-1-8-15-and-22.json,nccp-00769-v2,00769,"Bevacizumab 10 mg/kg and Paclitaxel 80 mg/m² Days 1, 8, 15 and 22",Advanced disease,,q28d,1,no,duration,sidecar generated
protocols/gynaecology/00771-bevacizumab-10-mg-kg-and-topotecan-4-mg-m-therapy.json,nccp-00771-v2,00771,Bevacizumab 10 mg/kg and Topotecan 4 mg/m² Therapy,Advanced disease,,q21d,1,no,duration,sidecar generated
protocols/gynaecology/00772-bevacizumab-10-mg-kg-and-pegylated-liposomal-doxorubicin-40-mg-m-therapy.json,nccp-00772-v3,00772,Bevacizumab 10 mg/kg and Pegylated Liposomal Doxorubicin 40 mg/m² Therapy,Advanced disease,,q28d,1,no,duration,sidecar generated
protocols/gynaecology/00799-bevacizumab-paclitaxel-cisplatin.json,nccp-00799-v2,00799,Bevacizumab + paclitaxel + cisplatin,Curative,,q21d,1,no,duration,sidecar generated
protocols/gynaecology/00811-pembrolizumab-paclitaxel-175-mg-m-carboplatin-auc-5-and-bevacizumab-therapy.json,nccp-00811-v2,00811,"Pembrolizumab, Paclitaxel 175 mg/m², Carboplatin AUC 5 and Bevacizumab Therapy",Advanced disease,,q21d,1,no,duration,sidecar generated
protocols/gynaecology/00812-cemiplimab-therapy.json,nccp-00812-v3a,00812,Cemiplimab Therapy,Advanced disease,Until progression/toxicity,q21d,1,yes,,sidecar generated
protocols/gynaecology/00817-pembrolizumab-paclitaxel-175-mg-m-and-carboplatin-auc-5-therapy.json,nccp-00817-v2,00817,"Pembrolizumab, Paclitaxel 175 mg/m² and Carboplatin AUC 5 Therapy",Advanced disease,,q21d,1,no,duration,sidecar generated
protocols/gynaecology/00819-dostarlimab-therapy.json,nccp-00819-v2,00819,Dostarlimab Therapy,Advanced disease,,q21d,1,no,duration,sidecar generated
protocols/gynaecology/00862-niraparib-tablets-monotherapy.json,nccp-00862-v2,00862,Niraparib tablets monotherapy,Maintenance,,q28d,3,no,duration,sidecar generated
protocols/gynaecology/00904-rucaparib-tablets-monotherapy.json,nccp-00904-v1,00904,Rucaparib (Tablets) Monotherapy,Maintenance,,q28d,1,no,duration,sidecar generated
protocols/gynaecology/00929-dostarlimab-paclitaxel-and-carboplatin-therapy.json,nccp-00929-v1,00929,"Dostarlimab, Paclitaxel and Carboplatin Therapy",Advanced disease,,q21d,1,no,duration,sidecar generated
protocols/head-neck/00242-vandetanib-monotherapy.json,nccp-00242-v6,00242,Vandetanib Monotherapy,Advanced disease,Until progression/toxicity,q28d,1,yes,,sidecar generated
protocols/head-neck/00295-lenvatinib-dtc-therapy.json,nccp-00295-v6,00295,Lenvatinib DTC Therapy,Advanced disease,Until progression/toxicity,q28d,1,yes,,sidecar generated
protocols/head-neck/00314-cisplatin-and-5-fluorouracil-28-day.json,nccp-00314-v4b,00314,Cisplatin and 5-Fluorouracil – 28 day,Advanced disease,Until progression/toxicity,q28d,1,yes,,sidecar generated
protocols/head-neck/00315-docetaxel-75-cisplatin-75-and-5-fluorouracil-1000-induction-tpf.json,nccp-00315-v7a,00315,"Docetaxel 75, Cisplatin 75 and 5-Fluorouracil 1000 – Induction TPF",Neoadjuvant,3 cycles,q21d,1,yes,,sidecar generated
protocols/head-neck/00323-docetaxel-75-cisplatin-100-and-5-fluorouracil-1000-tcf-chemoradiation.json,nccp-00323-v7b,00323,"Docetaxel 75, Cisplatin 100 and 5-Fluorouracil 1000 (TCF) Chemoradiation",Neoadjuvant,3 cycles,q21d,1,yes,,sidecar generated
protocols/head-neck/00324-docetaxel-75-cisplatin-75-5-fluorouracil-750-tcf-and-radiotherapy.json,nccp-00324-v6b,00324,"Docetaxel 75, Cisplatin 75, 5-Fluorouracil 750 (TCF) and Radiotherapy",Neoadjuvant,4 cycles,q21d,1,yes,,sidecar generated
protocols/head-neck/00332-carboplatin-auc-1-5-chemoradiation-7-day.json,nccp-00332-v4,00332,Carboplatin AUC 1.5 Chemoradiation – 7 day,Curative,,q7d,1,no,duration,sidecar generated
protocols/head-neck/00387-cisplatin-100-mg-m-with-radiotherapy.json,nccp-00387-v5,00387,Cisplatin 100 mg/m² with Radiotherapy,Curative,3 cycles,q21d,1,yes,,sidecar generated
protocols/head-neck/00417-cetuximab-cisplatin-100-mg-m-and-5-fluorouracil-21-day.json,nccp-00417-v7,00417,"Cetuximab, Cisplatin 100 mg/m² and 5-Fluorouracil – 21 day",Advanced disease,Until progression/toxicity,q21d,1,yes,,sidecar generated
protocols/head-neck/00418-cetuximab-carboplatin-auc-5-and-5-fluorouracil-21-day.json,nccp-00418-v7,00418,"Cetuximab, Carboplatin AUC 5 and 5-Fluorouracil – 21 day",Advanced disease,Until progression/toxicity,q21d,1,yes,,sidecar generated
protocols/head-neck/00514-gemcitabine-1250-mg-m-monotherapy-21-day.json,nccp-00514-v3,00514,Gemcitabine 1250 mg/m² Monotherapy – 21 day,Advanced disease,6 cycles,q21d,1,yes,,sidecar generated
protocols/head-neck/00517-gemcitabine-1250-mg-m-and-cisplatin-80-mg-m-21-day.json,nccp-00517-v2,00517,Gemcitabine 1250 mg/m² and Cisplatin 80 mg/m² – 21 day,Advanced disease,6 cycles,q21d,1,yes,,sidecar generated
protocols/head-neck/00552-carboplatin-auc-5-and-5-fluorouracil-1000-mg-m-day-28-day.json,nccp-00552-v6,00552,Carboplatin AUC 5 and 5-Fluorouracil 1000 mg/m²/day – 28 day,Adjuvant,3 cycles,q28d,1,yes,,sidecar generated
protocols/head-neck/00589-carboplatin-70-mg-m-and-5-fluorouracil-600-mg-m-with-radiotherapy.json,nccp-00589-v4,00589,Carboplatin 70 mg/m² and 5-Fluorouracil 600 mg/m² with Radiotherapy,Curative,3 cycles,q21d,1,yes,,sidecar generated
protocols/head-neck/00591-carboplatin-auc-4-and-5-fluorouracil-600-mg-m-with-radiotherapy.json,nccp-00591-v3,00591,Carboplatin AUC 4 and 5-Fluorouracil 600 mg/m² with Radiotherapy,Curative,3 cycles,q21d,1,yes,,sidecar generated
protocols/head-neck/00615-cyclophosphamide-doxorubicin-and-cisplatin-21-day.json,nccp-00615-v2,00615,"Cyclophosphamide, Doxorubicin and Cisplatin – 21 day",Advanced disease,6 cycles,q21d,1,yes,,sidecar generated
protocols/head-neck/00696-paclitaxel-days-1-8-and-15-with-cetuximab-days-1-and-15-28-day.json,nccp-00696-v2,00696,"Paclitaxel Days 1, 8 and 15 with Cetuximab Days 1 and 15 – 28 day",Advanced disease,Until progression/toxicity,q28d,1,yes,,sidecar generated
protocols/head-neck/00705-pembrolizumab-carboplatin-auc-5-and-5-fluorouracil.json,nccp-00705-v2d,00705,"Pembrolizumab, Carboplatin AUC 5 and 5-Fluorouracil",Advanced disease,6 cycles,q21d,1,yes,,sidecar generated
protocols/head-neck/00706-pembrolizumab-cisplatin-and-5-fluorouracil.json,nccp-00706-v3,00706,"Pembrolizumab, Cisplatin and 5-Fluorouracil",Advanced disease,6 cycles,q21d,1,yes,,sidecar generated
protocols/head-neck/00893-methotrexate-40-mg-m-monotherapy-28-day.json,nccp-00893-v1,00893,Methotrexate 40 mg/m² Monotherapy – 28 day,Advanced disease,Until progression/toxicity,q28d,1,yes,,sidecar generated
protocols/head-neck/00903-gemcitabine-1000-mg-m-and-cisplatin-80-mg-m-induction.json,nccp-00903-v1,00903,Gemcitabine 1000 mg/m² and Cisplatin 80 mg/m² Induction,Neoadjuvant,3 cycles,q21d,1,yes,,sidecar generated
protocols/lung/00219-erlotinib-monotherapy.json,nccp-00219-v6,00219,Erlotinib Monotherapy,Maintenance,,q1d,1,no,duration,sidecar generated
protocols/lung/00220-gefitinib-monotherapy.json,nccp-00220-v5,00220,Gefitinib Monotherapy,Advanced disease,,q1d,1,no,duration,sidecar generated
protocols/lung/00221-afatinib-monotherapy.json,nccp-00221-v5,00221,Afatinib Monotherapy,Advanced disease,,q1d,1,no,duration,sidecar generated
protocols/lung/00222-pemetrexed-monotherapy.json,nccp-00222-v5,00222,Pemetrexed Monotherapy,Maintenance,,q21d,1,no,duration,sidecar generated
protocols/lung/00243-crizotinib-monotherapy.json,nccp-00243-v7,00243,Crizotinib Monotherapy,Advanced disease,,q1d,1,no,duration,sidecar generated
protocols/lung/00271-carboplatin-etoposide.json,nccp-00271-v7,00271,Carboplatin + Etoposide,,6 cycles,q21d,1,no,intent,sidecar generated
protocols/lung/00280-cisplatin-etoposide.json,nccp-00280-v6,00280,Cisplatin + Etoposide,Multiple indications,6 cycles,q21d,2,no,intent,sidecar generated
protocols/lung/00281-gemcitabine-cisplatin.json,nccp-00281-v7,00281,Gemcitabine + Cisplatin 75,Advanced disease / Neoadjuvant,Indication-dependent,q21d,3,no,duration,sidecar generated
protocols/lung/00304-carboplatin-paclitaxel.json,nccp-00304-v8,00304,Carboplatin AUC6 + Paclitaxel 200,Adjuvant / Advanced disease / Neoadjuvant,Indication-dependent,q21d,4,no,duration,sidecar generated
protocols/lung/00309-weekly-carboplatin-auc2-and-paclitaxel-50-mg-m2-with-radiotherapy.json,nccp-00309-v6,00309,Weekly Carboplatin AUC2 and Paclitaxel 50 mg/m² with Radiotherapy,,,q7d,1,no,intent;duration,sidecar generated
protocols/lung/00310-gemcitabine-carboplatin.json,nccp-00310-v7,00310,Gemcitabine + Carboplatin AUC5,Neoadjuvant,,q21d,1,no,duration,sidecar generated
protocols/lung/00317-pemetrexed-cisplatin.json,nccp-00317-v7,00317,Pemetrexed + Cisplatin,Multiple indications,Indication-dependent,q21d,4,no,intent;duration,sidecar generated
protocols/lung/00318-pemetrexed-and-carboplatin-therapy.json,nccp-00318-v6,00318,Pemetrexed and Carboplatin Therapy,Neoadjuvant,,q21d,1,no,duration,sidecar generated
protocols/lung/00319-carboplatin-and-oral-etoposide-therapy-21-day.json,nccp-00319-v5,00319,Carboplatin and Oral Etoposide Therapy – 21 day,,,q21d,1,no,intent;duration,sidecar generated
protocols/lung/00339-vinorelbine-days-1-8-15-and-cisplatin-day-1-21-day.json,nccp-00339-v7,00339,"Vinorelbine Days 1, 8, 15 and Cisplatin Day 1 – 21 day",Adjuvant,,q21d,1,no,duration,sidecar generated
protocols/lung/00340-ceritinib-monotherapy.json,nccp-00340-v4,00340,Ceritinib Monotherapy,Advanced disease,,q1d,1,no,duration,sidecar generated
protocols/lung/00343-vinorelbine-and-cisplatin-therapy-28-day.json,nccp-00343-v7,00343,Vinorelbine and Cisplatin Therapy – 28 day,Adjuvant,,q28d,1,no,duration,sidecar generated
protocols/lung/00353-osimertinib-monotherapy.json,nccp-00353-v5,00353,Osimertinib Monotherapy,Adjuvant,,q1d,1,no,duration,sidecar generated
protocols/lung/00372-nintedanib-therapy-with-docetaxel.json,nccp-00372-v6,00372,Nintedanib Therapy with Docetaxel,,,q21d,1,no,intent;duration,sidecar generated
protocols/lung/00388-oral-etoposide-therapy.json,nccp-00388-v3,00388,Oral Etoposide Therapy,,,q21d,1,no,intent;duration,sidecar generated
protocols/lung/00401-alectinib-monotherapy.json,nccp-00401-v6,00401,Alectinib Monotherapy,Adjuvant,,q1d,1,no,duration,sidecar generated
protocols/lung/00456-cisplatin-50-mg-m2-etoposide-50-mg-m2-and-thoracic-radiotherapy-28-day.json,nccp-00456-v4,00456,"Cisplatin 50 mg/m², Etoposide 50 mg/m² and Thoracic Radiotherapy – 28 day",,,q28d,1,no,intent;duration,sidecar generated
protocols/lung/00544-atezolizumab-1200-mg-monotherapy-21-day.json,nccp-00544-v14,00544,Atezolizumab 1200 mg Monotherapy – 21 day,Adjuvant,,q21d,1,no,duration,sidecar generated
protocols/lung/00561-carboplatin-auc3-etoposide-50-mg-m2-and-thoracic-radiotherapy-28-day.json,nccp-00561-v4,00561,"Carboplatin AUC3, Etoposide 50 mg/m² and Thoracic Radiotherapy – 28 day",,,q28d,1,no,intent;duration,sidecar generated
protocols/lung/00562-brigatinib-therapy.json,nccp-00562-v3,00562,Brigatinib Therapy,Advanced disease,,q1d,1,no,duration,sidecar generated
protocols/lung/00565-dacomitinib-monotherapy.json,nccp-00565-v3,00565,Dacomitinib Monotherapy,Advanced disease,,q1d,1,no,duration,sidecar generated
protocols/lung/00568-pembrolizumab-pemetrexed-and-carboplatin-auc5-therapy.json,nccp-00568-v5,00568,"Pembrolizumab, Pemetrexed and Carboplatin AUC5 Therapy",Advanced disease,,q21d,1,no,duration,sidecar generated
protocols/lung/00569-pembrolizumab-pemetrexed-and-cisplatin-therapy.json,nccp-00569-v5,00569,"Pembrolizumab, Pemetrexed and Cisplatin Therapy",Advanced disease,,q21d,1,no,duration,sidecar generated
protocols/lung/00570-lorlatinib-therapy.json,nccp-00570-v3,00570,Lorlatinib Therapy,Advanced disease,,q1d,1,no,duration,sidecar generated
protocols/lung/00576-durvalumab-monotherapy-10-mg-kg-14-day.json,nccp-00576-v5,00576,Durvalumab Monotherapy 10 mg/kg – 14 day,,,q14d,1,no,intent;duration,sidecar generated
protocols/lung/00579-pembrolizumab-paclitaxel-and-carboplatin-auc6-therapy.json,nccp-00579-v5a,00579,"Pembrolizumab, Paclitaxel and Carboplatin AUC6 Therapy",Advanced disease,,q21d,1,no,duration,sidecar generated
protocols/lung/00587-topotecan-oral-monotherapy.json,nccp-00587-v2,00587,Topotecan Oral Monotherapy,,,q21d,1,no,intent;duration,sidecar generated
protocols/lung/00593-atezolizumab-maintenance.json,nccp-00593-v10a,00593,Atezolizumab monotherapy,Advanced disease,,q28d,1,no,duration,sidecar generated
protocols/lung/00614-carboplatin-and-vinorelbine-therapy-21-day.json,nccp-00614-v4,00614,Carboplatin and Vinorelbine Therapy – 21 day,Advanced disease,,q21d,1,no,duration,sidecar generated
protocols/lung/00655-durvalumab-maintenance.json,nccp-00655-v3a,00655,Durvalumab monotherapy,Multiple indications,13 cycles,q28d,2,no,intent,sidecar generated
protocols/lung/00689-atezolizumab-carboplatin-etoposide.json,nccp-00689-v4,00689,Atezolizumab + Carboplatin + Etoposide,Multiple indications,,q21d,2,no,intent;duration_multiphase;duration,sidecar generated
protocols/lung/00702-entrectinib-monotherapy-adult.json,nccp-00702-v2,00702,Entrectinib Monotherapy – Adult,Advanced disease,,q1d,1,no,duration,sidecar generated
protocols/lung/00712-nivolumab-ipilimumab-carboplatin-and-paclitaxel-therapy.json,nccp-00712-v3a,00712,"Nivolumab, Ipilimumab, Carboplatin and Paclitaxel Therapy",Advanced disease,,q21d,1,no,duration,sidecar generated
protocols/lung/00713-nivolumab-ipilimumab-pemetrexed-and-carboplatin-therapy.json,nccp-00713-v4,00713,"Nivolumab, Ipilimumab, Pemetrexed and Carboplatin Therapy",Advanced disease,,q21d,1,no,duration,sidecar generated
protocols/lung/00714-nivolumab-ipilimumab-pemetrexed-and-cisplatin-therapy.json,nccp-00714-v4,00714,"Nivolumab, Ipilimumab, Pemetrexed and Cisplatin Therapy",Advanced disease,,q21d,1,no,duration,sidecar generated
protocols/lung/00792-nivolumab-360-mg-and-ipilimumab-1-mg-kg-therapy.json,nccp-00792-v2,00792,Nivolumab 360 mg and Ipilimumab 1 mg/kg Therapy,,,q21d,1,no,intent;duration,sidecar generated
protocols/lung/00823-tepotinib-therapy.json,nccp-00823-v2,00823,Tepotinib Therapy,Advanced disease,,q1d,1,no,duration,sidecar generated
protocols/lung/00849-nivolumab-360-mg-and-platinum-based-chemotherapy.json,nccp-00849-v2,00849,Nivolumab 360 mg and Platinum-Based Chemotherapy,Neoadjuvant,,q21d,1,no,duration,sidecar generated
protocols/lung/00908-serplulimab-carboplatin-auc5-and-etoposide-100-mg-m2-21-day.json,nccp-00908-v1a,00908,"Serplulimab, Carboplatin AUC5 and Etoposide 100 mg/m² – 21 day",,,q21d,1,no,intent;duration,sidecar generated
protocols/neuro-oncology/00334-temozolomide-with-radiotherapy-and-adjuvant-therapy.json,nccp-00334-v4,00334,Temozolomide with Radiotherapy and Adjuvant Therapy,Adjuvant,,q28d,1,no,duration,sidecar generated
protocols/neuro-oncology/00342-temozolomide-recurrent-therapy.json,nccp-00342-v4,00342,Temozolomide Recurrent Therapy,Advanced disease,,q28d,1,no,duration,sidecar generated
protocols/neuro-oncology/00379-procarbazine-lomustine-and-vincristine-pcv-therapy-42-day.json,nccp-00379-v4,00379,"Procarbazine, Lomustine and Vincristine (PCV) Therapy – 42 Day",Adjuvant / Palliative,,q42d,2,no,duration,sidecar generated
protocols/neuro-oncology/00461-temozolomide-with-radiotherapy-and-adjuvant-therapy-patients-greater-than-65-years.json,nccp-00461-v3,00461,Temozolomide with Radiotherapy and Adjuvant Therapy – Patients Greater Than 65 Years,,,q28d,1,no,intent;duration,sidecar generated
protocols/neuro-oncology/00658-procarbazine-lomustine-and-vincristine-pcv-therapy-56-day.json,nccp-00658-v2,00658,"Procarbazine, Lomustine and Vincristine (PCV) Therapy – 56 Day",Adjuvant,6 cycles,q56d,1,yes,,sidecar generated
protocols/neuro-oncology/00742-lomustine-and-bevacizumab-5-mg-kg-therapy.json,nccp-00742-v3,00742,Lomustine and Bevacizumab 5 mg/kg Therapy,Advanced disease,Up to 6 cycles,q42d,1,yes,,sidecar generated
protocols/neuro-oncology/00804-lomustine-and-bevacizumab-7-5-mg-kg-therapy.json,nccp-00804-v2,00804,Lomustine and Bevacizumab 7.5 mg/kg Therapy,Advanced disease,Up to 6 cycles,q42d,1,yes,,sidecar generated
protocols/neuro-oncology/00805-lomustine-130-mg-m2-therapy.json,nccp-00805-v2,00805,Lomustine 130 mg/m² Therapy,Advanced disease,,q42d,1,no,duration,sidecar generated
protocols/neuro-oncology/00806-cisplatin-lomustine-and-vincristine-clv-therapy.json,nccp-00806-v2,00806,"Cisplatin, Lomustine and Vincristine (CLV) Therapy",,8 cycles,q42d,1,no,intent,sidecar generated
protocols/neuro-oncology/00813-bevacizumab-5-mg-kg-monotherapy-14-day.json,nccp-00813-v2,00813,Bevacizumab 5 mg/kg Monotherapy – 14 Day,Advanced disease,Until progression/toxicity,q14d,1,yes,,sidecar generated
protocols/sarcoma/00100-mifamurtide-therapy.json,nccp-00100-v6,00100,Mifamurtide Therapy,Advanced disease,,q7d,1,no,duration,sidecar generated
protocols/sarcoma/00335-imatinib-therapy-gist.json,nccp-00335-v4,00335,Imatinib Therapy – GIST,Adjuvant,,q1d,1,no,duration,sidecar generated
protocols/sarcoma/00374-trabectedin-monotherapy.json,nccp-00374-v4,00374,Trabectedin Monotherapy,Advanced disease,,q21d,1,no,duration,sidecar generated
protocols/sarcoma/00391-doxorubicin-60-mg-m2-and-ifosfamide-therapy.json,nccp-00391-v5,00391,Doxorubicin 60 mg/m² and Ifosfamide Therapy,Advanced disease,,q21d,1,no,duration,sidecar generated
protocols/sarcoma/00392-doxorubicin-75-mg-m2-and-ifosfamide-therapy.json,nccp-00392-v5,00392,Doxorubicin 75 mg/m² and Ifosfamide Therapy,Neoadjuvant,,q21d,1,no,duration,sidecar generated
protocols/sarcoma/00420-doxorubicin-25-mg-m2-day-and-cisplatin-100-mg-m2-therapy-21-day.json,nccp-00420-v4,00420,Doxorubicin 25 mg/m²/day and Cisplatin 100 mg/m² Therapy – 21 day,Neoadjuvant,,q21d,1,no,duration,sidecar generated
protocols/sarcoma/00462-pegylated-liposomal-doxorubicin-20-mg-m2-21-day.json,nccp-00462-v4,00462,Pegylated Liposomal Doxorubicin 20 mg/m² – 21 day,,,q21d,1,no,intent;duration,sidecar generated
protocols/sarcoma/00463-map-therapy-methotrexate-doxorubicin-and-cisplatin.json,nccp-00463-v4,00463,"MAP Therapy – Methotrexate, Doxorubicin and Cisplatin",Neoadjuvant,,q35d,1,no,duration,sidecar generated
protocols/sarcoma/00500-doxorubicin-75-mg-m2-monotherapy.json,nccp-00500-v3,00500,Doxorubicin 75 mg/m² Monotherapy,Advanced disease,,q21d,1,no,duration,sidecar generated
protocols/sarcoma/00501-gemcitabine-and-docetaxel-therapy-21-day.json,nccp-00501-v4,00501,Gemcitabine and Docetaxel Therapy – 21 day,Advanced disease,,q21d,1,no,duration,sidecar generated
protocols/sarcoma/00504-irinotecan-and-temozolomide-therapy-21-day.json,nccp-00504-v2,00504,Irinotecan and Temozolomide Therapy – 21 day,,,q21d,1,no,intent;duration,sidecar generated
protocols/sarcoma/00511-dacarbazine-1-2-g-m2-therapy-21-day.json,nccp-00511-v2,00511,Dacarbazine 1.2 g/m² Therapy – 21 day,Advanced disease,,q21d,1,no,duration,sidecar generated
protocols/sarcoma/00554-vinblastine-and-methotrexate-therapy.json,nccp-00554-v2,00554,Vinblastine and Methotrexate Therapy,Advanced disease,,q28d,1,no,duration,sidecar generated
protocols/sarcoma/00596-ifosfamide-and-etoposide-ie-therapy.json,nccp-00596-v2,00596,Ifosfamide and Etoposide (IE) Therapy,,,q21d,1,no,intent;duration,sidecar generated
protocols/sarcoma/00675-ie-vac-therapy-two-weekly-intervals.json,nccp-00675-v2,00675,IE–VAC Therapy – Two Weekly Intervals,,,,1,no,intent;cycle_length_varies;duration;cycle_length,sidecar generated
protocols/sarcoma/00680-high-dose-ifosfamide-therapy-21-day.json,nccp-00680-v2,00680,High Dose Ifosfamide Therapy – 21 day,Advanced disease,,q21d,1,no,duration,sidecar generated
protocols/sarcoma/00747-ie-vac-therapy-three-weekly-intervals.json,nccp-00747-v2,00747,IE–VAC Therapy – Three Weekly Intervals,,,,1,no,intent;cycle_length_varies;duration;cycle_length,sidecar generated
protocols/sarcoma/00754-ifosfamide-vincristine-doxorubicin-and-dactinomycin-ivado-therapy.json,nccp-00754-v3,00754,"Ifosfamide, Vincristine, Doxorubicin and Dactinomycin (IVADo) Therapy",,,q21d,1,no,intent;duration,sidecar generated
protocols/sarcoma/00757-vincristine-irinotecan-and-temozolomide-vit-therapy.json,nccp-00757-v2,00757,"Vincristine, Irinotecan and Temozolomide (VIT) Therapy",,,q21d,1,no,intent;duration,sidecar generated
protocols/shared/00214-bevacizumab-7-5-mg-kg-21-days.json,nccp-00214-v8,00214,Bevacizumab 7.5 mg/kg – 21 days,Advanced disease,,q21d,2,no,duration,sidecar generated
protocols/shared/00215-bevacizumab-15mgkg.json,nccp-00215-v7,00215,Bevacizumab 15 mg/kg monotherapy / continuation,Multiple indications,,q21d,7,no,duration;intent,sidecar generated
protocols/shared/00226-paclitaxel-monotherapy-weekly.json,nccp-00226-v9,00226,Weekly paclitaxel,Advanced disease,,q28d,1,no,duration,sidecar generated
protocols/shared/00279-cisplatin-75-mg-m2-etoposide-100-mg-m2-and-radiotherapy-21-day.json,nccp-00279-v7,00279,"Cisplatin 75 mg/m², Etoposide 100 mg/m² and Radiotherapy – 21 day",Multiple indications,,q21d,2,no,intent;duration,sidecar generated
protocols/shared/00284-gemcitabine-1000-mg-m2-monotherapy-28-day.json,nccp-00284-v5,00284,Gemcitabine 1000 mg/m² Monotherapy – 28 day,Adjuvant / Advanced disease,,q28d,2,no,duration,sidecar generated
protocols/shared/00311-topotecan-monotherapy-5-day.json,nccp-00311-v4,00311,Topotecan Monotherapy – 5 day,Multiple indications,,q21d,2,no,intent;duration,sidecar generated
protocols/shared/00320-everolimus-monotherapy.json,nccp-00320-v6,00320,Everolimus Monotherapy,Advanced disease,Until progression/toxicity,q28d,1,yes,,sidecar generated
protocols/shared/00325-sunitinib-50-mg-therapy-42-day.json,nccp-00325-v6,00325,Sunitinib 50 mg Therapy – 42 day,Advanced disease,Until progression/toxicity,q42d,1,yes,,sidecar generated
protocols/shared/00445-pazopanib-monotherapy.json,nccp-00445-v3,00445,Pazopanib Monotherapy,Advanced disease,Until progression/toxicity,q1d,1,yes,,sidecar generated
protocols/shared/00455-pembrolizumab-200-mg-monotherapy.json,nccp-00455-v15b,00455,Pembrolizumab 200 mg Monotherapy,Multiple indications,Indication-dependent,q21d,5,no,duration;intent,sidecar generated
protocols/shared/00483-nivolumab-monotherapy-14-day.json,nccp-00483-v13a,00483,Nivolumab Monotherapy – 14 day,Neoadjuvant / Advanced disease / Adjuvant,Indication-dependent,q14d,4,no,duration,sidecar generated
protocols/shared/00484-nivolumab-monotherapy-28-day.json,nccp-00484-v13a,00484,Nivolumab Monotherapy – 28 day,Neoadjuvant / Advanced disease / Adjuvant,Indication-dependent,q28d,4,no,duration,sidecar generated
protocols/shared/00551-nivolumab-3-mg-kg-with-ipilimumab-1-mg-kg-therapy.json,nccp-00551-v7,00551,Nivolumab 3 mg/kg with Ipilimumab 1 mg/kg Therapy,Advanced disease,Indication-dependent,q21d,2,no,duration,sidecar generated
protocols/shared/00558-pembrolizumab-400mg-monotherapy.json,nccp-00558-v12b,00558,Pembrolizumab 400 mg monotherapy,Advanced disease / Adjuvant,Indication-dependent,Variable schedule,4,no,duration,sidecar generated
protocols/shared/00588-olaparib-tablet-monotherapy.json,nccp-00588-v5b,00588,Olaparib monotherapy,Advanced disease,Until progression/toxicity,q28d,1,yes,,sidecar generated
protocols/shared/00592-atezolizumab-840-mg-monotherapy-14-day.json,nccp-00592-v3,00592,Atezolizumab 840 mg Monotherapy – 14 day,Adjuvant,,q14d,1,no,duration,sidecar generated
protocols/shared/00719-sunitinib-50-mg-therapy-21-day.json,nccp-00719-v2,00719,Sunitinib 50 mg Therapy – 21 day,Advanced disease,Until progression/toxicity,q21d,1,yes,,sidecar generated
protocols/skin/00102-vemurafenib-monotherapy.json,nccp-00102-v6,00102,Vemurafenib Monotherapy,Advanced disease,Until progression/toxicity,q28d,1,yes,,sidecar generated
protocols/skin/00105-ipilimumab-monotherapy.json,nccp-00105-v7,00105,Ipilimumab Monotherapy,Advanced disease,4 cycles,q21d,1,yes,,sidecar generated
protocols/skin/00236-vismodegib-monotherapy.json,nccp-00236-v3,00236,Vismodegib Monotherapy,Advanced disease,Until progression/toxicity,q28d,1,yes,,sidecar generated
protocols/skin/00237-dabrafenib-monotherapy.json,nccp-00237-v6,00237,Dabrafenib Monotherapy,Advanced disease,Until progression/toxicity,q28d,1,yes,,sidecar generated
protocols/skin/00373-cobimetinib-and-vemurafenib-therapy.json,nccp-00373-v3,00373,Cobimetinib and Vemurafenib Therapy,Advanced disease,Until progression/toxicity,q28d,1,yes,,sidecar generated
protocols/skin/00415-trametinib-and-dabrafenib-therapy.json,nccp-00415-v4,00415,Trametinib and Dabrafenib Therapy,Advanced disease / Adjuvant,Indication-dependent,q28d,2,no,duration,sidecar generated
protocols/skin/00431-nivolumab-1-mg-kg-and-ipilimumab-3-mg-kg-therapy.json,nccp-00431-v10,00431,Nivolumab 1 mg/kg and Ipilimumab 3 mg/kg Therapy,Advanced disease,Until progression/toxicity,q21d,1,yes,,sidecar generated
protocols/skin/00464-dacarbazine-therapy.json,nccp-00464-v3,00464,Dacarbazine Therapy,Advanced disease,6 cycles,q21d,1,yes,,sidecar generated
protocols/skin/00563-encorafenib-and-binimetinib-therapy.json,nccp-00563-v3,00563,Encorafenib and Binimetinib Therapy,Advanced disease,Until progression/toxicity,q28d,1,yes,,sidecar generated
