protocol_id,nccp_code,title,field,original_label,display_label,component,protocol_path,basis
nccp-00200-vcurrent,00200,Trastuzumab Intravenous Monotherapy – 21 days,hypersensitivity_grade,Infusion/hypersensitivity reaction grade,Infusion/hypersensitivity reaction grade (Trastuzumab),Trastuzumab,protocols/breast/00200-trastuzumab-iv-q21d.json,encoded rule action component
nccp-00200-vcurrent,00200,Trastuzumab Intravenous Monotherapy – 21 days,relevant_drug_hypersensitivity,Relevant drug hypersensitivity before treatment,Relevant drug hypersensitivity before treatment (Trastuzumab),Trastuzumab,protocols/breast/00200-trastuzumab-iv-q21d.json,encoded rule action component
nccp-00201-v6,00201,Trastuzumab Intravenous Monotherapy – 7 days,hypersensitivity_grade,Infusion/hypersensitivity reaction grade,Infusion/hypersensitivity reaction grade (Trastuzumab),Trastuzumab,protocols/breast/00201-trastuzumab-iv-weekly.json,encoded rule action component
nccp-00201-v6,00201,Trastuzumab Intravenous Monotherapy – 7 days,relevant_drug_hypersensitivity,Relevant drug hypersensitivity before treatment,Relevant drug hypersensitivity before treatment (Trastuzumab),Trastuzumab,protocols/breast/00201-trastuzumab-iv-weekly.json,encoded rule action component
nccp-00204-v11,00204,"Pertuzumab, Trastuzumab and Docetaxel Therapy – 21 day cycle",neuropathy_grade,Peripheral neuropathy grade,Peripheral neuropathy grade (Docetaxel),Docetaxel,protocols/breast/00204-pertuzumab-trastuzumab-docetaxel.json,encoded rule action component
nccp-00204-v11,00204,"Pertuzumab, Trastuzumab and Docetaxel Therapy – 21 day cycle",skin_reaction_grade,Skin reaction grade,Skin reaction grade (Docetaxel),Docetaxel,protocols/breast/00204-pertuzumab-trastuzumab-docetaxel.json,encoded rule action component
nccp-00204-v11,00204,"Pertuzumab, Trastuzumab and Docetaxel Therapy – 21 day cycle",stomatitis_grade,Stomatitis grade,Stomatitis grade (Docetaxel),Docetaxel,protocols/breast/00204-pertuzumab-trastuzumab-docetaxel.json,encoded rule action component
nccp-00206-vcurrent,00206,Trastuzumab Emtansine (T-DM1) Therapy – 21 days,hypersensitivity,Hypersensitivity to trastuzumab emtansine/excipients,Hypersensitivity to trastuzumab emtansine/excipients,Trastuzumab Emtansine,protocols/breast/00206-t-dm1-metastatic.json,encoded rule action component
nccp-00206-vcurrent,00206,Trastuzumab Emtansine (T-DM1) Therapy – 21 days,peripheral_neuropathy_grade,Peripheral neuropathy grade,Peripheral neuropathy grade (Trastuzumab Emtansine),Trastuzumab Emtansine,protocols/breast/00206-t-dm1-metastatic.json,encoded rule action component
nccp-00206-vcurrent,00206,Trastuzumab Emtansine (T-DM1) Therapy – 21 days,pulmonary_toxicity,Interstitial lung disease / pneumonitis,Interstitial lung disease / pneumonitis (Trastuzumab Emtansine),Trastuzumab Emtansine,protocols/breast/00206-t-dm1-metastatic.json,encoded rule action component
nccp-00217-vcurrent,00217,Lapatinib and Capecitabine Therapy - 21 days,hand_foot_grade,Palmar-plantar erythrodysaesthesia grade,Palmar-plantar erythrodysaesthesia grade (Capecitabine),Capecitabine,protocols/breast/00217-lapatinib-capecitabine.json,encoded rule action component
nccp-00230-v7,00230,nab-Paclitaxel Monotherapy - 21 day,hypersensitivity,Relevant drug/excipient hypersensitivity,Relevant drug/excipient hypersensitivity (Nab Paclitaxel),Nab Paclitaxel,protocols/breast/00230-nab-paclitaxel-q21d.json,encoded rule action component
nccp-00230-v7,00230,nab-Paclitaxel Monotherapy - 21 day,neuropathy_grade,Motor/sensory neuropathy grade,Motor/sensory neuropathy grade (Nab Paclitaxel),Nab Paclitaxel,protocols/breast/00230-nab-paclitaxel-q21d.json,encoded rule action component
nccp-00250-v8,00250,Docetaxel / Cyclophosphamide (TC) Therapy – 21 day,neuropathy_grade,Peripheral neuropathy grade,Peripheral neuropathy grade (Docetaxel),Docetaxel,protocols/breast/00250-docetaxel-cyclophosphamide.json,encoded rule action component
nccp-00253-vcurrent,00253,Tamoxifen Monotherapy,tamoxifen_hypersensitivity,Tamoxifen/excipient hypersensitivity,Tamoxifen/excipient hypersensitivity,Tamoxifen,protocols/breast/00253-tamoxifen.json,encoded rule action component
nccp-00253-vcurrent,00253,Tamoxifen Monotherapy,other_toxicity_grade,Other treatment-related toxicity grade,Other treatment-related toxicity grade (Tamoxifen),Tamoxifen,protocols/breast/00253-tamoxifen.json,encoded rule action component
nccp-00272-v4,00272,Trastuzumab Subcutaneous 21 days – Metastatic Breast Cancer,hypersensitivity_grade,Infusion/hypersensitivity reaction grade,Infusion/hypersensitivity reaction grade (Trastuzumab),Trastuzumab,protocols/breast/00272-trastuzumab-sc-q21d-metastatic.json,encoded rule action component
nccp-00272-v4,00272,Trastuzumab Subcutaneous 21 days – Metastatic Breast Cancer,relevant_drug_hypersensitivity,Relevant drug hypersensitivity before treatment,Relevant drug hypersensitivity before treatment (Trastuzumab),Trastuzumab,protocols/breast/00272-trastuzumab-sc-q21d-metastatic.json,encoded rule action component
nccp-00285-v4,00285,Trastuzumab Subcutaneous 21 days – Early Breast Cancer,hypersensitivity_grade,Infusion/hypersensitivity reaction grade,Infusion/hypersensitivity reaction grade (Trastuzumab),Trastuzumab,protocols/breast/00285-trastuzumab-sc-q21d-ebc.json,encoded rule action component
nccp-00285-v4,00285,Trastuzumab Subcutaneous 21 days – Early Breast Cancer,relevant_drug_hypersensitivity,Relevant drug hypersensitivity before treatment,Relevant drug hypersensitivity before treatment (Trastuzumab),Trastuzumab,protocols/breast/00285-trastuzumab-sc-q21d-ebc.json,encoded rule action component
nccp-00414-vcurrent,00414,Palbociclib Therapy - 28 day,fever_or_infection,Fever ≥38.5°C and/or infection with grade 3 neutropenia,Fever ≥38.5°C and/or infection with grade 3 neutropenia (Palbociclib),Palbociclib,protocols/breast/00414-palbociclib.json,encoded rule action component
nccp-00414-vcurrent,00414,Palbociclib Therapy - 28 day,prolonged_or_recurrent_grade3,Prolonged (>1 week) or recurrent grade 3 neutropenia on Day 1,Prolonged (>1 week) or recurrent grade 3 neutropenia on Day 1 (Palbociclib),Palbociclib,protocols/breast/00414-palbociclib.json,encoded rule action component
nccp-00430-v6,00430,Gemcitabine and Carboplatin AUC2 - 21 day,pneumonitis_grade,Pneumonitis grade,Pneumonitis grade (Gemcitabine),Gemcitabine,protocols/breast/00430-gemcitabine-carboplatin.json,encoded rule action component
nccp-00430-v6,00430,Gemcitabine and Carboplatin AUC2 - 21 day,scar_status,Severe cutaneous adverse reaction,Severe cutaneous adverse reaction (Gemcitabine),Gemcitabine,protocols/breast/00430-gemcitabine-carboplatin.json,encoded rule action component
nccp-00512-v5,00512,Paclitaxel 80 mg/m² and Trastuzumab Therapy – 7 day (12 weeks),neuropathy_grade,Peripheral neuropathy grade,Peripheral neuropathy grade (Paclitaxel),Paclitaxel,protocols/breast/00512-paclitaxel-trastuzumab-weekly.json,encoded rule action component
nccp-00512-v5,00512,Paclitaxel 80 mg/m² and Trastuzumab Therapy – 7 day (12 weeks),trastuzumab_infusion_reaction_grade,Trastuzumab infusion reaction grade,Trastuzumab infusion reaction grade,Trastuzumab,protocols/breast/00512-paclitaxel-trastuzumab-weekly.json,encoded rule action component
nccp-00525-vcurrent,00525,Ribociclib Therapy (Metastatic) - 28 day,nonhaem_toxicity_grade,Other non-haematological toxicity (CTCAE),Other non-haematological toxicity (CTCAE) (Ribociclib),Ribociclib,protocols/breast/00525-ribociclib-metastatic.json,encoded rule action component
nccp-00526-v5,00526,"Pertuzumab, Trastuzumab and Vinorelbine - 21 day",hypersensitivity,Relevant drug/excipient hypersensitivity,Relevant drug/excipient hypersensitivity (Vinorelbine),Vinorelbine,protocols/breast/00526-pertuzumab-trastuzumab-vinorelbine.json,encoded rule action component
nccp-00526-v5,00526,"Pertuzumab, Trastuzumab and Vinorelbine - 21 day",neuropathy_grade,Peripheral neuropathy grade,Peripheral neuropathy grade (Vinorelbine),Vinorelbine,protocols/breast/00526-pertuzumab-trastuzumab-vinorelbine.json,encoded rule action component
nccp-00526-v5,00526,"Pertuzumab, Trastuzumab and Vinorelbine - 21 day",constipation_grade,Constipation grade,Constipation grade (Vinorelbine),Vinorelbine,protocols/breast/00526-pertuzumab-trastuzumab-vinorelbine.json,encoded rule action component
nccp-00526-v5,00526,"Pertuzumab, Trastuzumab and Vinorelbine - 21 day",other_toxicity_grade,Other toxicity grade,Other toxicity grade (Vinorelbine),Vinorelbine,protocols/breast/00526-pertuzumab-trastuzumab-vinorelbine.json,encoded rule action component
nccp-00545-v3,00545,Zoledronic Acid Monotherapy,relevant_drug_hypersensitivity,Hypersensitivity to zoledronic acid/bisphosphonates,Hypersensitivity to zoledronic acid/bisphosphonates,Zoledronic Acid,protocols/breast/00545-zoledronic-acid-adjuvant.json,encoded rule action component
nccp-00605-v2,00605,Talazoparib Therapy,nonhaem_toxicity_grade,Worst non-haematological toxicity grade,Worst non-haematological toxicity grade (Talazoparib),Talazoparib,protocols/breast/00605-talazoparib.json,encoded rule action component
nccp-00659-v2,00659,Trastuzumab Emtansine (Kadcyla®) Early Breast Cancer Therapy - 21 days,hypersensitivity,Hypersensitivity to trastuzumab emtansine/excipients,Hypersensitivity to trastuzumab emtansine/excipients,Trastuzumab Emtansine,protocols/breast/00659-t-dm1-early-breast.json,encoded rule action component
nccp-00659-v2,00659,Trastuzumab Emtansine (Kadcyla®) Early Breast Cancer Therapy - 21 days,peripheral_neuropathy_grade,Peripheral neuropathy grade,Peripheral neuropathy grade (Trastuzumab Emtansine),Trastuzumab Emtansine,protocols/breast/00659-t-dm1-early-breast.json,encoded rule action component
nccp-00659-v2,00659,Trastuzumab Emtansine (Kadcyla®) Early Breast Cancer Therapy - 21 days,pulmonary_toxicity,Interstitial lung disease / pneumonitis,Interstitial lung disease / pneumonitis (Trastuzumab Emtansine),Trastuzumab Emtansine,protocols/breast/00659-t-dm1-early-breast.json,encoded rule action component
nccp-00688-v2a,00688,Atezolizumab and nab-Paclitaxel,hypersensitivity,Relevant drug hypersensitivity,Relevant drug hypersensitivity (Atezolizumab),Atezolizumab,protocols/breast/00688-atezolizumab-nab-paclitaxel.json,encoded rule action component
nccp-00688-v2a,00688,Atezolizumab and nab-Paclitaxel,pneumonitis_grade,Immune-mediated pneumonitis / interstitial lung disease grade,Immune-mediated pneumonitis / interstitial lung disease grade (Atezolizumab),Atezolizumab,protocols/breast/00688-atezolizumab-nab-paclitaxel.json,encoded rule action component
nccp-00688-v2a,00688,Atezolizumab and nab-Paclitaxel,diarrhoea_colitis_grade,Immune-mediated diarrhoea / colitis grade,Immune-mediated diarrhoea / colitis grade (Atezolizumab),Atezolizumab,protocols/breast/00688-atezolizumab-nab-paclitaxel.json,encoded rule action component
nccp-00688-v2a,00688,Atezolizumab and nab-Paclitaxel,endocrine_status,Immune-mediated endocrine status,Immune-mediated endocrine status (Atezolizumab),Atezolizumab,protocols/breast/00688-atezolizumab-nab-paclitaxel.json,encoded rule action component
nccp-00688-v2a,00688,Atezolizumab and nab-Paclitaxel,rash_grade,Immune-mediated rash / dermatitis grade,Immune-mediated rash / dermatitis grade (Atezolizumab),Atezolizumab,protocols/breast/00688-atezolizumab-nab-paclitaxel.json,encoded rule action component
nccp-00688-v2a,00688,Atezolizumab and nab-Paclitaxel,scar_status,Severe cutaneous adverse reaction (SCAR) status,Severe cutaneous adverse reaction (SCAR) status (Atezolizumab),Atezolizumab,protocols/breast/00688-atezolizumab-nab-paclitaxel.json,encoded rule action component
nccp-00688-v2a,00688,Atezolizumab and nab-Paclitaxel,myocarditis_grade,Immune-mediated myocarditis grade,Immune-mediated myocarditis grade (Atezolizumab),Atezolizumab,protocols/breast/00688-atezolizumab-nab-paclitaxel.json,encoded rule action component
nccp-00688-v2a,00688,Atezolizumab and nab-Paclitaxel,myositis_grade,Immune-mediated myositis / polymyositis grade,Immune-mediated myositis / polymyositis grade (Atezolizumab),Atezolizumab,protocols/breast/00688-atezolizumab-nab-paclitaxel.json,encoded rule action component
nccp-00688-v2a,00688,Atezolizumab and nab-Paclitaxel,serious_neurological_irae_grade,Serious immune-mediated neurological syndrome grade,Serious immune-mediated neurological syndrome grade (Atezolizumab),Atezolizumab,protocols/breast/00688-atezolizumab-nab-paclitaxel.json,encoded rule action component
nccp-00688-v2a,00688,Atezolizumab and nab-Paclitaxel,infusion_reaction_grade,Infusion-related reaction grade,Infusion-related reaction grade (Atezolizumab),Atezolizumab,protocols/breast/00688-atezolizumab-nab-paclitaxel.json,encoded rule action component
nccp-00688-v2a,00688,Atezolizumab and nab-Paclitaxel,other_immune_toxicity_grade,Other immune-mediated toxicity grade,Other immune-mediated toxicity grade (Atezolizumab),Atezolizumab,protocols/breast/00688-atezolizumab-nab-paclitaxel.json,encoded rule action component
nccp-00688-v2a,00688,Atezolizumab and nab-Paclitaxel,recurrent_grade_3_immune_toxicity,Recurrent grade 3 immune-mediated toxicity,Recurrent grade 3 immune-mediated toxicity (Atezolizumab),Atezolizumab,protocols/breast/00688-atezolizumab-nab-paclitaxel.json,encoded rule action component
nccp-00688-v2a,00688,Atezolizumab and nab-Paclitaxel,pancreatitis_grade,Immune-mediated pancreatitis grade,Immune-mediated pancreatitis grade (Atezolizumab),Atezolizumab,protocols/breast/00688-atezolizumab-nab-paclitaxel.json,encoded rule action component
nccp-00688-v2a,00688,Atezolizumab and nab-Paclitaxel,pericardial_disorder_grade,Immune-mediated pericardial disorder grade,Immune-mediated pericardial disorder grade (Atezolizumab),Atezolizumab,protocols/breast/00688-atezolizumab-nab-paclitaxel.json,encoded rule action component
nccp-00688-v2a,00688,Atezolizumab and nab-Paclitaxel,peripheral_neuropathy_grade,Peripheral neuropathy grade,Peripheral neuropathy grade (Nab Paclitaxel),Nab Paclitaxel,protocols/breast/00688-atezolizumab-nab-paclitaxel.json,encoded rule action component
nccp-00720-v2,00720,Neratinib Therapy,hypersensitivity,Relevant drug/excipient hypersensitivity,Relevant drug/excipient hypersensitivity (Neratinib),Neratinib,protocols/breast/00720-neratinib-extended-adjuvant.json,encoded rule action component
nccp-00720-v2,00720,Neratinib Therapy,diarrhoea_grade,Diarrhoea grade,Diarrhoea grade (Neratinib),Neratinib,protocols/breast/00720-neratinib-extended-adjuvant.json,encoded rule action component
nccp-00720-v2,00720,Neratinib Therapy,other_toxicity_grade,Other treatment-related toxicity grade,Other treatment-related toxicity grade (Neratinib),Neratinib,protocols/breast/00720-neratinib-extended-adjuvant.json,encoded rule action component
nccp-00720-v2,00720,Neratinib Therapy,alt_grade,ALT/AST elevation grade,ALT/AST elevation grade (Neratinib),Neratinib,protocols/breast/00720-neratinib-extended-adjuvant.json,encoded rule action component
nccp-00720-v2,00720,Neratinib Therapy,bilirubin_grade,Bilirubin elevation grade,Bilirubin elevation grade (Neratinib),Neratinib,protocols/breast/00720-neratinib-extended-adjuvant.json,encoded rule action component
nccp-00720-v2,00720,Neratinib Therapy,gi_disease_diarrhoea,GI disease with diarrhoea as major symptom,GI disease with diarrhoea as major symptom (Neratinib),Neratinib,protocols/breast/00720-neratinib-extended-adjuvant.json,encoded rule action component
nccp-00720-v2,00720,Neratinib Therapy,complicated_diarrhoea,"Complicated diarrhoea features (dehydration, fever, hypotension, renal failure or grade 3-4 neutropenia)","Complicated diarrhoea features (dehydration, fever, hypotension, renal failure or grade 3-4 neutropenia) (Neratinib)",Neratinib,protocols/breast/00720-neratinib-extended-adjuvant.json,encoded rule action component
nccp-00720-v2,00720,Neratinib Therapy,toxicity_delay_weeks,Treatment delay for toxicity (weeks),Treatment delay for toxicity (weeks) (Neratinib),Neratinib,protocols/breast/00720-neratinib-extended-adjuvant.json,encoded rule action component
nccp-00736-v2,00736,nab-Paclitaxel Weekly Monotherapy - 28 day,hypersensitivity,Relevant drug/excipient hypersensitivity,Relevant drug/excipient hypersensitivity (Nab Paclitaxel),Nab Paclitaxel,protocols/breast/00736-nab-paclitaxel-weekly.json,encoded rule action component
nccp-00736-v2,00736,nab-Paclitaxel Weekly Monotherapy - 28 day,neuropathy_grade,Motor/sensory neuropathy grade,Motor/sensory neuropathy grade (Nab Paclitaxel),Nab Paclitaxel,protocols/breast/00736-nab-paclitaxel-weekly.json,encoded rule action component
nccp-00738-v3,00738,Bevacizumab 10 mg/kg and Paclitaxel 80 mg/m2,neuropathy_grade,Neuropathy grade,Neuropathy grade (Paclitaxel),Paclitaxel,protocols/breast/00738-bevacizumab-paclitaxel.json,encoded rule action component
nccp-00738-v3,00738,Bevacizumab 10 mg/kg and Paclitaxel 80 mg/m2,other_nonhaem_toxicity_grade,Other non-haematological toxicity grade,Other non-haematological toxicity grade (Paclitaxel),Paclitaxel,protocols/breast/00738-bevacizumab-paclitaxel.json,encoded rule action component
nccp-00738-v3,00738,Bevacizumab 10 mg/kg and Paclitaxel 80 mg/m2,grade4_fistula,Tracheoesophageal or grade 4 fistula,Tracheoesophageal or grade 4 fistula (Bevacizumab),Bevacizumab,protocols/breast/00738-bevacizumab-paclitaxel.json,encoded rule action component
nccp-00738-v3,00738,Bevacizumab 10 mg/kg and Paclitaxel 80 mg/m2,grade4_thromboembolism,Grade 4 thromboembolic event,Grade 4 thromboembolic event (Bevacizumab),Bevacizumab,protocols/breast/00738-bevacizumab-paclitaxel.json,encoded rule action component
nccp-00738-v3,00738,Bevacizumab 10 mg/kg and Paclitaxel 80 mg/m2,haemorrhage_grade,Haemorrhage grade,Haemorrhage grade (Bevacizumab),Bevacizumab,protocols/breast/00738-bevacizumab-paclitaxel.json,encoded rule action component
nccp-00776-v3b,00776,Trastuzumab Deruxtecan 5.4 mg/kg (Enhertu) Therapy,hypersensitivity,Hypersensitivity to trastuzumab deruxtecan/excipients,Hypersensitivity to trastuzumab deruxtecan/excipients,Trastuzumab Deruxtecan,protocols/breast/00776-trastuzumab-deruxtecan.json,encoded rule action component
nccp-00776-v3b,00776,Trastuzumab Deruxtecan 5.4 mg/kg (Enhertu) Therapy,history_ild_pneumonitis,History of ILD or pneumonitis,History of ILD or pneumonitis (Trastuzumab Deruxtecan),Trastuzumab Deruxtecan,protocols/breast/00776-trastuzumab-deruxtecan.json,encoded rule action component
nccp-00776-v3b,00776,Trastuzumab Deruxtecan 5.4 mg/kg (Enhertu) Therapy,ild_pneumonitis_grade,Current ILD/pneumonitis grade,Current ILD/pneumonitis grade (Trastuzumab Deruxtecan),Trastuzumab Deruxtecan,protocols/breast/00776-trastuzumab-deruxtecan.json,encoded rule action component
nccp-00776-v3b,00776,Trastuzumab Deruxtecan 5.4 mg/kg (Enhertu) Therapy,severe_infusion_reaction,Severe infusion-related reaction,Severe infusion-related reaction (Trastuzumab Deruxtecan),Trastuzumab Deruxtecan,protocols/breast/00776-trastuzumab-deruxtecan.json,encoded rule action component
nccp-00794-vcurrent,00794,Sacituzumab Govitecan Therapy,hypersensitivity,Hypersensitivity to sacituzumab govitecan/excipients,Hypersensitivity to sacituzumab govitecan/excipients,Sacituzumab Govitecan,protocols/breast/00794-sacituzumab-govitecan.json,encoded rule action component
nccp-00794-vcurrent,00794,Sacituzumab Govitecan Therapy,life_threatening_infusion_reaction,Life-threatening infusion-related reaction,Life-threatening infusion-related reaction (Sacituzumab Govitecan),Sacituzumab Govitecan,protocols/breast/00794-sacituzumab-govitecan.json,encoded rule action component
nccp-00794-vcurrent,00794,Sacituzumab Govitecan Therapy,neutropenia_delay_weeks,Dose delay from grade 3–4 neutropenia (weeks),Dose delay from grade 3–4 neutropenia (weeks) (Sacituzumab Govitecan),Sacituzumab Govitecan,protocols/breast/00794-sacituzumab-govitecan.json,encoded rule action component
nccp-00794-vcurrent,00794,Sacituzumab Govitecan Therapy,non_neutropenic_severe_occurrence,Severe non-neutropenic toxicity occurrence,Severe non-neutropenic toxicity occurrence (Sacituzumab Govitecan),Sacituzumab Govitecan,protocols/breast/00794-sacituzumab-govitecan.json,encoded rule action component
nccp-00794-vcurrent,00794,Sacituzumab Govitecan Therapy,uncontrolled_nvd,"Severe nausea, vomiting or diarrhoea despite optimal treatment","Severe nausea, vomiting or diarrhoea despite optimal treatment (Sacituzumab Govitecan)",Sacituzumab Govitecan,protocols/breast/00794-sacituzumab-govitecan.json,encoded rule action component
nccp-00794-vcurrent,00794,Sacituzumab Govitecan Therapy,not_recovered_within_3_weeks,Grade 3–4 toxicity not recovered to ≤grade 1 within 3 weeks,Grade 3–4 toxicity not recovered to ≤grade 1 within 3 weeks (Sacituzumab Govitecan),Sacituzumab Govitecan,protocols/breast/00794-sacituzumab-govitecan.json,encoded rule action component
nccp-00796-v4,00796,Pertuzumab/Trastuzumab (Phesgo®) and Docetaxel Therapy,neuropathy_grade,Peripheral neuropathy grade,Peripheral neuropathy grade (Docetaxel),Docetaxel,protocols/breast/00796-phesgo-docetaxel.json,encoded rule action component
nccp-00796-v4,00796,Pertuzumab/Trastuzumab (Phesgo®) and Docetaxel Therapy,skin_reaction_grade,Skin reaction grade,Skin reaction grade (Docetaxel),Docetaxel,protocols/breast/00796-phesgo-docetaxel.json,encoded rule action component
nccp-00796-v4,00796,Pertuzumab/Trastuzumab (Phesgo®) and Docetaxel Therapy,stomatitis_grade,Stomatitis grade,Stomatitis grade (Docetaxel),Docetaxel,protocols/breast/00796-phesgo-docetaxel.json,encoded rule action component
nccp-00798-v3,00798,Pertuzumab/Trastuzumab (Phesgo®) and Vinorelbine Therapy,hypersensitivity,Relevant drug/excipient hypersensitivity,Relevant drug/excipient hypersensitivity (Vinorelbine),Vinorelbine,protocols/breast/00798-phesgo-vinorelbine.json,encoded rule action component
nccp-00798-v3,00798,Pertuzumab/Trastuzumab (Phesgo®) and Vinorelbine Therapy,neuropathy_grade,Peripheral neuropathy grade,Peripheral neuropathy grade (Vinorelbine),Vinorelbine,protocols/breast/00798-phesgo-vinorelbine.json,encoded rule action component
nccp-00798-v3,00798,Pertuzumab/Trastuzumab (Phesgo®) and Vinorelbine Therapy,constipation_grade,Constipation grade,Constipation grade (Vinorelbine),Vinorelbine,protocols/breast/00798-phesgo-vinorelbine.json,encoded rule action component
nccp-00798-v3,00798,Pertuzumab/Trastuzumab (Phesgo®) and Vinorelbine Therapy,other_toxicity_grade,Other toxicity grade,Other toxicity grade (Vinorelbine),Vinorelbine,protocols/breast/00798-phesgo-vinorelbine.json,encoded rule action component
nccp-00892-v2,00892,Ribociclib Therapy (Adjuvant) - 28 day,nonhaem_toxicity_grade,Other non-haematological toxicity (CTCAE),Other non-haematological toxicity (CTCAE) (Ribociclib),Ribociclib,protocols/breast/00892-ribociclib-adjuvant.json,encoded rule action component
nccp-00936-vcurrent,00936,"Tucatinib, Trastuzumab and Capecitabine Therapy - 21 days",hand_foot_grade,Palmar-plantar erythrodysaesthesia grade,Palmar-plantar erythrodysaesthesia grade (Capecitabine),Capecitabine,protocols/breast/00936-tucatinib-trastuzumab-capecitabine.json,encoded rule action component
nccp-00936-vcurrent,00936,"Tucatinib, Trastuzumab and Capecitabine Therapy - 21 days",alt_grade,ALT/AST elevation grade,ALT/AST elevation grade (Tucatinib),Tucatinib,protocols/breast/00936-tucatinib-trastuzumab-capecitabine.json,encoded rule action component
nccp-00936-vcurrent,00936,"Tucatinib, Trastuzumab and Capecitabine Therapy - 21 days",bilirubin_grade,Bilirubin elevation grade,Bilirubin elevation grade (Tucatinib),Tucatinib,protocols/breast/00936-tucatinib-trastuzumab-capecitabine.json,encoded rule action component
nccp-00212-v6a,00212,Bevacizumab 10 mg/kg – 14 days,hypersensitivity,Relevant bevacizumab / CHO-product hypersensitivity,Relevant bevacizumab / CHO-product hypersensitivity,Bevacizumab,protocols/breast/00212-bevacizumab-q14d.json,encoded rule action component
nccp-00212-v6a,00212,Bevacizumab 10 mg/kg – 14 days,hypertension_grade,Hypertension grade,Hypertension grade (Bevacizumab),Bevacizumab,protocols/breast/00212-bevacizumab-q14d.json,encoded rule action component
nccp-00212-v6a,00212,Bevacizumab 10 mg/kg – 14 days,fistula_grade,Fistula grade,Fistula grade (Bevacizumab),Bevacizumab,protocols/breast/00212-bevacizumab-q14d.json,encoded rule action component
nccp-00212-v6a,00212,Bevacizumab 10 mg/kg – 14 days,thromboembolic_event_grade,Thromboembolic event grade,Thromboembolic event grade (Bevacizumab),Bevacizumab,protocols/breast/00212-bevacizumab-q14d.json,encoded rule action component
nccp-00212-v6a,00212,Bevacizumab 10 mg/kg – 14 days,haemorrhage_grade,Haemorrhage grade,Haemorrhage grade (Bevacizumab),Bevacizumab,protocols/breast/00212-bevacizumab-q14d.json,encoded rule action component
nccp-00251-v6,00251,Carboplatin AUC 4-6 Monotherapy - 28 day,hypersensitivity,Relevant drug/excipient hypersensitivity,Relevant drug/excipient hypersensitivity (Carboplatin),Carboplatin,protocols/breast/00251-carboplatin-q28d.json,encoded rule action component
nccp-00261-v7,00261,Carboplatin AUC 4-6 Monotherapy - 21 day,hypersensitivity,Relevant drug/excipient hypersensitivity,Relevant drug/excipient hypersensitivity (Carboplatin),Carboplatin,protocols/breast/00261-carboplatin-q21d.json,encoded rule action component
nccp-00259-v6,00259,Oral Vinorelbine Monotherapy - 7 days,hypersensitivity,Relevant drug/excipient hypersensitivity,Relevant drug/excipient hypersensitivity (Vinorelbine),Vinorelbine,protocols/breast/00259-vinorelbine-oral.json,encoded rule action component
nccp-00232-v5,00232,Intravenous Vinorelbine Monotherapy - 21 days,hypersensitivity,Relevant drug/excipient hypersensitivity,Relevant drug/excipient hypersensitivity (Vinorelbine),Vinorelbine,protocols/breast/00232-vinorelbine-iv.json,encoded rule action component
nccp-00232-v5,00232,Intravenous Vinorelbine Monotherapy - 21 days,neuropathy_grade,Peripheral neuropathy grade,Peripheral neuropathy grade (Vinorelbine),Vinorelbine,protocols/breast/00232-vinorelbine-iv.json,encoded rule action component
nccp-00232-v5,00232,Intravenous Vinorelbine Monotherapy - 21 days,constipation_grade,Constipation grade,Constipation grade (Vinorelbine),Vinorelbine,protocols/breast/00232-vinorelbine-iv.json,encoded rule action component
nccp-00232-v5,00232,Intravenous Vinorelbine Monotherapy - 21 days,other_toxicity_grade,Other toxicity grade,Other toxicity grade (Vinorelbine),Vinorelbine,protocols/breast/00232-vinorelbine-iv.json,encoded rule action component
nccp-00209-v10a,00209,FOLFOX-6 Modified Therapy – 14 day,neuropathy_grade,Peripheral neuropathy grade,Peripheral neuropathy grade (Oxaliplatin),Oxaliplatin,protocols/gastrointestinal/00209-modified-folfox6.json,encoded rule action component
nccp-00216-v8,00216,Capecitabine Monotherapy,diarrhoea_current_grade,Current diarrhoea grade,Current diarrhoea grade (Capecitabine),Capecitabine,protocols/gastrointestinal/00216-capecitabine-monotherapy.json,encoded rule action component
nccp-00216-v8,00216,Capecitabine Monotherapy,hand_foot_grade,Hand-foot syndrome grade,Hand-foot syndrome grade (Capecitabine),Capecitabine,protocols/gastrointestinal/00216-capecitabine-monotherapy.json,encoded rule action component
nccp-00256-v7,00256,nab-Paclitaxel and Gemcitabine Therapy -28 day,neuropathy_grade,Peripheral neuropathy grade,Peripheral neuropathy grade (Nab Paclitaxel),Nab Paclitaxel,protocols/gastrointestinal/00256-nab-paclitaxel-gemcitabine.json,encoded rule action component
nccp-00256-v7,00256,nab-Paclitaxel and Gemcitabine Therapy -28 day,scar,Severe cutaneous adverse reaction,Severe cutaneous adverse reaction (Gemcitabine),Gemcitabine,protocols/gastrointestinal/00256-nab-paclitaxel-gemcitabine.json,encoded rule action component
nccp-00321-v9,00321,Capecitabine and Oxaliplatin Therapy (XELOX),neuropathy_pattern,Oxaliplatin neuropathy pattern,Oxaliplatin neuropathy pattern,Oxaliplatin,protocols/gastrointestinal/00321-xelox-capox.json,encoded rule action component
nccp-00329-v9,00329,FOLFIRINOX Therapy,neuropathy_pattern,Oxaliplatin neuropathy pattern,Oxaliplatin neuropathy pattern,Oxaliplatin,protocols/gastrointestinal/00329-folfirinox.json,encoded rule action component
nccp-00382-v3,00382,Trifluridine and Tipiracil (Lonsurf®) Therapy,hypersensitivity,Hypersensitivity,Hypersensitivity (Lonsurf),Lonsurf,protocols/gastrointestinal/00382-trifluridine-tipiracil.json,encoded rule action component
nccp-00446-v7b,00446,Bevacizumab 5mg/kg and Modified FOLFOX-6 Therapy -14 day,neuropathy_grade,Peripheral neuropathy grade,Peripheral neuropathy grade (Oxaliplatin),Oxaliplatin,protocols/gastrointestinal/00446-bevacizumab-modified-folfox6.json,encoded rule action component
nccp-00447-v6b,00447,Panitumumab 6mg/kg and Modified FOLFOX-6 Therapy -14 day,neuropathy_grade,Peripheral neuropathy grade,Peripheral neuropathy grade (Oxaliplatin),Oxaliplatin,protocols/gastrointestinal/00447-panitumumab-modified-folfox6.json,encoded rule action component
nccp-00447-v6b,00447,Panitumumab 6mg/kg and Modified FOLFOX-6 Therapy -14 day,rash_grade,Acneiform/dermatologic toxicity grade,Acneiform/dermatologic toxicity grade (Panitumumab),Panitumumab,protocols/gastrointestinal/00447-panitumumab-modified-folfox6.json,encoded rule action component
nccp-00447-v6b,00447,Panitumumab 6mg/kg and Modified FOLFOX-6 Therapy -14 day,magnesium_grade,Hypomagnesaemia grade,Hypomagnesaemia grade (Panitumumab),Panitumumab,protocols/gastrointestinal/00447-panitumumab-modified-folfox6.json,encoded rule action component
nccp-00447-v6b,00447,Panitumumab 6mg/kg and Modified FOLFOX-6 Therapy -14 day,infusion_reaction_grade,Infusion reaction grade,Infusion reaction grade (Panitumumab),Panitumumab,protocols/gastrointestinal/00447-panitumumab-modified-folfox6.json,encoded rule action component
nccp-00448-v4b,00448,Panitumumab 6mg/kg and FOLFIRI Therapy -14 day,rash_grade,Acneiform/dermatologic toxicity grade,Acneiform/dermatologic toxicity grade (Panitumumab),Panitumumab,protocols/gastrointestinal/00448-panitumumab-folfiri.json,encoded rule action component
nccp-00448-v4b,00448,Panitumumab 6mg/kg and FOLFIRI Therapy -14 day,magnesium_grade,Hypomagnesaemia grade,Hypomagnesaemia grade (Panitumumab),Panitumumab,protocols/gastrointestinal/00448-panitumumab-folfiri.json,encoded rule action component
nccp-00448-v4b,00448,Panitumumab 6mg/kg and FOLFIRI Therapy -14 day,infusion_reaction_grade,Infusion reaction grade,Infusion reaction grade (Panitumumab),Panitumumab,protocols/gastrointestinal/00448-panitumumab-folfiri.json,encoded rule action component
nccp-00515-v7,00515,FOLFIRINOX Modified Therapy,neuropathy_pattern,Oxaliplatin neuropathy pattern,Oxaliplatin neuropathy pattern,Oxaliplatin,protocols/gastrointestinal/00515-modified-folfirinox.json,encoded rule action component
nccp-00555-v6b,00555,FOLFOXIRI Therapy,stomatitis_highest_grade,Highest stomatitis grade,Highest stomatitis grade (Fluorouracil),Fluorouracil,protocols/gastrointestinal/00555-folfoxiri.json,encoded rule action component
nccp-00555-v6b,00555,FOLFOXIRI Therapy,neuropathy_grade,Peripheral neuropathy grade,Peripheral neuropathy grade (Oxaliplatin),Oxaliplatin,protocols/gastrointestinal/00555-folfoxiri.json,encoded rule action component
nccp-00704-v3a,00704,Trastuzumab and FOLFOX-6 Modified Therapy -14 day,neuropathy_grade,Peripheral neuropathy grade,Peripheral neuropathy grade (Oxaliplatin),Oxaliplatin,protocols/gastrointestinal/00704-trastuzumab-modified-folfox6.json,encoded rule action component
nccp-00831-v2a,00831,Atezolizumab and Bevacizumab Therapy,hypertension_grade,Hypertension grade,Hypertension grade (Bevacizumab),Bevacizumab,protocols/gastrointestinal/00831-atezolizumab-bevacizumab-hcc.json,encoded rule action component
nccp-00831-v2a,00831,Atezolizumab and Bevacizumab Therapy,hypersensitivity,Relevant drug hypersensitivity,Relevant drug hypersensitivity (Atezolizumab),Atezolizumab,protocols/gastrointestinal/00831-atezolizumab-bevacizumab-hcc.json,encoded rule action component
nccp-00831-v2a,00831,Atezolizumab and Bevacizumab Therapy,pneumonitis_grade,Immune-mediated pneumonitis / interstitial lung disease grade,Immune-mediated pneumonitis / interstitial lung disease grade (Atezolizumab),Atezolizumab,protocols/gastrointestinal/00831-atezolizumab-bevacizumab-hcc.json,encoded rule action component
nccp-00831-v2a,00831,Atezolizumab and Bevacizumab Therapy,diarrhoea_colitis_grade,Immune-mediated diarrhoea / colitis grade,Immune-mediated diarrhoea / colitis grade (Atezolizumab),Atezolizumab,protocols/gastrointestinal/00831-atezolizumab-bevacizumab-hcc.json,encoded rule action component
nccp-00831-v2a,00831,Atezolizumab and Bevacizumab Therapy,endocrine_status,Immune-mediated endocrine status,Immune-mediated endocrine status (Atezolizumab),Atezolizumab,protocols/gastrointestinal/00831-atezolizumab-bevacizumab-hcc.json,encoded rule action component
nccp-00831-v2a,00831,Atezolizumab and Bevacizumab Therapy,rash_grade,Immune-mediated rash / dermatitis grade,Immune-mediated rash / dermatitis grade (Atezolizumab),Atezolizumab,protocols/gastrointestinal/00831-atezolizumab-bevacizumab-hcc.json,encoded rule action component
nccp-00831-v2a,00831,Atezolizumab and Bevacizumab Therapy,scar_status,Severe cutaneous adverse reaction (SCAR) status,Severe cutaneous adverse reaction (SCAR) status (Atezolizumab),Atezolizumab,protocols/gastrointestinal/00831-atezolizumab-bevacizumab-hcc.json,encoded rule action component
nccp-00831-v2a,00831,Atezolizumab and Bevacizumab Therapy,myocarditis_grade,Immune-mediated myocarditis grade,Immune-mediated myocarditis grade (Atezolizumab),Atezolizumab,protocols/gastrointestinal/00831-atezolizumab-bevacizumab-hcc.json,encoded rule action component
nccp-00831-v2a,00831,Atezolizumab and Bevacizumab Therapy,myositis_grade,Immune-mediated myositis / polymyositis grade,Immune-mediated myositis / polymyositis grade (Atezolizumab),Atezolizumab,protocols/gastrointestinal/00831-atezolizumab-bevacizumab-hcc.json,encoded rule action component
nccp-00831-v2a,00831,Atezolizumab and Bevacizumab Therapy,serious_neurological_irae_grade,Serious immune-mediated neurological syndrome grade,Serious immune-mediated neurological syndrome grade (Atezolizumab),Atezolizumab,protocols/gastrointestinal/00831-atezolizumab-bevacizumab-hcc.json,encoded rule action component
nccp-00831-v2a,00831,Atezolizumab and Bevacizumab Therapy,infusion_reaction_grade,Infusion-related reaction grade,Infusion-related reaction grade (Atezolizumab),Atezolizumab,protocols/gastrointestinal/00831-atezolizumab-bevacizumab-hcc.json,encoded rule action component
nccp-00831-v2a,00831,Atezolizumab and Bevacizumab Therapy,other_immune_toxicity_grade,Other immune-mediated toxicity grade,Other immune-mediated toxicity grade (Atezolizumab),Atezolizumab,protocols/gastrointestinal/00831-atezolizumab-bevacizumab-hcc.json,encoded rule action component
nccp-00831-v2a,00831,Atezolizumab and Bevacizumab Therapy,recurrent_grade_3_immune_toxicity,Recurrent grade 3 immune-mediated toxicity,Recurrent grade 3 immune-mediated toxicity (Atezolizumab),Atezolizumab,protocols/gastrointestinal/00831-atezolizumab-bevacizumab-hcc.json,encoded rule action component
nccp-00831-v2a,00831,Atezolizumab and Bevacizumab Therapy,pancreatitis_grade,Immune-mediated pancreatitis grade,Immune-mediated pancreatitis grade (Atezolizumab),Atezolizumab,protocols/gastrointestinal/00831-atezolizumab-bevacizumab-hcc.json,encoded rule action component
nccp-00831-v2a,00831,Atezolizumab and Bevacizumab Therapy,pericardial_disorder_grade,Immune-mediated pericardial disorder grade,Immune-mediated pericardial disorder grade (Atezolizumab),Atezolizumab,protocols/gastrointestinal/00831-atezolizumab-bevacizumab-hcc.json,encoded rule action component
nccp-00843-v2a,00843,Nivolumab and XELOX Therapy,hypersensitivity,Known hypersensitivity to capecitabine or oxaliplatin,Known hypersensitivity to capecitabine or oxaliplatin (Nivolumab),Nivolumab,protocols/gastrointestinal/00843-nivolumab-xelox.json,encoded rule action component
nccp-00843-v2a,00843,Nivolumab and XELOX Therapy,neuropathy_pattern,Oxaliplatin neuropathy pattern,Oxaliplatin neuropathy pattern,Oxaliplatin,protocols/gastrointestinal/00843-nivolumab-xelox.json,encoded rule action component
nccp-00843-v2a,00843,Nivolumab and XELOX Therapy,infection_grade,Infection grade,Infection grade (Nivolumab),Nivolumab,protocols/gastrointestinal/00843-nivolumab-xelox.json,encoded rule action component
nccp-00843-v2a,00843,Nivolumab and XELOX Therapy,pneumonitis_grade,Immune-mediated pneumonitis / interstitial lung disease grade,Immune-mediated pneumonitis / interstitial lung disease grade (Nivolumab),Nivolumab,protocols/gastrointestinal/00843-nivolumab-xelox.json,encoded rule action component
nccp-00843-v2a,00843,Nivolumab and XELOX Therapy,diarrhoea_colitis_grade,Immune-mediated diarrhoea / colitis grade,Immune-mediated diarrhoea / colitis grade (Nivolumab),Nivolumab,protocols/gastrointestinal/00843-nivolumab-xelox.json,encoded rule action component
nccp-00843-v2a,00843,Nivolumab and XELOX Therapy,endocrine_status,Immune-mediated endocrine status,Immune-mediated endocrine status (Nivolumab),Nivolumab,protocols/gastrointestinal/00843-nivolumab-xelox.json,encoded rule action component
nccp-00843-v2a,00843,Nivolumab and XELOX Therapy,rash_grade,Immune-mediated rash / dermatitis grade,Immune-mediated rash / dermatitis grade (Nivolumab),Nivolumab,protocols/gastrointestinal/00843-nivolumab-xelox.json,encoded rule action component
nccp-00843-v2a,00843,Nivolumab and XELOX Therapy,rash_grade_2_over_one_week,Grade 2 rash lasting more than one week,Grade 2 rash lasting more than one week (Nivolumab),Nivolumab,protocols/gastrointestinal/00843-nivolumab-xelox.json,encoded rule action component
nccp-00843-v2a,00843,Nivolumab and XELOX Therapy,myocarditis_grade,Immune-mediated myocarditis grade,Immune-mediated myocarditis grade (Nivolumab),Nivolumab,protocols/gastrointestinal/00843-nivolumab-xelox.json,encoded rule action component
nccp-00843-v2a,00843,Nivolumab and XELOX Therapy,myositis_grade,Immune-mediated myositis / polymyositis grade,Immune-mediated myositis / polymyositis grade (Nivolumab),Nivolumab,protocols/gastrointestinal/00843-nivolumab-xelox.json,encoded rule action component
nccp-00843-v2a,00843,Nivolumab and XELOX Therapy,serious_neurological_irae_grade,Serious immune-mediated neurological syndrome grade,Serious immune-mediated neurological syndrome grade (Nivolumab),Nivolumab,protocols/gastrointestinal/00843-nivolumab-xelox.json,encoded rule action component
nccp-00843-v2a,00843,Nivolumab and XELOX Therapy,infusion_reaction_grade,Infusion-related reaction grade,Infusion-related reaction grade (Nivolumab),Nivolumab,protocols/gastrointestinal/00843-nivolumab-xelox.json,encoded rule action component
nccp-00843-v2a,00843,Nivolumab and XELOX Therapy,other_immune_toxicity_grade,Other immune-mediated toxicity grade,Other immune-mediated toxicity grade (Nivolumab),Nivolumab,protocols/gastrointestinal/00843-nivolumab-xelox.json,encoded rule action component
nccp-00843-v2a,00843,Nivolumab and XELOX Therapy,recurrent_grade_3_immune_toxicity,Recurrent grade 3 immune-mediated toxicity,Recurrent grade 3 immune-mediated toxicity (Nivolumab),Nivolumab,protocols/gastrointestinal/00843-nivolumab-xelox.json,encoded rule action component
nccp-00843-v2a,00843,Nivolumab and XELOX Therapy,other_nonimmune_toxicity_grade,Other non-immune adverse reaction grade,Other non-immune adverse reaction grade (Nivolumab),Nivolumab,protocols/gastrointestinal/00843-nivolumab-xelox.json,encoded rule action component
nccp-00844-v4a,00844,Nivolumab and FOLFOX-6 Modified Therapy,hypersensitivity,Known hypersensitivity to regimen component or excipient,Known hypersensitivity to regimen component or excipient (Nivolumab),Nivolumab,protocols/gastrointestinal/00844-nivolumab-modified-folfox6.json,encoded rule action component
nccp-00844-v4a,00844,Nivolumab and FOLFOX-6 Modified Therapy,neuropathy_grade,Peripheral neuropathy grade,Peripheral neuropathy grade (Oxaliplatin),Oxaliplatin,protocols/gastrointestinal/00844-nivolumab-modified-folfox6.json,encoded rule action component
nccp-00844-v4a,00844,Nivolumab and FOLFOX-6 Modified Therapy,infection_grade,Infection grade,Infection grade (Nivolumab),Nivolumab,protocols/gastrointestinal/00844-nivolumab-modified-folfox6.json,encoded rule action component
nccp-00844-v4a,00844,Nivolumab and FOLFOX-6 Modified Therapy,pneumonitis_grade,Immune-mediated pneumonitis / interstitial lung disease grade,Immune-mediated pneumonitis / interstitial lung disease grade (Nivolumab),Nivolumab,protocols/gastrointestinal/00844-nivolumab-modified-folfox6.json,encoded rule action component
nccp-00844-v4a,00844,Nivolumab and FOLFOX-6 Modified Therapy,diarrhoea_colitis_grade,Immune-mediated diarrhoea / colitis grade,Immune-mediated diarrhoea / colitis grade (Nivolumab),Nivolumab,protocols/gastrointestinal/00844-nivolumab-modified-folfox6.json,encoded rule action component
nccp-00844-v4a,00844,Nivolumab and FOLFOX-6 Modified Therapy,endocrine_status,Immune-mediated endocrine status,Immune-mediated endocrine status (Nivolumab),Nivolumab,protocols/gastrointestinal/00844-nivolumab-modified-folfox6.json,encoded rule action component
nccp-00844-v4a,00844,Nivolumab and FOLFOX-6 Modified Therapy,rash_grade,Immune-mediated rash / dermatitis grade,Immune-mediated rash / dermatitis grade (Nivolumab),Nivolumab,protocols/gastrointestinal/00844-nivolumab-modified-folfox6.json,encoded rule action component
nccp-00844-v4a,00844,Nivolumab and FOLFOX-6 Modified Therapy,rash_grade_2_over_one_week,Grade 2 rash lasting more than one week,Grade 2 rash lasting more than one week (Nivolumab),Nivolumab,protocols/gastrointestinal/00844-nivolumab-modified-folfox6.json,encoded rule action component
nccp-00844-v4a,00844,Nivolumab and FOLFOX-6 Modified Therapy,myocarditis_grade,Immune-mediated myocarditis grade,Immune-mediated myocarditis grade (Nivolumab),Nivolumab,protocols/gastrointestinal/00844-nivolumab-modified-folfox6.json,encoded rule action component
nccp-00844-v4a,00844,Nivolumab and FOLFOX-6 Modified Therapy,myositis_grade,Immune-mediated myositis / polymyositis grade,Immune-mediated myositis / polymyositis grade (Nivolumab),Nivolumab,protocols/gastrointestinal/00844-nivolumab-modified-folfox6.json,encoded rule action component
nccp-00844-v4a,00844,Nivolumab and FOLFOX-6 Modified Therapy,serious_neurological_irae_grade,Serious immune-mediated neurological syndrome grade,Serious immune-mediated neurological syndrome grade (Nivolumab),Nivolumab,protocols/gastrointestinal/00844-nivolumab-modified-folfox6.json,encoded rule action component
nccp-00844-v4a,00844,Nivolumab and FOLFOX-6 Modified Therapy,infusion_reaction_grade,Infusion-related reaction grade,Infusion-related reaction grade (Nivolumab),Nivolumab,protocols/gastrointestinal/00844-nivolumab-modified-folfox6.json,encoded rule action component
nccp-00844-v4a,00844,Nivolumab and FOLFOX-6 Modified Therapy,other_immune_toxicity_grade,Other immune-mediated toxicity grade,Other immune-mediated toxicity grade (Nivolumab),Nivolumab,protocols/gastrointestinal/00844-nivolumab-modified-folfox6.json,encoded rule action component
nccp-00844-v4a,00844,Nivolumab and FOLFOX-6 Modified Therapy,recurrent_grade_3_immune_toxicity,Recurrent grade 3 immune-mediated toxicity,Recurrent grade 3 immune-mediated toxicity (Nivolumab),Nivolumab,protocols/gastrointestinal/00844-nivolumab-modified-folfox6.json,encoded rule action component
nccp-00844-v4a,00844,Nivolumab and FOLFOX-6 Modified Therapy,other_nonimmune_toxicity_grade,Other non-immune adverse reaction grade,Other non-immune adverse reaction grade (Nivolumab),Nivolumab,protocols/gastrointestinal/00844-nivolumab-modified-folfox6.json,encoded rule action component
nccp-00897-v3,00897,"Durvalumab 1500 mg, Gemcitabine 1000 mg/m² and Cisplatin 25 mg/m² Therapy",hypersensitivity,Relevant drug hypersensitivity,Relevant drug hypersensitivity (Durvalumab),Durvalumab,protocols/gastrointestinal/00897-durvalumab-gemcitabine-cisplatin.json,encoded rule action component
nccp-00897-v3,00897,"Durvalumab 1500 mg, Gemcitabine 1000 mg/m² and Cisplatin 25 mg/m² Therapy",infection_grade,Infection grade,Infection grade (Durvalumab),Durvalumab,protocols/gastrointestinal/00897-durvalumab-gemcitabine-cisplatin.json,encoded rule action component
nccp-00897-v3,00897,"Durvalumab 1500 mg, Gemcitabine 1000 mg/m² and Cisplatin 25 mg/m² Therapy",pneumonitis_grade,Immune-mediated pneumonitis / interstitial lung disease grade,Immune-mediated pneumonitis / interstitial lung disease grade (Durvalumab),Durvalumab,protocols/gastrointestinal/00897-durvalumab-gemcitabine-cisplatin.json,encoded rule action component
nccp-00897-v3,00897,"Durvalumab 1500 mg, Gemcitabine 1000 mg/m² and Cisplatin 25 mg/m² Therapy",diarrhoea_colitis_grade,Immune-mediated diarrhoea / colitis grade,Immune-mediated diarrhoea / colitis grade (Durvalumab),Durvalumab,protocols/gastrointestinal/00897-durvalumab-gemcitabine-cisplatin.json,encoded rule action component
nccp-00897-v3,00897,"Durvalumab 1500 mg, Gemcitabine 1000 mg/m² and Cisplatin 25 mg/m² Therapy",endocrine_status,Immune-mediated endocrine status,Immune-mediated endocrine status (Durvalumab),Durvalumab,protocols/gastrointestinal/00897-durvalumab-gemcitabine-cisplatin.json,encoded rule action component
nccp-00897-v3,00897,"Durvalumab 1500 mg, Gemcitabine 1000 mg/m² and Cisplatin 25 mg/m² Therapy",rash_grade,Immune-mediated rash / dermatitis grade,Immune-mediated rash / dermatitis grade (Durvalumab),Durvalumab,protocols/gastrointestinal/00897-durvalumab-gemcitabine-cisplatin.json,encoded rule action component
nccp-00897-v3,00897,"Durvalumab 1500 mg, Gemcitabine 1000 mg/m² and Cisplatin 25 mg/m² Therapy",rash_grade_2_over_one_week,Grade 2 rash lasting more than one week,Grade 2 rash lasting more than one week (Durvalumab),Durvalumab,protocols/gastrointestinal/00897-durvalumab-gemcitabine-cisplatin.json,encoded rule action component
nccp-00897-v3,00897,"Durvalumab 1500 mg, Gemcitabine 1000 mg/m² and Cisplatin 25 mg/m² Therapy",myocarditis_grade,Immune-mediated myocarditis grade,Immune-mediated myocarditis grade (Durvalumab),Durvalumab,protocols/gastrointestinal/00897-durvalumab-gemcitabine-cisplatin.json,encoded rule action component
nccp-00897-v3,00897,"Durvalumab 1500 mg, Gemcitabine 1000 mg/m² and Cisplatin 25 mg/m² Therapy",myositis_grade,Immune-mediated myositis / polymyositis grade,Immune-mediated myositis / polymyositis grade (Durvalumab),Durvalumab,protocols/gastrointestinal/00897-durvalumab-gemcitabine-cisplatin.json,encoded rule action component
nccp-00897-v3,00897,"Durvalumab 1500 mg, Gemcitabine 1000 mg/m² and Cisplatin 25 mg/m² Therapy",serious_neurological_irae_grade,Serious immune-mediated neurological syndrome grade,Serious immune-mediated neurological syndrome grade (Durvalumab),Durvalumab,protocols/gastrointestinal/00897-durvalumab-gemcitabine-cisplatin.json,encoded rule action component
nccp-00897-v3,00897,"Durvalumab 1500 mg, Gemcitabine 1000 mg/m² and Cisplatin 25 mg/m² Therapy",infusion_reaction_grade,Infusion-related reaction grade,Infusion-related reaction grade (Durvalumab),Durvalumab,protocols/gastrointestinal/00897-durvalumab-gemcitabine-cisplatin.json,encoded rule action component
nccp-00897-v3,00897,"Durvalumab 1500 mg, Gemcitabine 1000 mg/m² and Cisplatin 25 mg/m² Therapy",other_immune_toxicity_grade,Other immune-mediated toxicity grade,Other immune-mediated toxicity grade (Durvalumab),Durvalumab,protocols/gastrointestinal/00897-durvalumab-gemcitabine-cisplatin.json,encoded rule action component
nccp-00897-v3,00897,"Durvalumab 1500 mg, Gemcitabine 1000 mg/m² and Cisplatin 25 mg/m² Therapy",recurrent_grade_3_immune_toxicity,Recurrent grade 3 immune-mediated toxicity,Recurrent grade 3 immune-mediated toxicity (Durvalumab),Durvalumab,protocols/gastrointestinal/00897-durvalumab-gemcitabine-cisplatin.json,encoded rule action component
nccp-00897-v3,00897,"Durvalumab 1500 mg, Gemcitabine 1000 mg/m² and Cisplatin 25 mg/m² Therapy",other_nonimmune_toxicity_grade,Other non-immune adverse reaction grade,Other non-immune adverse reaction grade (Durvalumab),Durvalumab,protocols/gastrointestinal/00897-durvalumab-gemcitabine-cisplatin.json,encoded rule action component
nccp-00926-v1,00926,Tremelimumab and Durvalumab Therapy,hypersensitivity,Relevant drug hypersensitivity,Relevant drug hypersensitivity (Durvalumab),Durvalumab,protocols/gastrointestinal/00926-tremelimumab-durvalumab.json,encoded rule action component
nccp-00926-v1,00926,Tremelimumab and Durvalumab Therapy,infection_grade,Infection grade,Infection grade (Durvalumab),Durvalumab,protocols/gastrointestinal/00926-tremelimumab-durvalumab.json,encoded rule action component
nccp-00926-v1,00926,Tremelimumab and Durvalumab Therapy,pneumonitis_grade,Immune-mediated pneumonitis / interstitial lung disease grade,Immune-mediated pneumonitis / interstitial lung disease grade (Durvalumab),Durvalumab,protocols/gastrointestinal/00926-tremelimumab-durvalumab.json,encoded rule action component
nccp-00926-v1,00926,Tremelimumab and Durvalumab Therapy,diarrhoea_colitis_grade,Immune-mediated diarrhoea / colitis grade,Immune-mediated diarrhoea / colitis grade (Durvalumab),Durvalumab,protocols/gastrointestinal/00926-tremelimumab-durvalumab.json,encoded rule action component
nccp-00926-v1,00926,Tremelimumab and Durvalumab Therapy,endocrine_status,Immune-mediated endocrine status,Immune-mediated endocrine status (Durvalumab),Durvalumab,protocols/gastrointestinal/00926-tremelimumab-durvalumab.json,encoded rule action component
nccp-00926-v1,00926,Tremelimumab and Durvalumab Therapy,rash_grade,Immune-mediated rash / dermatitis grade,Immune-mediated rash / dermatitis grade (Durvalumab),Durvalumab,protocols/gastrointestinal/00926-tremelimumab-durvalumab.json,encoded rule action component
nccp-00926-v1,00926,Tremelimumab and Durvalumab Therapy,rash_grade_2_over_one_week,Grade 2 rash lasting more than one week,Grade 2 rash lasting more than one week (Durvalumab),Durvalumab,protocols/gastrointestinal/00926-tremelimumab-durvalumab.json,encoded rule action component
nccp-00926-v1,00926,Tremelimumab and Durvalumab Therapy,myocarditis_grade,Immune-mediated myocarditis grade,Immune-mediated myocarditis grade (Durvalumab),Durvalumab,protocols/gastrointestinal/00926-tremelimumab-durvalumab.json,encoded rule action component
nccp-00926-v1,00926,Tremelimumab and Durvalumab Therapy,myositis_grade,Immune-mediated myositis / polymyositis grade,Immune-mediated myositis / polymyositis grade (Durvalumab),Durvalumab,protocols/gastrointestinal/00926-tremelimumab-durvalumab.json,encoded rule action component
nccp-00926-v1,00926,Tremelimumab and Durvalumab Therapy,serious_neurological_irae_grade,Serious immune-mediated neurological syndrome grade,Serious immune-mediated neurological syndrome grade (Durvalumab),Durvalumab,protocols/gastrointestinal/00926-tremelimumab-durvalumab.json,encoded rule action component
nccp-00926-v1,00926,Tremelimumab and Durvalumab Therapy,infusion_reaction_grade,Infusion-related reaction grade,Infusion-related reaction grade (Durvalumab),Durvalumab,protocols/gastrointestinal/00926-tremelimumab-durvalumab.json,encoded rule action component
nccp-00926-v1,00926,Tremelimumab and Durvalumab Therapy,other_immune_toxicity_grade,Other immune-mediated toxicity grade,Other immune-mediated toxicity grade (Durvalumab),Durvalumab,protocols/gastrointestinal/00926-tremelimumab-durvalumab.json,encoded rule action component
nccp-00926-v1,00926,Tremelimumab and Durvalumab Therapy,recurrent_grade_3_immune_toxicity,Recurrent grade 3 immune-mediated toxicity,Recurrent grade 3 immune-mediated toxicity (Durvalumab),Durvalumab,protocols/gastrointestinal/00926-tremelimumab-durvalumab.json,encoded rule action component
nccp-00926-v1,00926,Tremelimumab and Durvalumab Therapy,other_nonimmune_toxicity_grade,Other non-immune adverse reaction grade,Other non-immune adverse reaction grade (Durvalumab),Durvalumab,protocols/gastrointestinal/00926-tremelimumab-durvalumab.json,encoded rule action component
nccp-00215-v7,00215,Bevacizumab 15 mg/kg Therapy — 21 days,hypersensitivity,Relevant bevacizumab / CHO-product hypersensitivity,Relevant bevacizumab / CHO-product hypersensitivity,Bevacizumab,protocols/shared/00215-bevacizumab-15mgkg.json,encoded rule action component
nccp-00215-v7,00215,Bevacizumab 15 mg/kg Therapy — 21 days,hypertension_grade,Hypertension grade,Hypertension grade (Bevacizumab),Bevacizumab,protocols/shared/00215-bevacizumab-15mgkg.json,encoded rule action component
nccp-00215-v7,00215,Bevacizumab 15 mg/kg Therapy — 21 days,fistula_grade,Fistula grade,Fistula grade (Bevacizumab),Bevacizumab,protocols/shared/00215-bevacizumab-15mgkg.json,encoded rule action component
nccp-00215-v7,00215,Bevacizumab 15 mg/kg Therapy — 21 days,thromboembolic_event_grade,Thromboembolic event grade,Thromboembolic event grade (Bevacizumab),Bevacizumab,protocols/shared/00215-bevacizumab-15mgkg.json,encoded rule action component
nccp-00215-v7,00215,Bevacizumab 15 mg/kg Therapy — 21 days,haemorrhage_grade,Haemorrhage grade,Haemorrhage grade (Bevacizumab),Bevacizumab,protocols/shared/00215-bevacizumab-15mgkg.json,encoded rule action component
nccp-00244-v5,00244,Regorafenib Monotherapy,hypertension_grade,Treatment-emergent hypertension grade,Treatment-emergent hypertension grade (Regorafenib),Regorafenib,protocols/gastrointestinal/00244-regorafenib.json,encoded rule action component
nccp-00303-v6,00303,Carboplatin AUC 5–7.5 and Paclitaxel 175 mg/m² Therapy – 21 day,neuropathy_grade,Peripheral neuropathy grade,Peripheral neuropathy grade (Paclitaxel),Paclitaxel,protocols/gynaecology/00303-carboplatin-paclitaxel-21-day.json,encoded rule action component
nccp-00306-v7,00306,Gemcitabine 1000 mg/m² and Carboplatin AUC 4 Therapy — 21 day,pneumonitis_grade,Pneumonitis grade,Pneumonitis grade (Gemcitabine),Gemcitabine,protocols/gynaecology/00306-gemcitabine-carboplatin.json,encoded rule action component
nccp-00306-v7,00306,Gemcitabine 1000 mg/m² and Carboplatin AUC 4 Therapy — 21 day,scar_status,Severe cutaneous adverse reaction,Severe cutaneous adverse reaction (Gemcitabine),Gemcitabine,protocols/gynaecology/00306-gemcitabine-carboplatin.json,encoded rule action component
nccp-00766-v2,00766,"Bevacizumab 15 mg/kg, Paclitaxel 175 mg/m² and Carboplatin AUC 6 Therapy",neuropathy_grade,Peripheral neuropathy grade,Peripheral neuropathy grade (Paclitaxel),Paclitaxel,protocols/gynaecology/00766-bevacizumab-carboplatin-paclitaxel.json,encoded rule action component
nccp-00766-v2,00766,"Bevacizumab 15 mg/kg, Paclitaxel 175 mg/m² and Carboplatin AUC 6 Therapy",proteinuria_grade,Proteinuria grade,Proteinuria grade (Bevacizumab),Bevacizumab,protocols/gynaecology/00766-bevacizumab-carboplatin-paclitaxel.json,encoded rule action component
nccp-00799-v2,00799,"Bevacizumab 15 mg/kg, Paclitaxel 175 mg/m² and Cisplatin 50 mg/m² Therapy",hypertension_grade,Hypertension grade,Hypertension grade (Bevacizumab),Bevacizumab,protocols/gynaecology/00799-bevacizumab-paclitaxel-cisplatin.json,encoded rule action component
nccp-00799-v2,00799,"Bevacizumab 15 mg/kg, Paclitaxel 175 mg/m² and Cisplatin 50 mg/m² Therapy",fistula_grade,Fistula grade,Fistula grade (Bevacizumab),Bevacizumab,protocols/gynaecology/00799-bevacizumab-paclitaxel-cisplatin.json,encoded rule action component
nccp-00799-v2,00799,"Bevacizumab 15 mg/kg, Paclitaxel 175 mg/m² and Cisplatin 50 mg/m² Therapy",thromboembolic_event_grade,Thromboembolic event grade,Thromboembolic event grade (Bevacizumab),Bevacizumab,protocols/gynaecology/00799-bevacizumab-paclitaxel-cisplatin.json,encoded rule action component
nccp-00799-v2,00799,"Bevacizumab 15 mg/kg, Paclitaxel 175 mg/m² and Cisplatin 50 mg/m² Therapy",haemorrhage_grade,Haemorrhage grade,Haemorrhage grade (Bevacizumab),Bevacizumab,protocols/gynaecology/00799-bevacizumab-paclitaxel-cisplatin.json,encoded rule action component
nccp-00862-v2,00862,Niraparib (Tablets) Monotherapy,hypersensitivity,Niraparib hypersensitivity,Niraparib hypersensitivity,Niraparib,protocols/gynaecology/00862-niraparib-tablets-monotherapy.json,encoded rule action component
nccp-00218-v3,00218,Lenalidomide 25 mg and Dexamethasone — 28 day,other_non_haematological_toxicity_grade,Other treatment-related non-haematological toxicity,Other treatment-related non-haematological toxicity (Lenalidomide),Lenalidomide,protocols/haemato-oncology/plasma-cell/00218-lenalidomide-dexamethasone-28-day.json,encoded rule action component
nccp-00218-v3,00218,Lenalidomide 25 mg and Dexamethasone — 28 day,severe_skin_reaction_or_angioedema,Severe allergic skin reaction or angioedema,Severe allergic skin reaction or angioedema (Lenalidomide),Lenalidomide,protocols/haemato-oncology/plasma-cell/00218-lenalidomide-dexamethasone-28-day.json,encoded rule action component
nccp-00245-v4a,00245,Pomalidomide and Dexamethasone,severe_skin_reaction_or_angioedema,Severe allergic skin reaction or angioedema,Severe allergic skin reaction or angioedema (Pomalidomide),Pomalidomide,protocols/haemato-oncology/plasma-cell/00245-pomalidomide-dexamethasone.json,encoded rule action component
nccp-00270-v3a,00270,Bortezomib and dexamethasone Therapy,other_non_haematological_toxicity_grade,Other non-haematological toxicity grade,Other non-haematological toxicity grade (Bortezomib),Bortezomib,protocols/haemato-oncology/plasma-cell/00270-bortezomib-dexamethasone.json,encoded rule action component
nccp-00270-v3a,00270,Bortezomib and dexamethasone Therapy,bortezomib_hypersensitivity,Hypersensitivity to bortezomib/boron/excipients,Hypersensitivity to bortezomib/boron/excipients,Bortezomib,protocols/haemato-oncology/plasma-cell/00270-bortezomib-dexamethasone.json,encoded rule action component
nccp-00273-v3,00273,"Cyclophosphamide, Bortezomib and Dexamethasone (CyBorD) — 21 day",other_non_haematological_toxicity_grade,Other treatment-related non-haematological toxicity,Other treatment-related non-haematological toxicity (Bortezomib),Bortezomib,protocols/haemato-oncology/plasma-cell/00273-cybord-21-day.json,encoded rule action component
nccp-00275-v3,00275,"Bortezomib, Melphalan and Prednisolone Therapy",neuropathy_state,Bortezomib neuropathy pathway,Bortezomib neuropathy pathway,Bortezomib,protocols/haemato-oncology/plasma-cell/00275-bortezomib-melphalan-prednisolone.json,encoded rule action component
nccp-00275-v3,00275,"Bortezomib, Melphalan and Prednisolone Therapy",other_non_haematological_toxicity_grade,Other non-haematological toxicity grade,Other non-haematological toxicity grade (Bortezomib),Bortezomib,protocols/haemato-oncology/plasma-cell/00275-bortezomib-melphalan-prednisolone.json,encoded rule action component
nccp-00299-v3a,00299,Modified CyBorD — weekly therapy,other_non_haematological_toxicity_grade,Other treatment-related non-haematological toxicity,Other treatment-related non-haematological toxicity (Bortezomib),Bortezomib,protocols/haemato-oncology/plasma-cell/00299-modified-weekly-cybord.json,encoded rule action component
nccp-00416-v4,00416,"Bortezomib, Lenalidomide and dexamethasone (RVD) Therapy – 21 day",skin_reaction,Skin/allergic reaction,Skin/allergic reaction (Lenalidomide),Lenalidomide,protocols/haemato-oncology/plasma-cell/00416-rvd-21-day.json,encoded rule action component
nccp-00435-v3,00435,Bortezomib Maintenance Therapy – 14 day,other_non_haematological_toxicity_grade,Other non-haematological toxicity grade,Other non-haematological toxicity grade (Bortezomib),Bortezomib,protocols/haemato-oncology/plasma-cell/00435-bortezomib-maintenance-14-day.json,encoded rule action component
nccp-00435-v3,00435,Bortezomib Maintenance Therapy – 14 day,bortezomib_hypersensitivity,Hypersensitivity to bortezomib/boron/excipients,Hypersensitivity to bortezomib/boron/excipients,Bortezomib,protocols/haemato-oncology/plasma-cell/00435-bortezomib-maintenance-14-day.json,encoded rule action component
nccp-00601-v3,00601,"Pomalidomide, Bortezomib and Dexamethasone (PVD)",other_non_haematological_toxicity_grade,Other treatment-related non-haematological toxicity,Other treatment-related non-haematological toxicity (Bortezomib),Bortezomib,protocols/haemato-oncology/plasma-cell/00601-pomalidomide-bortezomib-dexamethasone.json,encoded rule action component
nccp-00601-v3,00601,"Pomalidomide, Bortezomib and Dexamethasone (PVD)",severe_skin_reaction_or_angioedema,Severe allergic skin reaction or angioedema,Severe allergic skin reaction or angioedema (Pomalidomide),Pomalidomide,protocols/haemato-oncology/plasma-cell/00601-pomalidomide-bortezomib-dexamethasone.json,encoded rule action component
nccp-00604-v2d,00604,Daratumumab SC Monotherapy,haematological_toxicity_requiring_recovery,Haematological toxicity currently requires recovery before treatment,Haematological toxicity currently requires recovery before treatment (Daratumumab),Daratumumab,protocols/haemato-oncology/plasma-cell/00604-daratumumab-sc-monotherapy.json,encoded rule action component
nccp-00604-v2d,00604,Daratumumab SC Monotherapy,major_irr_history,Previous major daratumumab administration-related reaction,Previous major daratumumab administration-related reaction,Daratumumab,protocols/haemato-oncology/plasma-cell/00604-daratumumab-sc-monotherapy.json,encoded rule action component
nccp-00609-v4,00609,"Daratumumab SC, Bortezomib and Dexamethasone",other_non_haematological_toxicity_grade,Other treatment-related non-haematological toxicity,Other treatment-related non-haematological toxicity (Bortezomib),Bortezomib,protocols/haemato-oncology/plasma-cell/00609-daratumumab-sc-bortezomib-dexamethasone.json,encoded rule action component
nccp-00609-v4,00609,"Daratumumab SC, Bortezomib and Dexamethasone",haematological_toxicity_requiring_recovery,Haematological toxicity currently requires recovery before treatment,Haematological toxicity currently requires recovery before treatment (Daratumumab),Daratumumab,protocols/haemato-oncology/plasma-cell/00609-daratumumab-sc-bortezomib-dexamethasone.json,encoded rule action component
nccp-00609-v4,00609,"Daratumumab SC, Bortezomib and Dexamethasone",major_irr_history,Previous major daratumumab administration-related reaction,Previous major daratumumab administration-related reaction,Daratumumab,protocols/haemato-oncology/plasma-cell/00609-daratumumab-sc-bortezomib-dexamethasone.json,encoded rule action component
nccp-00643-v3,00643,"Bortezomib, Lenalidomide and dexamethasone (RVD) Therapy – 28 day",skin_reaction,Skin/allergic reaction,Skin/allergic reaction (Lenalidomide),Lenalidomide,protocols/haemato-oncology/plasma-cell/00643-rvd-28-day.json,encoded rule action component
nccp-00695-v2,00695,"Daratumumab SC, Weekly Bortezomib and Dexamethasone",other_non_haematological_toxicity_grade,Other treatment-related non-haematological toxicity,Other treatment-related non-haematological toxicity (Bortezomib),Bortezomib,protocols/haemato-oncology/plasma-cell/00695-daratumumab-sc-weekly-bortezomib-dexamethasone.json,encoded rule action component
nccp-00695-v2,00695,"Daratumumab SC, Weekly Bortezomib and Dexamethasone",haematological_toxicity_requiring_recovery,Haematological toxicity currently requires recovery before treatment,Haematological toxicity currently requires recovery before treatment (Daratumumab),Daratumumab,protocols/haemato-oncology/plasma-cell/00695-daratumumab-sc-weekly-bortezomib-dexamethasone.json,encoded rule action component
nccp-00695-v2,00695,"Daratumumab SC, Weekly Bortezomib and Dexamethasone",major_irr_history,Previous major daratumumab administration-related reaction,Previous major daratumumab administration-related reaction,Daratumumab,protocols/haemato-oncology/plasma-cell/00695-daratumumab-sc-weekly-bortezomib-dexamethasone.json,encoded rule action component
nccp-00780-v2,00780,"Bortezomib, Lenalidomide and Dexamethasone (RVD-Lite) Induction",severe_skin_reaction_or_angioedema,Severe allergic skin reaction or angioedema,Severe allergic skin reaction or angioedema (Lenalidomide),Lenalidomide,protocols/haemato-oncology/plasma-cell/00780-rvd-lite-induction.json,encoded rule action component
nccp-00854-v4,00854,"Daratumumab SC, Lenalidomide and Dexamethasone",other_non_haematological_toxicity_grade,Other treatment-related non-haematological toxicity,Other treatment-related non-haematological toxicity (Lenalidomide),Lenalidomide,protocols/haemato-oncology/plasma-cell/00854-daratumumab-sc-lenalidomide-dexamethasone.json,encoded rule action component
nccp-00854-v4,00854,"Daratumumab SC, Lenalidomide and Dexamethasone",severe_skin_reaction_or_angioedema,Severe allergic skin reaction or angioedema,Severe allergic skin reaction or angioedema (Lenalidomide),Lenalidomide,protocols/haemato-oncology/plasma-cell/00854-daratumumab-sc-lenalidomide-dexamethasone.json,encoded rule action component
nccp-00854-v4,00854,"Daratumumab SC, Lenalidomide and Dexamethasone",haematological_toxicity_requiring_recovery,Haematological toxicity currently requires recovery before treatment,Haematological toxicity currently requires recovery before treatment (Daratumumab),Daratumumab,protocols/haemato-oncology/plasma-cell/00854-daratumumab-sc-lenalidomide-dexamethasone.json,encoded rule action component
nccp-00854-v4,00854,"Daratumumab SC, Lenalidomide and Dexamethasone",major_irr_history,Previous major daratumumab administration-related reaction,Previous major daratumumab administration-related reaction,Daratumumab,protocols/haemato-oncology/plasma-cell/00854-daratumumab-sc-lenalidomide-dexamethasone.json,encoded rule action component
nccp-00280-v6,00280,Cisplatin 75 mg/m² and Etoposide 100 mg/m² Therapy – 21 day,neuropathy_grade,Peripheral neuropathy grade,Peripheral neuropathy grade (Cisplatin),Cisplatin,protocols/lung/00280-cisplatin-etoposide.json,encoded rule action component
nccp-00281-v7,00281,Gemcitabine 1250 mg/m² and Cisplatin 75 mg/m² Therapy — 21 day,neuropathy_grade,Peripheral neuropathy grade,Peripheral neuropathy grade (Cisplatin),Cisplatin,protocols/lung/00281-gemcitabine-cisplatin.json,encoded rule action component
nccp-00281-v7,00281,Gemcitabine 1250 mg/m² and Cisplatin 75 mg/m² Therapy — 21 day,pneumonitis_grade,Pneumonitis grade,Pneumonitis grade (Gemcitabine),Gemcitabine,protocols/lung/00281-gemcitabine-cisplatin.json,encoded rule action component
nccp-00281-v7,00281,Gemcitabine 1250 mg/m² and Cisplatin 75 mg/m² Therapy — 21 day,scar_status,Severe cutaneous adverse reaction,Severe cutaneous adverse reaction (Gemcitabine),Gemcitabine,protocols/lung/00281-gemcitabine-cisplatin.json,encoded rule action component
nccp-00304-v8,00304,Carboplatin AUC 6 and Paclitaxel 200 mg/m² Therapy,neuropathy_grade,Motor or sensory neuropathy grade,Motor or sensory neuropathy grade (Paclitaxel),Paclitaxel,protocols/lung/00304-carboplatin-paclitaxel.json,encoded rule action component
nccp-00304-v8,00304,Carboplatin AUC 6 and Paclitaxel 200 mg/m² Therapy,severe_hypersensitivity_reaction,Severe paclitaxel hypersensitivity reaction,Severe paclitaxel hypersensitivity reaction,Paclitaxel,protocols/lung/00304-carboplatin-paclitaxel.json,encoded rule action component
nccp-00655-v3a,00655,Durvalumab 1500 mg Monotherapy – 28 day,hypersensitivity,Relevant drug hypersensitivity,Relevant drug hypersensitivity (Durvalumab),Durvalumab,protocols/lung/00655-durvalumab-maintenance.json,encoded rule action component
nccp-00655-v3a,00655,Durvalumab 1500 mg Monotherapy – 28 day,infection_grade,Infection grade,Infection grade (Durvalumab),Durvalumab,protocols/lung/00655-durvalumab-maintenance.json,encoded rule action component
nccp-00655-v3a,00655,Durvalumab 1500 mg Monotherapy – 28 day,pneumonitis_grade,Immune-mediated pneumonitis / interstitial lung disease grade,Immune-mediated pneumonitis / interstitial lung disease grade (Durvalumab),Durvalumab,protocols/lung/00655-durvalumab-maintenance.json,encoded rule action component
nccp-00655-v3a,00655,Durvalumab 1500 mg Monotherapy – 28 day,diarrhoea_colitis_grade,Immune-mediated diarrhoea / colitis grade,Immune-mediated diarrhoea / colitis grade (Durvalumab),Durvalumab,protocols/lung/00655-durvalumab-maintenance.json,encoded rule action component
nccp-00655-v3a,00655,Durvalumab 1500 mg Monotherapy – 28 day,endocrine_status,Immune-mediated endocrine status,Immune-mediated endocrine status (Durvalumab),Durvalumab,protocols/lung/00655-durvalumab-maintenance.json,encoded rule action component
nccp-00655-v3a,00655,Durvalumab 1500 mg Monotherapy – 28 day,rash_grade,Immune-mediated rash / dermatitis grade,Immune-mediated rash / dermatitis grade (Durvalumab),Durvalumab,protocols/lung/00655-durvalumab-maintenance.json,encoded rule action component
nccp-00655-v3a,00655,Durvalumab 1500 mg Monotherapy – 28 day,rash_grade_2_over_one_week,Grade 2 rash lasting more than one week,Grade 2 rash lasting more than one week (Durvalumab),Durvalumab,protocols/lung/00655-durvalumab-maintenance.json,encoded rule action component
nccp-00655-v3a,00655,Durvalumab 1500 mg Monotherapy – 28 day,myocarditis_grade,Immune-mediated myocarditis grade,Immune-mediated myocarditis grade (Durvalumab),Durvalumab,protocols/lung/00655-durvalumab-maintenance.json,encoded rule action component
nccp-00655-v3a,00655,Durvalumab 1500 mg Monotherapy – 28 day,myositis_grade,Immune-mediated myositis / polymyositis grade,Immune-mediated myositis / polymyositis grade (Durvalumab),Durvalumab,protocols/lung/00655-durvalumab-maintenance.json,encoded rule action component
nccp-00655-v3a,00655,Durvalumab 1500 mg Monotherapy – 28 day,serious_neurological_irae_grade,Serious immune-mediated neurological syndrome grade,Serious immune-mediated neurological syndrome grade (Durvalumab),Durvalumab,protocols/lung/00655-durvalumab-maintenance.json,encoded rule action component
nccp-00655-v3a,00655,Durvalumab 1500 mg Monotherapy – 28 day,infusion_reaction_grade,Infusion-related reaction grade,Infusion-related reaction grade (Durvalumab),Durvalumab,protocols/lung/00655-durvalumab-maintenance.json,encoded rule action component
nccp-00655-v3a,00655,Durvalumab 1500 mg Monotherapy – 28 day,other_immune_toxicity_grade,Other immune-mediated toxicity grade,Other immune-mediated toxicity grade (Durvalumab),Durvalumab,protocols/lung/00655-durvalumab-maintenance.json,encoded rule action component
nccp-00655-v3a,00655,Durvalumab 1500 mg Monotherapy – 28 day,recurrent_grade_3_immune_toxicity,Recurrent grade 3 immune-mediated toxicity,Recurrent grade 3 immune-mediated toxicity (Durvalumab),Durvalumab,protocols/lung/00655-durvalumab-maintenance.json,encoded rule action component
nccp-00655-v3a,00655,Durvalumab 1500 mg Monotherapy – 28 day,other_nonimmune_toxicity_grade,Other non-immune adverse reaction grade,Other non-immune adverse reaction grade (Durvalumab),Durvalumab,protocols/lung/00655-durvalumab-maintenance.json,encoded rule action component
nccp-00689-v4,00689,"Atezolizumab, Carboplatin AUC 5 and Etoposide 100 mg/m² — 21 day",hypersensitivity,Relevant drug hypersensitivity,Relevant drug hypersensitivity (Atezolizumab),Atezolizumab,protocols/lung/00689-atezolizumab-carboplatin-etoposide.json,encoded rule action component
nccp-00689-v4,00689,"Atezolizumab, Carboplatin AUC 5 and Etoposide 100 mg/m² — 21 day",pneumonitis_grade,Immune-mediated pneumonitis / interstitial lung disease grade,Immune-mediated pneumonitis / interstitial lung disease grade (Atezolizumab),Atezolizumab,protocols/lung/00689-atezolizumab-carboplatin-etoposide.json,encoded rule action component
nccp-00689-v4,00689,"Atezolizumab, Carboplatin AUC 5 and Etoposide 100 mg/m² — 21 day",diarrhoea_colitis_grade,Immune-mediated diarrhoea / colitis grade,Immune-mediated diarrhoea / colitis grade (Atezolizumab),Atezolizumab,protocols/lung/00689-atezolizumab-carboplatin-etoposide.json,encoded rule action component
nccp-00689-v4,00689,"Atezolizumab, Carboplatin AUC 5 and Etoposide 100 mg/m² — 21 day",endocrine_status,Immune-mediated endocrine status,Immune-mediated endocrine status (Atezolizumab),Atezolizumab,protocols/lung/00689-atezolizumab-carboplatin-etoposide.json,encoded rule action component
nccp-00689-v4,00689,"Atezolizumab, Carboplatin AUC 5 and Etoposide 100 mg/m² — 21 day",rash_grade,Immune-mediated rash / dermatitis grade,Immune-mediated rash / dermatitis grade (Atezolizumab),Atezolizumab,protocols/lung/00689-atezolizumab-carboplatin-etoposide.json,encoded rule action component
nccp-00689-v4,00689,"Atezolizumab, Carboplatin AUC 5 and Etoposide 100 mg/m² — 21 day",scar_status,Severe cutaneous adverse reaction (SCAR) status,Severe cutaneous adverse reaction (SCAR) status (Atezolizumab),Atezolizumab,protocols/lung/00689-atezolizumab-carboplatin-etoposide.json,encoded rule action component
nccp-00689-v4,00689,"Atezolizumab, Carboplatin AUC 5 and Etoposide 100 mg/m² — 21 day",myocarditis_grade,Immune-mediated myocarditis grade,Immune-mediated myocarditis grade (Atezolizumab),Atezolizumab,protocols/lung/00689-atezolizumab-carboplatin-etoposide.json,encoded rule action component
nccp-00689-v4,00689,"Atezolizumab, Carboplatin AUC 5 and Etoposide 100 mg/m² — 21 day",myositis_grade,Immune-mediated myositis / polymyositis grade,Immune-mediated myositis / polymyositis grade (Atezolizumab),Atezolizumab,protocols/lung/00689-atezolizumab-carboplatin-etoposide.json,encoded rule action component
nccp-00689-v4,00689,"Atezolizumab, Carboplatin AUC 5 and Etoposide 100 mg/m² — 21 day",serious_neurological_irae_grade,Serious immune-mediated neurological syndrome grade,Serious immune-mediated neurological syndrome grade (Atezolizumab),Atezolizumab,protocols/lung/00689-atezolizumab-carboplatin-etoposide.json,encoded rule action component
nccp-00689-v4,00689,"Atezolizumab, Carboplatin AUC 5 and Etoposide 100 mg/m² — 21 day",infusion_reaction_grade,Infusion-related reaction grade,Infusion-related reaction grade (Atezolizumab),Atezolizumab,protocols/lung/00689-atezolizumab-carboplatin-etoposide.json,encoded rule action component
nccp-00689-v4,00689,"Atezolizumab, Carboplatin AUC 5 and Etoposide 100 mg/m² — 21 day",other_immune_toxicity_grade,Other immune-mediated toxicity grade,Other immune-mediated toxicity grade (Atezolizumab),Atezolizumab,protocols/lung/00689-atezolizumab-carboplatin-etoposide.json,encoded rule action component
nccp-00689-v4,00689,"Atezolizumab, Carboplatin AUC 5 and Etoposide 100 mg/m² — 21 day",recurrent_grade_3_immune_toxicity,Recurrent grade 3 immune-mediated toxicity,Recurrent grade 3 immune-mediated toxicity (Atezolizumab),Atezolizumab,protocols/lung/00689-atezolizumab-carboplatin-etoposide.json,encoded rule action component
nccp-00689-v4,00689,"Atezolizumab, Carboplatin AUC 5 and Etoposide 100 mg/m² — 21 day",pancreatitis_grade,Immune-mediated pancreatitis grade,Immune-mediated pancreatitis grade (Atezolizumab),Atezolizumab,protocols/lung/00689-atezolizumab-carboplatin-etoposide.json,encoded rule action component
nccp-00689-v4,00689,"Atezolizumab, Carboplatin AUC 5 and Etoposide 100 mg/m² — 21 day",pericardial_disorder_grade,Immune-mediated pericardial disorder grade,Immune-mediated pericardial disorder grade (Atezolizumab),Atezolizumab,protocols/lung/00689-atezolizumab-carboplatin-etoposide.json,encoded rule action component
nccp-00310-v7,00310,Gemcitabine 1000 mg/m² and Carboplatin AUC 5 Therapy — 21 day,pneumonitis_grade,Pneumonitis grade,Pneumonitis grade (Gemcitabine),Gemcitabine,protocols/lung/00310-gemcitabine-carboplatin.json,encoded rule action component
nccp-00310-v7,00310,Gemcitabine 1000 mg/m² and Carboplatin AUC 5 Therapy — 21 day,scar_status,Severe cutaneous adverse reaction,Severe cutaneous adverse reaction (Gemcitabine),Gemcitabine,protocols/lung/00310-gemcitabine-carboplatin.json,encoded rule action component
nccp-00593-v10a,00593,Atezolizumab 1680 mg Monotherapy – 28 day,hypersensitivity,Relevant drug hypersensitivity,Relevant drug hypersensitivity (Atezolizumab),Atezolizumab,protocols/lung/00593-atezolizumab-maintenance.json,encoded rule action component
nccp-00593-v10a,00593,Atezolizumab 1680 mg Monotherapy – 28 day,pneumonitis_grade,Immune-mediated pneumonitis / interstitial lung disease grade,Immune-mediated pneumonitis / interstitial lung disease grade (Atezolizumab),Atezolizumab,protocols/lung/00593-atezolizumab-maintenance.json,encoded rule action component
nccp-00593-v10a,00593,Atezolizumab 1680 mg Monotherapy – 28 day,diarrhoea_colitis_grade,Immune-mediated diarrhoea / colitis grade,Immune-mediated diarrhoea / colitis grade (Atezolizumab),Atezolizumab,protocols/lung/00593-atezolizumab-maintenance.json,encoded rule action component
nccp-00593-v10a,00593,Atezolizumab 1680 mg Monotherapy – 28 day,endocrine_status,Immune-mediated endocrine status,Immune-mediated endocrine status (Atezolizumab),Atezolizumab,protocols/lung/00593-atezolizumab-maintenance.json,encoded rule action component
nccp-00593-v10a,00593,Atezolizumab 1680 mg Monotherapy – 28 day,rash_grade,Immune-mediated rash / dermatitis grade,Immune-mediated rash / dermatitis grade (Atezolizumab),Atezolizumab,protocols/lung/00593-atezolizumab-maintenance.json,encoded rule action component
nccp-00593-v10a,00593,Atezolizumab 1680 mg Monotherapy – 28 day,scar_status,Severe cutaneous adverse reaction (SCAR) status,Severe cutaneous adverse reaction (SCAR) status (Atezolizumab),Atezolizumab,protocols/lung/00593-atezolizumab-maintenance.json,encoded rule action component
nccp-00593-v10a,00593,Atezolizumab 1680 mg Monotherapy – 28 day,myocarditis_grade,Immune-mediated myocarditis grade,Immune-mediated myocarditis grade (Atezolizumab),Atezolizumab,protocols/lung/00593-atezolizumab-maintenance.json,encoded rule action component
nccp-00593-v10a,00593,Atezolizumab 1680 mg Monotherapy – 28 day,myositis_grade,Immune-mediated myositis / polymyositis grade,Immune-mediated myositis / polymyositis grade (Atezolizumab),Atezolizumab,protocols/lung/00593-atezolizumab-maintenance.json,encoded rule action component
nccp-00593-v10a,00593,Atezolizumab 1680 mg Monotherapy – 28 day,serious_neurological_irae_grade,Serious immune-mediated neurological syndrome grade,Serious immune-mediated neurological syndrome grade (Atezolizumab),Atezolizumab,protocols/lung/00593-atezolizumab-maintenance.json,encoded rule action component
nccp-00593-v10a,00593,Atezolizumab 1680 mg Monotherapy – 28 day,infusion_reaction_grade,Infusion-related reaction grade,Infusion-related reaction grade (Atezolizumab),Atezolizumab,protocols/lung/00593-atezolizumab-maintenance.json,encoded rule action component
nccp-00593-v10a,00593,Atezolizumab 1680 mg Monotherapy – 28 day,other_immune_toxicity_grade,Other immune-mediated toxicity grade,Other immune-mediated toxicity grade (Atezolizumab),Atezolizumab,protocols/lung/00593-atezolizumab-maintenance.json,encoded rule action component
nccp-00593-v10a,00593,Atezolizumab 1680 mg Monotherapy – 28 day,recurrent_grade_3_immune_toxicity,Recurrent grade 3 immune-mediated toxicity,Recurrent grade 3 immune-mediated toxicity (Atezolizumab),Atezolizumab,protocols/lung/00593-atezolizumab-maintenance.json,encoded rule action component
nccp-00593-v10a,00593,Atezolizumab 1680 mg Monotherapy – 28 day,pancreatitis_grade,Immune-mediated pancreatitis grade,Immune-mediated pancreatitis grade (Atezolizumab),Atezolizumab,protocols/lung/00593-atezolizumab-maintenance.json,encoded rule action component
nccp-00593-v10a,00593,Atezolizumab 1680 mg Monotherapy – 28 day,pericardial_disorder_grade,Immune-mediated pericardial disorder grade,Immune-mediated pericardial disorder grade (Atezolizumab),Atezolizumab,protocols/lung/00593-atezolizumab-maintenance.json,encoded rule action component
nccp-00558-v12b,00558,Pembrolizumab 400 mg Monotherapy,hypersensitivity,Relevant pembrolizumab hypersensitivity,Relevant pembrolizumab hypersensitivity,Pembrolizumab,protocols/shared/00558-pembrolizumab-400mg-monotherapy.json,encoded rule action component
nccp-00558-v12b,00558,Pembrolizumab 400 mg Monotherapy,pneumonitis_grade,Immune-mediated pneumonitis grade,Immune-mediated pneumonitis grade (Pembrolizumab),Pembrolizumab,protocols/shared/00558-pembrolizumab-400mg-monotherapy.json,encoded rule action component
nccp-00558-v12b,00558,Pembrolizumab 400 mg Monotherapy,endocrine_status,Immune-mediated endocrine status,Immune-mediated endocrine status (Pembrolizumab),Pembrolizumab,protocols/shared/00558-pembrolizumab-400mg-monotherapy.json,encoded rule action component
nccp-00558-v12b,00558,Pembrolizumab 400 mg Monotherapy,infusion_reaction_grade,Infusion reaction grade,Infusion reaction grade (Pembrolizumab),Pembrolizumab,protocols/shared/00558-pembrolizumab-400mg-monotherapy.json,encoded rule action component
nccp-00742-v3,00742,Lomustine and Bevacizumab 5 mg/kg Therapy,hypersensitivity,Relevant bevacizumab / CHO-product hypersensitivity,Relevant bevacizumab / CHO-product hypersensitivity,Bevacizumab,protocols/neuro-oncology/00742-lomustine-and-bevacizumab-5-mg-kg-therapy.json,encoded rule action component
nccp-00742-v3,00742,Lomustine and Bevacizumab 5 mg/kg Therapy,hypertension_grade,Hypertension grade,Hypertension grade (Bevacizumab),Bevacizumab,protocols/neuro-oncology/00742-lomustine-and-bevacizumab-5-mg-kg-therapy.json,encoded rule action component
nccp-00742-v3,00742,Lomustine and Bevacizumab 5 mg/kg Therapy,fistula_grade,Fistula grade,Fistula grade (Bevacizumab),Bevacizumab,protocols/neuro-oncology/00742-lomustine-and-bevacizumab-5-mg-kg-therapy.json,encoded rule action component
nccp-00742-v3,00742,Lomustine and Bevacizumab 5 mg/kg Therapy,thromboembolic_event_grade,Thromboembolic event grade,Thromboembolic event grade (Bevacizumab),Bevacizumab,protocols/neuro-oncology/00742-lomustine-and-bevacizumab-5-mg-kg-therapy.json,encoded rule action component
nccp-00742-v3,00742,Lomustine and Bevacizumab 5 mg/kg Therapy,haemorrhage_grade,Haemorrhage grade,Haemorrhage grade (Bevacizumab),Bevacizumab,protocols/neuro-oncology/00742-lomustine-and-bevacizumab-5-mg-kg-therapy.json,encoded rule action component
nccp-00804-v2,00804,Lomustine and Bevacizumab 7.5 mg/kg Therapy,hypersensitivity,Relevant bevacizumab / CHO-product hypersensitivity,Relevant bevacizumab / CHO-product hypersensitivity,Bevacizumab,protocols/neuro-oncology/00804-lomustine-and-bevacizumab-7-5-mg-kg-therapy.json,encoded rule action component
nccp-00804-v2,00804,Lomustine and Bevacizumab 7.5 mg/kg Therapy,hypertension_grade,Hypertension grade,Hypertension grade (Bevacizumab),Bevacizumab,protocols/neuro-oncology/00804-lomustine-and-bevacizumab-7-5-mg-kg-therapy.json,encoded rule action component
nccp-00804-v2,00804,Lomustine and Bevacizumab 7.5 mg/kg Therapy,fistula_grade,Fistula grade,Fistula grade (Bevacizumab),Bevacizumab,protocols/neuro-oncology/00804-lomustine-and-bevacizumab-7-5-mg-kg-therapy.json,encoded rule action component
nccp-00804-v2,00804,Lomustine and Bevacizumab 7.5 mg/kg Therapy,thromboembolic_event_grade,Thromboembolic event grade,Thromboembolic event grade (Bevacizumab),Bevacizumab,protocols/neuro-oncology/00804-lomustine-and-bevacizumab-7-5-mg-kg-therapy.json,encoded rule action component
nccp-00804-v2,00804,Lomustine and Bevacizumab 7.5 mg/kg Therapy,haemorrhage_grade,Haemorrhage grade,Haemorrhage grade (Bevacizumab),Bevacizumab,protocols/neuro-oncology/00804-lomustine-and-bevacizumab-7-5-mg-kg-therapy.json,encoded rule action component
nccp-00813-v2,00813,Bevacizumab 5 mg/kg Monotherapy – 14 Day,hypersensitivity,Relevant bevacizumab / CHO-product hypersensitivity,Relevant bevacizumab / CHO-product hypersensitivity,Bevacizumab,protocols/neuro-oncology/00813-bevacizumab-5-mg-kg-monotherapy-14-day.json,encoded rule action component
nccp-00813-v2,00813,Bevacizumab 5 mg/kg Monotherapy – 14 Day,hypertension_grade,Hypertension grade,Hypertension grade (Bevacizumab),Bevacizumab,protocols/neuro-oncology/00813-bevacizumab-5-mg-kg-monotherapy-14-day.json,encoded rule action component
nccp-00813-v2,00813,Bevacizumab 5 mg/kg Monotherapy – 14 Day,fistula_grade,Fistula grade,Fistula grade (Bevacizumab),Bevacizumab,protocols/neuro-oncology/00813-bevacizumab-5-mg-kg-monotherapy-14-day.json,encoded rule action component
nccp-00813-v2,00813,Bevacizumab 5 mg/kg Monotherapy – 14 Day,thromboembolic_event_grade,Thromboembolic event grade,Thromboembolic event grade (Bevacizumab),Bevacizumab,protocols/neuro-oncology/00813-bevacizumab-5-mg-kg-monotherapy-14-day.json,encoded rule action component
nccp-00813-v2,00813,Bevacizumab 5 mg/kg Monotherapy – 14 Day,haemorrhage_grade,Haemorrhage grade,Haemorrhage grade (Bevacizumab),Bevacizumab,protocols/neuro-oncology/00813-bevacizumab-5-mg-kg-monotherapy-14-day.json,encoded rule action component
