code,title,tumour_group,protocol_id,path,nccp_version,published_date,review_date,last_reviewed_date,source_url,source_version_verified,partial_assessment_supported,required_inputs_count,statically_required_field_count,rule_count,input_count,consultant_reviewed,oncology_pharmacy_reviewed,clinical_use_authorised
00200,Trastuzumab Intravenous Monotherapy – 21 days,Breast,nccp-00200-vcurrent,protocols/breast/00200-trastuzumab-iv-q21d.json,8,2014-02-10,2021-07-21,2021-07-21,https://healthservice.hse.ie/documents/6330/200_Trastuzumab_21days_Ubeecpc.pdf,true,true,0,0,7,12,false,false,false
00201,Trastuzumab Intravenous Monotherapy – 7 days,Breast,nccp-00201-v6,protocols/breast/00201-trastuzumab-iv-weekly.json,6,2022-12-20,2029-04-12,,https://healthservice.hse.ie/documents/6540/201_v6_Trastuzumab_IV_7_days.pdf,false,true,0,0,7,12,false,false,false
00202,Docetaxel Monotherapy 100 mg/m² – 21 day,Breast,nccp-00202-v7,protocols/breast/00202-docetaxel-100-21-day.json,7,,,,https://healthservice.hse.ie/documents/6541/202_v7_Docetaxel_100_21_day.pdf,false,true,0,0,2,5,false,false,false
00204,"Pertuzumab, Trastuzumab and Docetaxel Therapy – 21 day cycle",Breast,nccp-00204-v11,protocols/breast/00204-pertuzumab-trastuzumab-docetaxel.json,11,2022-12-20,2029-05-27,,https://healthservice.hse.ie/documents/6545/204_v11_PertuzumabTrasDoc.pdf,false,true,0,0,14,19,false,false,false
00206,Trastuzumab Emtansine (T-DM1) Therapy – 21 days,Breast,nccp-00206-vcurrent,protocols/breast/00206-t-dm1-metastatic.json,5,2015-10-01,2021-07-28,2021-07-28,https://healthservice.hse.ie/documents/6547/206_Trastuzumab_Emtansine_21days.pdf,true,true,0,0,11,13,false,false,false
00217,Lapatinib and Capecitabine Therapy - 21 days,Breast,nccp-00217-vcurrent,protocols/breast/00217-lapatinib-capecitabine.json,7,2015-01-11,2031-04-21,,https://healthservice.hse.ie/documents/6559/217_Lapatinib_and_Capecitabine_therapy.pdf,true,true,0,0,16,16,false,false,false
00230,nab-Paclitaxel Monotherapy - 21 day,Breast,nccp-00230-v7,protocols/breast/00230-nab-paclitaxel-q21d.json,7,,,,https://healthservice.hse.ie/documents/6565/230_v7_nab-PACLitaxel.pdf,false,true,0,0,11,13,false,false,false
00250,Docetaxel / Cyclophosphamide (TC) Therapy – 21 day,Breast,nccp-00250-v8,protocols/breast/00250-docetaxel-cyclophosphamide.json,8,2015-04-29,2026-04-01,,https://healthservice.hse.ie/documents/6353/250_DOCEtaxel-cycloPHOS_TC.pdf,false,true,0,0,10,14,false,false,false
00252,Doxorubicin and Cyclophosphamide (AC 60/600) Therapy – 21 day,Breast,nccp-00252-v7,protocols/breast/00252-ac-doxorubicin-cyclophosphamide.json,7,2015-04-29,2021-05-12,,https://healthservice.hse.ie/documents/6356/252_DOXO_cycloPHOS_AC.pdf,false,true,0,0,11,16,false,false,false
00253,Tamoxifen Monotherapy,Breast,nccp-00253-vcurrent,protocols/breast/00253-tamoxifen.json,6,2014-11-01,2030-12-19,,https://healthservice.hse.ie/documents/6357/253_Tamoxifen_Monotherapy.pdf,true,true,0,0,9,9,false,false,false
00254,Anastrozole Monotherapy,Breast,nccp-00254-v5,protocols/breast/00254-anastrozole-monotherapy.json,5,,,,https://healthservice.hse.ie/documents/6358/254_v5_Anastrazole.pdf,false,true,0,0,2,8,false,false,false
00258,"Docetaxel, Carboplatin and Trastuzumab (TCH) – 21 days",Breast,nccp-00258-v9,protocols/breast/00258-tch-docetaxel-carboplatin-trastuzumab.json,9,,,,https://healthservice.hse.ie/documents/6362/258_v9_TCH.pdf,false,true,0,0,4,6,false,false,false
00260,AC 21-day followed by weekly Paclitaxel (AC-T),Breast,nccp-00260-v7,protocols/breast/00260-ac-followed-by-weekly-paclitaxel.json,7,,,,https://healthservice.hse.ie/documents/6364/260_v7_AC-T.pdf,false,true,0,0,5,6,false,false,false
00262,Epirubicin 90 and Cyclophosphamide (EC90),Breast,nccp-00262-vcurrent,protocols/breast/00262-ec90.json,8,2015-04-29,2021-05-12,2021-05-12,https://healthservice.hse.ie/documents/6367/262_EC90.pdf,true,true,0,0,2,5,false,false,false
00263,Epirubicin 75 and Cyclophosphamide (EC75),Breast,nccp-00263-vcurrent,protocols/breast/00263-ec75.json,7,2015-04-29,2021-05-12,2021-05-12,https://healthservice.hse.ie/documents/6368/263_EC75.pdf,true,true,0,0,2,5,false,false,false
00265,"5-Fluorouracil, Epirubicin 100 and Cyclophosphamide (FEC100)",Breast,nccp-00265-v6b,protocols/breast/00265-fec100.json,6b,,,,https://healthservice.hse.ie/documents/6690/265_v6b_FEC_100.pdf,false,true,0,0,4,6,false,false,false
00269,"5-Fluorouracil, Epirubicin 50 and Cyclophosphamide (FEC50)",Breast,nccp-00269-v7a,protocols/breast/00269-fec50.json,7a,,,,https://healthservice.hse.ie/documents/6693/269_v7a_FEC50.pdf,false,true,0,0,2,5,false,false,false
00272,Trastuzumab Subcutaneous 21 days – Metastatic Breast Cancer,Breast,nccp-00272-v4,protocols/breast/00272-trastuzumab-sc-q21d-metastatic.json,4,2022-12-20,2029-04-12,,https://healthservice.hse.ie/documents/6694/272_v4_Trastuzumab_SC_21days_MBC.pdf,false,true,0,0,7,12,false,false,false
00278,Dose-dense AC followed by Paclitaxel 175 mg/m² every 14 days,Breast,nccp-00278-v7,protocols/breast/00278-dose-dense-ac-paclitaxel-14-day.json,7,,,,https://healthservice.hse.ie/documents/6696/278_v7_Dose_DenseAC-T_Pacli_14_day.pdf,false,true,0,0,4,6,false,false,false
00285,Trastuzumab Subcutaneous 21 days – Early Breast Cancer,Breast,nccp-00285-v4,protocols/breast/00285-trastuzumab-sc-q21d-ebc.json,4,2022-12-20,2029-04-12,,https://healthservice.hse.ie/documents/6700/285_v4_Trastuzumab_SC_21days_EBC.pdf,false,true,0,0,7,12,false,false,false
00316,Dose-dense AC followed by Paclitaxel every 14 days and Trastuzumab,Breast,nccp-00316-v6,protocols/breast/00316-ddac-paclitaxel-14-day-trastuzumab.json,6,,,,https://healthservice.hse.ie/documents/6717/316_v6_Dose_Dense_AC-TH.pdf,false,true,0,0,4,6,false,false,false
00322,Everolimus and Exemestane Therapy,Breast,nccp-00322-v4,protocols/breast/00322-everolimus-exemestane.json,4,,,,https://healthservice.hse.ie/documents/6720/322_v4_Everolimus_and_Exemestane.pdf,false,true,0,0,2,8,false,false,false
00348,Carboplatin AUC 6 and weekly Paclitaxel followed by dose-dense AC,Breast,nccp-00348-v8a,protocols/breast/00348-carbo-auc6-paclitaxel-ddac.json,8a,2016-12-01,2030-06-13,,https://healthservice.hse.ie/documents/6812/348_Carboplatin_AUC_6_and_weekly_Paclitaxel_80mgm2.pdf,false,true,0,0,30,27,false,false,false
00350,Pertuzumab and Trastuzumab with Chemotherapy,Breast,nccp-00350-v3,protocols/breast/00350-pertuzumab-trastuzumab-chemotherapy.json,3,2019-07-24,2026-07-21,,https://healthservice.hse.ie/documents/6813/350_v3_Pertuzumab_Trastuz_Chemo.pdf,false,true,0,0,32,24,false,false,false
00361,Fulvestrant Monotherapy,Breast,nccp-00361-vcurrent,protocols/breast/00361-fulvestrant-monotherapy.json,4,2016-11-11,2031-01-20,,https://healthservice.hse.ie/documents/6816/361_Fulvestrant_Therapy.pdf,true,true,0,0,2,8,false,false,false
00371,Letrozole Monotherapy,Breast,nccp-00371-vcurrent,protocols/breast/00371-letrozole-monotherapy.json,4,2016-11-11,2031-02-23,,https://healthservice.hse.ie/documents/6817/371_Letrozole_.pdf,true,true,0,0,2,8,false,false,false
00376,Exemestane Monotherapy,Breast,nccp-00376-vcurrent,protocols/breast/00376-exemestane-monotherapy.json,4,2016-11-11,2031-01-20,,https://healthservice.hse.ie/documents/6568/376_Exemestane_therapy.pdf,true,true,0,0,2,8,false,false,false
00377,"Cyclophosphamide (oral), Methotrexate and 5-Fluorouracil (CMF)",Breast,nccp-00377-v6,protocols/breast/00377-cmf-oral.json,6,,,,https://healthservice.hse.ie/documents/6337/377_v6_CMF_oral.pdf,false,true,0,0,2,5,false,false,false
00378,"Cyclophosphamide (IV), Methotrexate and 5-Fluorouracil (CMF) – 28 day",Breast,nccp-00378-v6,protocols/breast/00378-cmf-iv-28-day.json,6,,,,https://healthservice.hse.ie/documents/6344/378_v6_cycloPHOSphamideIV_Methotrexate_5-FU_CMF.pdf,false,true,0,0,2,5,false,false,false
00381,"Cyclophosphamide (IV), Methotrexate and 5-Fluorouracil (CMF) – 21 day",Breast,nccp-00381-v6,protocols/breast/00381-cmf-iv-21-day.json,6,,,,https://healthservice.hse.ie/documents/6346/381_v6_CMF_IV_21_Day.pdf,false,true,0,0,2,5,false,false,false
00414,Palbociclib Therapy - 28 day,Breast,nccp-00414-vcurrent,protocols/breast/00414-palbociclib.json,5,,,,https://healthservice.hse.ie/documents/6457/414_v5_Palbociclib_o9nHDn7.pdf,false,true,0,0,11,10,false,false,false
00423,Doxorubicin 50 mg/m² and Docetaxel 75 mg/m² (AT 50/75),Breast,nccp-00423-vcurrent,protocols/breast/00423-at-doxorubicin-docetaxel.json,5,2017-07-07,2021-06-23,2021-06-23,https://healthservice.hse.ie/documents/6823/423_DOXO_DOCEtaxel_AT_50_75-21day.pdf,true,true,0,0,2,5,false,false,false
00430,Gemcitabine and Carboplatin AUC2 - 21 day,Breast,nccp-00430-v6,protocols/breast/00430-gemcitabine-carboplatin.json,6,2016-04-08,2021-03-23,,https://healthservice.hse.ie/documents/6832/430_GemcarboAUC2.pdf,false,true,0,0,15,16,false,false,false
00432,AC followed by weekly Paclitaxel and weekly Trastuzumab (AC-TH),Breast,nccp-00432-v5,protocols/breast/00432-ac-weekly-paclitaxel-trastuzumab.json,5,,,,https://healthservice.hse.ie/documents/6470/432_v5_AC-TH_weekly.pdf,false,true,0,0,5,6,false,false,false
00433,Dose-dense AC followed by weekly Paclitaxel and weekly Trastuzumab,Breast,nccp-00433-v6,protocols/breast/00433-ddac-weekly-paclitaxel-trastuzumab.json,6,,,,https://healthservice.hse.ie/documents/6471/433_v6_Dose_Dense_AC-TH_Weekly.pdf,false,true,0,0,4,6,false,false,false
00485,Dose-dense AC followed by weekly Paclitaxel,Breast,nccp-00485-v6,protocols/breast/00485-dose-dense-ac-weekly-paclitaxel.json,6,,,,https://healthservice.hse.ie/documents/6500/485_v6_Dose_DenseAC-T.pdf,false,true,0,0,4,6,false,false,false
00507,"Pertuzumab, Trastuzumab and Weekly Paclitaxel - 21 day",Breast,nccp-00507-v6,protocols/breast/00507-pertuzumab-trastuzumab-paclitaxel.json,6,2015-04-29,2030-04-14,,https://healthservice.hse.ie/documents/6611/507_v6_Pertuzumab_Tras_PACLitaxel_2jBzcSC.pdf,false,true,0,0,42,33,false,false,false
00512,Paclitaxel 80 mg/m² and Trastuzumab Therapy – 7 day (12 weeks),Breast,nccp-00512-v5,protocols/breast/00512-paclitaxel-trastuzumab-weekly.json,5,2018-01-01,2028-01-01,,https://healthservice.hse.ie/documents/6515/512_v5_PACLitaxel_Trastuzumab_Weekly.pdf,false,true,0,0,11,17,false,false,false
00525,Ribociclib Therapy (Metastatic) - 28 day,Breast,nccp-00525-vcurrent,protocols/breast/00525-ribociclib-metastatic.json,6,,2029-11-29,,https://healthservice.hse.ie/documents/6629/525_v6_Ribociclib_Metastatic_hghzyyD.pdf,false,true,0,0,12,12,false,false,false
00526,"Pertuzumab, Trastuzumab and Vinorelbine - 21 day",Breast,nccp-00526-v5,protocols/breast/00526-pertuzumab-trastuzumab-vinorelbine.json,5,,,,https://healthservice.hse.ie/documents/6630/526_v5_Pertuzumab_Vinorelbine_trastuzumab_zOGbzKp.pdf,false,true,0,0,29,29,false,false,false
00545,Zoledronic Acid Monotherapy,Breast,nccp-00545-v3,protocols/breast/00545-zoledronic-acid-adjuvant.json,3,,,,https://healthservice.hse.ie/documents/6381/545_Zoledronic_acid.pdf,false,true,0,0,8,12,false,false,false
00605,Talazoparib Therapy,Breast,nccp-00605-v2,protocols/breast/00605-talazoparib.json,2,2021-05-01,2028-09-06,,https://healthservice.hse.ie/documents/6414/605_v2_Talazoparib_Therapy.pdf,false,true,0,0,13,12,false,false,false
00619,Abemaciclib with endocrine therapy – adjuvant,Breast,nccp-00619-vcurrent,protocols/breast/00619-abemaciclib-adjuvant.json,4a,2024-05-31,2030-08-11,,https://healthservice.hse.ie/documents/6415/619_Abemaciclib.pdf,true,true,0,0,8,9,false,false,false
00659,Trastuzumab Emtansine (Kadcyla®) Early Breast Cancer Therapy - 21 days,Breast,nccp-00659-v2,protocols/breast/00659-t-dm1-early-breast.json,2,,,,https://healthservice.hse.ie/documents/6680/659_v2_Trastuzumab_Emtansine_EBC_21days.pdf,false,true,0,0,11,13,false,false,false
00688,Atezolizumab and nab-Paclitaxel,Breast,nccp-00688-v2a,protocols/breast/00688-atezolizumab-nab-paclitaxel.json,2a,2020-04-09,2026-09-09,,https://healthservice.hse.ie/documents/6530/688_v2a_Atezolizumab_nab-PACLitaxel.pdf,false,true,0,0,41,42,false,false,false
00720,Neratinib Therapy,Breast,nccp-00720-v2,protocols/breast/00720-neratinib-extended-adjuvant.json,2,,,,https://healthservice.hse.ie/documents/6596/720_v2_Neratinib.pdf,false,true,0,0,20,22,false,false,false
00722,"Docetaxel, Carboplatin, Trastuzumab and Pertuzumab (TCHP) Therapy",Breast,nccp-00722-v2,protocols/breast/00722-tchp-docetaxel-carboplatin-trastuzumab-pertuzumab.json,2,2022-04-22,2028-08-10,,https://healthservice.hse.ie/documents/6598/722_v2_TCHP.pdf,false,true,0,0,32,24,false,false,false
00726,Pertuzumab and Trastuzumab Therapy,Breast,nccp-00726-v3a,protocols/breast/00726-pertuzumab-trastuzumab-maintenance.json,3a,2022-04-13,2029-05-02,,https://healthservice.hse.ie/documents/6599/726_v3a_Pertuzumab_trastuzumab.pdf,false,true,0,0,11,15,false,false,false
00731,"Docetaxel, Carboplatin, Trastuzumab SC and Pertuzumab",Breast,nccp-00731-v2,protocols/breast/00731-tch-subcutaneous-p.json,2,2022-04-22,2028-08-10,,https://healthservice.hse.ie/documents/6601/731_v2_TCHSCP.pdf,false,true,0,0,32,24,false,false,false
00734,Weekly Carboplatin AUC 2 and Paclitaxel followed by dose-dense AC,Breast,nccp-00734-v3,protocols/breast/00734-weekly-carbo-paclitaxel-ddac.json,3,2023-09-26,2029-12-09,,https://healthservice.hse.ie/documents/6605/734_CARBOplatin_AUC2weekly__Paclitaxel_TNBC_v3.pdf,false,true,0,0,30,27,false,false,false
00736,nab-Paclitaxel Weekly Monotherapy - 28 day,Breast,nccp-00736-v2,protocols/breast/00736-nab-paclitaxel-weekly.json,2,,,,https://healthservice.hse.ie/documents/6619/736_v2_nab-PACLitaxel_weekly.pdf,false,true,0,0,11,14,false,false,false
00738,Bevacizumab 10 mg/kg and Paclitaxel 80 mg/m2,Breast,nccp-00738-v3,protocols/breast/00738-bevacizumab-paclitaxel.json,3,,,,https://healthservice.hse.ie/documents/6671/738.pdf,false,true,0,0,24,24,false,false,false
00743,Eribulin Monotherapy – 28 day,Breast,nccp-00743-v3,protocols/breast/00743-eribulin-monotherapy-28-day.json,3,,,,https://healthservice.hse.ie/documents/6623/743_v3_eriBULin_Monotherapy_28_day.pdf,false,true,0,0,2,5,false,false,false
00745,Dose-dense AC followed by weekly Paclitaxel and Trastuzumab every 21 days,Breast,nccp-00745-v2a,protocols/breast/00745-ddac-weekly-paclitaxel-trastuzumab-q21d.json,2a,,,,https://healthservice.hse.ie/documents/6624/745_v2a_DDAC_TH_21_day.pdf,false,true,0,0,4,6,false,false,false
00749,Gemcitabine 800 mg/m² Monotherapy – 28 day,Breast,nccp-00749-v3,protocols/breast/00749-gemcitabine-800-monotherapy.json,3,,,,https://healthservice.hse.ie/documents/6672/749_v3_Gemcitabine_800_Monotherapy.pdf,false,true,0,0,2,5,false,false,false
00775,"Pertuzumab, Trastuzumab, Paclitaxel and Carboplatin (TRAIN-2)",Breast,nccp-00775-v3,protocols/breast/00775-pertuzumab-trastuzumab-paclitaxel-carboplatin-train2.json,3,2022-12-12,2029-06-07,,https://healthservice.hse.ie/documents/6662/775_v3_Pertuzumab_trastuzumab_PACLitaxel_CARBOplatin.pdf,false,true,0,0,32,24,false,false,false
00776,Trastuzumab Deruxtecan 5.4 mg/kg (Enhertu) Therapy,Breast,nccp-00776-v3b,protocols/breast/00776-trastuzumab-deruxtecan.json,3b,,,,https://healthservice.hse.ie/documents/6661/Trastuzumab_776_Deruxtecan_5.4mg_Therapy.pdf,false,true,0,0,22,16,false,false,false
00785,Pertuzumab and Trastuzumab (Phesgo®) Maintenance Therapy,Breast,nccp-00785-v3a,protocols/breast/00785-phesgo-maintenance.json,3,2022-12-20,2029-04-12,,https://healthservice.hse.ie/documents/6659/785_v3_Pertuzumab_trastuzumab_Phesgo.pdf,false,true,0,0,11,15,false,false,false
00789,"Docetaxel, Carboplatin and Pertuzumab/Trastuzumab (Phesgo) TCHP",Breast,nccp-00789-v3,protocols/breast/00789-phesgo-tchp.json,3,2022-12-15,2029-06-07,,https://healthservice.hse.ie/documents/6447/789_v3_TCHP_Phesgo.pdf,false,true,0,0,32,24,false,false,false
00790,"Pertuzumab/Trastuzumab (Phesgo), Paclitaxel and Carboplatin (TRAIN-2)",Breast,nccp-00790-v3,protocols/breast/00790-phesgo-paclitaxel-carboplatin-train2.json,3,2022-12-20,2029-07-10,,https://healthservice.hse.ie/documents/6442/790_v3_Phesgo_PACLitaxel_CARBOplatin.pdf,false,true,0,0,32,24,false,false,false
00794,Sacituzumab Govitecan Therapy,Breast,nccp-00794-vcurrent,protocols/breast/00794-sacituzumab-govitecan.json,3,2024-02-23,2030-03-04,,https://healthservice.hse.ie/documents/6417/794_v3_Sacituzumab_Govitecan_Therapy.pdf,false,true,0,0,16,16,false,false,false
00796,Pertuzumab/Trastuzumab (Phesgo®) and Docetaxel Therapy,Breast,nccp-00796-v4,protocols/breast/00796-phesgo-docetaxel.json,4,2022-12-20,2029-05-27,,https://healthservice.hse.ie/documents/6419/796_v4_PertuzumabTrasDoc_Phesgo.pdf,false,true,0,0,14,19,false,false,false
00797,Pertuzumab/Trastuzumab (Phesgo®) and Weekly Paclitaxel Therapy,Breast,nccp-00797-v4,protocols/breast/00797-phesgo-paclitaxel.json,4,2022-12-20,2029-07-10,,https://healthservice.hse.ie/documents/6420/797_v4_PertuzumabTrasPhesgo_PACLitaxel.pdf,false,true,0,0,42,33,false,false,false
00798,Pertuzumab/Trastuzumab (Phesgo®) and Vinorelbine Therapy,Breast,nccp-00798-v3,protocols/breast/00798-phesgo-vinorelbine.json,3,2022-12-20,2029-10-14,,https://healthservice.hse.ie/documents/6421/798_v3_Pertuzumab_trastuzumab_Phesgo_vinorelbine.pdf,false,true,0,0,29,29,false,false,false
00815,Paclitaxel 80 mg/m² weekly and Trastuzumab 21-day,Breast,nccp-00815-v3,protocols/breast/00815-paclitaxel-weekly-trastuzumab-3weekly.json,3,,,,https://healthservice.hse.ie/documents/6427/815_v3_Paclitaxel_weekly_Trastuzumab_3weekly.pdf,false,true,0,0,2,5,false,false,false
00857,"Pembrolizumab, Carboplatin AUC 5 and weekly Paclitaxel 80 mg/m² followed by Doxorubicin and Cyclophosphamide (AC 60/600) Therapy",Breast,nccp-00857-v3,protocols/breast/00857-pembro-carbo-paclitaxel-ac.json,3,2024-06-04,2030-10-22,,https://healthservice.hse.ie/documents/6450/857_v3_Pembro_Carbo_5_Pacli_80_AC60_600.pdf,false,true,0,0,30,27,false,false,false
00858,"Pembrolizumab 200 mg, weekly Carboplatin AUC 1.5 and Paclitaxel 80 mg/m² followed by Doxorubicin and Cyclophosphamide Therapy",Breast,nccp-00858-v3,protocols/breast/00858-pembro-weekly-carbo-paclitaxel-ac.json,3,2024-06-04,2030-10-22,,https://healthservice.hse.ie/documents/6451/858_v3_Pembro_Carbo_1.5_Pacli_80_AC60_600_.pdf,false,true,0,0,30,27,false,false,false
00860,"Pembrolizumab 400 mg, Carboplatin AUC 5 and weekly Paclitaxel followed by dose-dense AC",Breast,nccp-00860-v2,protocols/breast/00860-pembro400-carbo-paclitaxel-ddac.json,2,2024-06-14,2030-08-11,,https://healthservice.hse.ie/documents/6452/860_v2_Pembro_Carbo_AUC_5_Pacli_80_DDAC.pdf,false,true,0,0,30,27,false,false,false
00861,"Pembrolizumab 400 mg, weekly Carboplatin AUC 1.5 and Paclitaxel followed by dose-dense AC",Breast,nccp-00861-v2,protocols/breast/00861-pembro400-weekly-carbo-paclitaxel-ddac.json,2,2024-06-14,2030-08-11,,https://healthservice.hse.ie/documents/6453/861_v2_Pembro_Carbo_AUC_1.5_Pacli_80_DDAC.pdf,false,true,0,0,30,27,false,false,false
00892,Ribociclib Therapy (Adjuvant) - 28 day,Breast,nccp-00892-v2,protocols/breast/00892-ribociclib-adjuvant.json,2,2025-01-27,2031-01-20,,https://healthservice.hse.ie/documents/6649/892_Ribociclib_Adjuvant.pdf,false,true,0,0,12,12,false,false,false
00936,"Tucatinib, Trastuzumab and Capecitabine Therapy - 21 days",Breast,nccp-00936-vcurrent,protocols/breast/00936-tucatinib-trastuzumab-capecitabine.json,1,2026-02-18,2027-02-18,,https://healthservice.hse.ie/documents/8391/936_Tucatinib_Regimen.pdf,true,true,0,0,15,16,false,false,false
00212,Bevacizumab 10 mg/kg – 14 days,Breast,nccp-00212-v6a,protocols/breast/00212-bevacizumab-q14d.json,6a,2015-06-12,2021-04-28,,https://healthservice.hse.ie/documents/6942/212_V6a_Bevacizumab_10mgkg.pdf,false,true,0,0,22,24,false,false,false
00203,Docetaxel Monotherapy 75 mg/m² – 21 day cycle,Breast,nccp-00203-v7,protocols/breast/00203-docetaxel-75-21-day.json,7,,,,https://healthservice.hse.ie/documents/6543/203_DOCEtaxel_75-21day.pdf,false,true,0,0,10,8,false,false,false
00226,"Paclitaxel Monotherapy 80mg/m² Day 1, 8, 15 and 22 – 28 Day",Breast,nccp-00226-v9,protocols/shared/00226-paclitaxel-monotherapy-weekly.json,9,2015-04-29,2030-04-14,,https://healthservice.hse.ie/documents/6562/226_V9_Paclitaxel_80.pdf,false,true,0,0,29,19,false,false,false
00621,"Paclitaxel 80 mg/m² Days 1, 8 and 15 – 28 day",Breast,nccp-00621-v9,protocols/breast/00621-paclitaxel-weekly-3-of-4.json,3,2015-04-29,2030-04-14,,https://healthservice.hse.ie/documents/6688/621_V3_Paclitaxel_80.pdf,false,true,0,0,29,19,false,false,false
00251,Carboplatin AUC 4-6 Monotherapy - 28 day,Breast,nccp-00251-v6,protocols/breast/00251-carboplatin-q28d.json,6,,,,https://healthservice.hse.ie/documents/6355/251_CARBOplatin_AUC4-6_28days.pdf,false,true,0,0,8,11,false,false,false
00261,Carboplatin AUC 4-6 Monotherapy - 21 day,Breast,nccp-00261-v7,protocols/breast/00261-carboplatin-q21d.json,7,,,,https://healthservice.hse.ie/documents/6366/261_CARBOplatinAUC4-6_21days.pdf,false,true,0,0,8,11,false,false,false
00205,Pegylated Liposomal Doxorubicin 50 mg/m² – 28 day,Breast,nccp-00205-v8,protocols/breast/00205-pegylated-liposomal-doxorubicin.json,8,,,,https://healthservice.hse.ie/documents/6546/205_V8_Peg_Lipo_DOXO_28_day.pdf,false,true,0,0,13,18,false,false,false
00259,Oral Vinorelbine Monotherapy - 7 days,,nccp-00259-v6,protocols/breast/00259-vinorelbine-oral.json,6,,,,https://healthservice.hse.ie/documents/6363/259_Vinorelbine_Oral.pdf,false,true,0,0,11,18,false,false,false
00232,Intravenous Vinorelbine Monotherapy - 21 days,Breast,nccp-00232-v5,protocols/breast/00232-vinorelbine-iv.json,5,,,,https://healthservice.hse.ie/documents/6567/232_v5_Vinorelbine_IV.pdf,false,true,0,0,17,14,false,false,false
00228,Eribulin Monotherapy,,nccp-00228-v8,protocols/breast/00228-eribulin-monotherapy.json,8,,,,https://healthservice.hse.ie/documents/6564/228_eriBULin.pdf,false,true,0,0,16,18,false,false,false
00209,FOLFOX-6 Modified Therapy – 14 day,Gastrointestinal,nccp-00209-v10a,protocols/gastrointestinal/00209-modified-folfox6.json,10a,2015-01-10,2030-10-31,,https://healthservice.hse.ie/documents/6549/209_v10a_FOLFOX_6_Modified.pdf,false,true,0,0,32,29,false,false,false
00210,FOLFOX-4 Therapy – 14 day,Gastrointestinal,nccp-00210-v9b,protocols/gastrointestinal/00210-folfox-4-therapy-14-day.json,9b,,,,https://healthservice.hse.ie/documents/6550/210_v9b_FOLFOX4.pdf,false,true,0,0,15,13,false,false,false
00213,Irinotecan Monotherapy – 21 day,Gastrointestinal,nccp-00213-v7,protocols/gastrointestinal/00213-irinotecan-monotherapy-21-day.json,7,,,,https://healthservice.hse.ie/documents/6553/00213_Irinotecan_Monotherapy.pdf,false,true,0,0,10,11,false,false,false
00216,Capecitabine Monotherapy,Gastrointestinal,nccp-00216-v8,protocols/gastrointestinal/00216-capecitabine-monotherapy.json,8,2015-01-10,2030-01-27,,https://healthservice.hse.ie/documents/6558/216_v8_Capecitabine.pdf,false,true,0,0,14,19,false,false,false
00225,Panitumumab 6 mg/kg Therapy,Gastrointestinal,nccp-00225-v6,protocols/gastrointestinal/00225-panitumumab-6-mg-kg-therapy.json,6,,,,https://healthservice.hse.ie/documents/6560/225_Panitumumab_6mgkg.pdf,false,true,0,0,6,7,false,false,false
00227,FOLFIRI Therapy - 14 day,Gastrointestinal,nccp-00227-v9,protocols/gastrointestinal/00227-folfiri.json,9,2015-01-10,2030-01-27,,https://healthservice.hse.ie/documents/6563/227_v9_FOLFIRI.pdf,false,true,0,0,33,26,false,false,false
00235,Teysuno (S-1) and Cisplatin – 28 day,Gastrointestinal,nccp-00235-v5,protocols/gastrointestinal/00235-teysuno-s-1-and-cisplatin-28-day.json,5,,,,https://healthservice.hse.ie/documents/6334/235_Teysuno_CISplatin.pdf,false,true,0,0,17,15,false,false,false
00238,Aflibercept and FOLFIRI Therapy -14 day,Gastrointestinal,nccp-00238-v6,protocols/gastrointestinal/00238-aflibercept-folfiri.json,6,2015-01-10,2030-01-27,,https://healthservice.hse.ie/documents/6336/238_v6_Aflibercept_and_FOLFIRI.pdf,false,true,0,0,39,32,false,false,false
00239,"EOX: Epirubicin, Oxaliplatin and Capecitabine Therapy",Gastrointestinal,nccp-00239-v8,protocols/gastrointestinal/00239-eox-epirubicin-oxaliplatin-and-capecitabine-therapy.json,8,,,,https://healthservice.hse.ie/documents/6338/239_EOX.pdf,false,true,0,0,18,16,false,false,false
00240,"ECF: Epirubicin, Cisplatin and 5-Fluorouracil Therapy",Gastrointestinal,nccp-00240-v8,protocols/gastrointestinal/00240-ecf-epirubicin-cisplatin-and-5-fluorouracil-therapy.json,8,,,,https://healthservice.hse.ie/documents/6343/240_epiRUBicin_CISplatin_5FU_ECF.pdf,false,true,0,0,18,16,false,false,false
00256,nab-Paclitaxel and Gemcitabine Therapy -28 day,Gastrointestinal,nccp-00256-v7,protocols/gastrointestinal/00256-nab-paclitaxel-gemcitabine.json,7,2016-02-15,2030-04-16,,https://healthservice.hse.ie/documents/6360/256_v7_nab-PACLitaxel_and_Gemcitabine.pdf,false,true,0,0,8,13,false,false,false
00283,Gemcitabine 1000 mg/m² Monotherapy – 56 day,Gastrointestinal,nccp-00283-v6,protocols/gastrointestinal/00283-gemcitabine-1000-mg-m2-monotherapy-56-day.json,6,,,,https://healthservice.hse.ie/documents/8389/283_Gem_Monotherapy_56day.pdf,false,true,0,0,9,9,false,false,false
00321,Capecitabine and Oxaliplatin Therapy (XELOX),Gastrointestinal,nccp-00321-v9,protocols/gastrointestinal/00321-xelox-capox.json,9,2016-06-03,2030-11-11,,https://healthservice.hse.ie/documents/6719/321_v9_XELOX_.pdf,false,true,0,0,32,27,false,false,false
00328,Cetuximab (7 day) and FOLFIRI (14 day) Therapy,Gastrointestinal,nccp-00328-v7,protocols/gastrointestinal/00328-cetuximab-7-day-and-folfiri-14-day-therapy.json,7,,,,https://healthservice.hse.ie/documents/6773/328_Cetuximab_7_days_plus_FOLFIRI_14_Days.pdf,false,true,0,0,18,17,false,false,false
00329,FOLFIRINOX Therapy,Gastrointestinal,nccp-00329-v9,protocols/gastrointestinal/00329-folfirinox.json,9,2016-06-03,2030-05-19,,https://healthservice.hse.ie/documents/6774/329_v9_FOLFIRINOX.pdf,false,true,0,0,42,28,false,false,false
00330,Cetuximab (7 day) and Irinotecan (14 day) Therapy,Gastrointestinal,nccp-00330-v6,protocols/gastrointestinal/00330-cetuximab-7-day-and-irinotecan-14-day-therapy.json,6,,,,https://healthservice.hse.ie/documents/6785/330_v6_Cetuximab_7days_irinotecan_14_day.pdf,false,true,0,0,13,14,false,false,false
00331,Cetuximab (14 day) and Irinotecan (14 day) Therapy,Gastrointestinal,nccp-00331-v7,protocols/gastrointestinal/00331-cetuximab-14-day-and-irinotecan-14-day-therapy.json,7,,,,https://healthservice.hse.ie/documents/6786/331_v7_Cetuximab_14days_irinotecan_14_day.pdf,false,true,0,0,13,14,false,false,false
00344,FLOT Therapy – 14 day,Gastrointestinal,nccp-00344-v9,protocols/gastrointestinal/00344-flot-therapy-14-day.json,9,,,,https://healthservice.hse.ie/documents/6800/344_FLOT_OGsG2fX.pdf,false,true,0,0,17,15,false,false,false
00380,"ECX: Epirubicin, Cisplatin and Capecitabine Therapy",Gastrointestinal,nccp-00380-v6,protocols/gastrointestinal/00380-ecx-epirubicin-cisplatin-and-capecitabine-therapy.json,6,,,,https://healthservice.hse.ie/documents/6345/380_v6_ECX_.pdf,false,true,0,0,19,17,false,false,false
00382,Trifluridine and Tipiracil (Lonsurf®) Therapy,Gastrointestinal,nccp-00382-v3,protocols/gastrointestinal/00382-trifluridine-tipiracil.json,3,2017-02-01,2026-01-06,,https://healthservice.hse.ie/documents/6348/382_v3_trifluridine_and_tipiracil_Lonsurf_therapy.pdf,false,true,0,0,11,15,false,false,false
00383,Gemcitabine 1000 mg/m² and Cisplatin 25 mg/m² – 21 day,Gastrointestinal,nccp-00383-v8,protocols/gastrointestinal/00383-gemcitabine-1000-mg-m2-and-cisplatin-25-mg-m2-21-day.json,8,,,,https://healthservice.hse.ie/documents/6339/383_v8_GemCis25.pdf,false,true,0,0,13,12,false,false,false
00384,Gemcitabine 1000 mg/m² and Capecitabine 650 mg/m² – 21 day,Gastrointestinal,nccp-00384-v7,protocols/gastrointestinal/00384-gemcitabine-1000-mg-m2-and-capecitabine-650-mg-m2-21-day.json,7,,,,https://healthservice.hse.ie/documents/6340/384_v7_Gemcitabine_1000_capecitabine_650_-21day_therapy.pdf,false,true,0,0,15,13,false,false,false
00386,Doxorubicin 60 mg/m² Therapy,Gastrointestinal,nccp-00386-v4,protocols/gastrointestinal/00386-doxorubicin-60-mg-m2-therapy.json,4,,,,https://healthservice.hse.ie/documents/6342/386_v4_DOXO_60mgm2.pdf,false,true,0,0,9,10,false,false,false
00421,5-Fluorouracil Continuous Infusion and Radiotherapy,Gastrointestinal,nccp-00421-v4,protocols/gastrointestinal/00421-5-fluorouracil-continuous-infusion-and-radiotherapy.json,4,,,,https://healthservice.hse.ie/documents/6460/421_5-Fluorouracil_and_RT.pdf,false,true,0,0,12,11,false,false,false
00422,Carboplatin AUC2 and Paclitaxel 50 mg/m² Weekly with Radiotherapy,Gastrointestinal,nccp-00422-v5,protocols/gastrointestinal/00422-carboplatin-auc2-and-paclitaxel-50-mg-m2-weekly-with-radiotherapy.json,5,,,,https://healthservice.hse.ie/documents/6461/422_CarboAUC2_Pacli50_plus_RT.pdf,false,true,0,0,11,13,false,false,false
00427,Roswell Park Modified 5-Fluorouracil and Folinic Acid,Gastrointestinal,nccp-00427-v6,protocols/gastrointestinal/00427-roswell-park-modified-5-fluorouracil-and-folinic-acid.json,6,,,,https://healthservice.hse.ie/documents/6466/427_Roswell_Park_Modified.pdf,false,true,0,0,12,11,false,false,false
00428,QUASAR Modified 5-Fluorouracil and Folinic Acid Weekly,Gastrointestinal,nccp-00428-v6,protocols/gastrointestinal/00428-quasar-modified-5-fluorouracil-and-folinic-acid-weekly.json,6,,,,https://healthservice.hse.ie/documents/6467/428_QUASAR_Modified_5FU_and_Folinic_Acid.pdf,false,true,0,0,12,11,false,false,false
00429,"EOF: Epirubicin, Oxaliplatin and 5-Fluorouracil Therapy",Gastrointestinal,nccp-00429-v7a,protocols/gastrointestinal/00429-eof-epirubicin-oxaliplatin-and-5-fluorouracil-therapy.json,7a,,,,https://healthservice.hse.ie/documents/6468/429_v7a_epiRUBicin_Oxaliplatin_and_5-Fluorouracil_EOF_-21_day.pdf,false,true,0,0,17,15,false,false,false
00446,Bevacizumab 5mg/kg and Modified FOLFOX-6 Therapy -14 day,Gastrointestinal,nccp-00446-v7b,protocols/gastrointestinal/00446-bevacizumab-modified-folfox6.json,7b,2017-10-23,2028-08-10,,https://healthservice.hse.ie/documents/6478/446_v7b_Bevacizumab_5_plus_mFOLFOX-6.pdf,false,true,0,0,38,35,false,false,false
00447,Panitumumab 6mg/kg and Modified FOLFOX-6 Therapy -14 day,Gastrointestinal,nccp-00447-v6b,protocols/gastrointestinal/00447-panitumumab-modified-folfox6.json,6b,2017-10-23,2026-12-21,,https://healthservice.hse.ie/documents/6479/447_v6b_Panitumumab_plus_mFOLFOX-6.pdf,false,true,0,0,35,32,false,false,false
00448,Panitumumab 6mg/kg and FOLFIRI Therapy -14 day,Gastrointestinal,nccp-00448-v4b,protocols/gastrointestinal/00448-panitumumab-folfiri.json,4b,2017-10-23,2026-12-21,,https://healthservice.hse.ie/documents/6480/448_v4b_Panitumumab_plus_FOLFIRI.pdf,false,true,0,0,36,29,false,false,false
00449,Bevacizumab 5mg/kg and FOLFIRI Therapy -14 day,Gastrointestinal,nccp-00449-v6a,protocols/gastrointestinal/00449-bevacizumab-folfiri.json,6a,2017-10-23,2028-08-10,,https://healthservice.hse.ie/documents/6481/449_v6a_Bevacizumab5_FOLFIRI.pdf,false,true,0,0,39,32,false,false,false
00451,"5-Fluorouracil (4 day), Mitomycin and Radiotherapy",Gastrointestinal,nccp-00451-v4c,protocols/gastrointestinal/00451-5-fluorouracil-4-day-mitomycin-and-radiotherapy.json,4c,,,,https://healthservice.hse.ie/documents/6483/451_v4c_Mitomycin_and_5-FU_4day__RT.pdf,false,true,0,0,12,11,false,false,false
00460,Cisplatin 75 mg/m² and 5-Fluorouracil Chemoradiation (Herskovic),Gastrointestinal,nccp-00460-v4,protocols/gastrointestinal/00460-cisplatin-75-mg-m2-and-5-fluorouracil-chemoradiation-herskovic.json,4,,,,https://healthservice.hse.ie/documents/6488/460_v4_Herskovic_Regimen.pdf,false,true,0,0,16,14,false,false,false
00473,Cisplatin and Capecitabine Adjuvant Chemoradiation Therapy,Gastrointestinal,nccp-00473-v6,protocols/gastrointestinal/00473-cisplatin-and-capecitabine-adjuvant-chemoradiation-therapy.json,6,,,,https://healthservice.hse.ie/documents/6492/473_v6_Cisplatin_Capecitabine_Chemoradiation_Therapy.pdf,false,true,0,0,17,15,false,false,false
00486,FLOX Therapy,Gastrointestinal,nccp-00486-v8,protocols/gastrointestinal/00486-flox-therapy.json,8,,,,https://healthservice.hse.ie/documents/6501/486_v8_FLOX.pdf,false,true,0,0,15,13,false,false,false
00502,"Trastuzumab, 5-Fluorouracil and Cisplatin Therapy – 21 day",Gastrointestinal,nccp-00502-v4,protocols/gastrointestinal/00502-trastuzumab-5-fluorouracil-and-cisplatin-therapy-21-day.json,4,,,,https://healthservice.hse.ie/documents/6508/502_v4_Trastuzumab_CISplatin_and_5-Fluorouracil.pdf,false,true,0,0,18,16,false,false,false
00505,Capecitabine and Temozolomide Therapy,Gastrointestinal,nccp-00505-v5,protocols/gastrointestinal/00505-capecitabine-and-temozolomide-therapy.json,5,,,,https://healthservice.hse.ie/documents/6509/505_v5_Capecitabine_and_temozolomide_.pdf,false,true,0,0,13,12,false,false,false
00509,Modified FOLFOX-6 Chemoradiation Therapy – 14 day,Gastrointestinal,nccp-00509-v6,protocols/gastrointestinal/00509-modified-folfox-6-chemoradiation-therapy-14-day.json,6,,,,https://healthservice.hse.ie/documents/6513/509_v6_FOLFOX_6_Modified_Chemoradiation_Therapy.pdf,false,true,0,0,15,13,false,false,false
00515,FOLFIRINOX Modified Therapy,Gastrointestinal,nccp-00515-v7,protocols/gastrointestinal/00515-modified-folfirinox.json,7,2018-10-10,2030-10-31,,https://healthservice.hse.ie/documents/6516/515_v7_FOLFIRINOX_modified.pdf,false,true,0,0,43,31,false,false,false
00521,Gemcitabine 1000 mg/m² and Radiotherapy,Gastrointestinal,nccp-00521-v3,protocols/gastrointestinal/00521-gemcitabine-1000-mg-m2-and-radiotherapy.json,3,,,,https://healthservice.hse.ie/documents/6518/521_Gemcitabine_1000_and_RT_lz7Y1pW.pdf,false,true,0,0,9,9,false,false,false
00522,Gemcitabine 400 mg/m² and Radiotherapy,Gastrointestinal,nccp-00522-v4,protocols/gastrointestinal/00522-gemcitabine-400-mg-m2-and-radiotherapy.json,4,,,,https://healthservice.hse.ie/documents/6519/522_v4_Gemcitabine_400_and_RT.pdf,false,true,0,0,9,9,false,false,false
00523,Capecitabine and Radiotherapy – 7 day,Gastrointestinal,nccp-00523-v5,protocols/gastrointestinal/00523-capecitabine-and-radiotherapy-7-day.json,5,,,,https://healthservice.hse.ie/documents/6520/523_v5_Capecitabine_and_RT.pdf,false,true,0,0,13,12,false,false,false
00524,Gemcitabine 1000 mg/m² and Capecitabine 830 mg/m² – 28 day,Gastrointestinal,nccp-00524-v5,protocols/gastrointestinal/00524-gemcitabine-1000-mg-m2-and-capecitabine-830-mg-m2-28-day.json,5,,,,https://healthservice.hse.ie/documents/6521/524_v5_Gemcitabine_and_capecitabine-28_day.pdf,false,true,0,0,15,13,false,false,false
00555,FOLFOXIRI Therapy,Gastrointestinal,nccp-00555-v6b,protocols/gastrointestinal/00555-folfoxiri.json,6b,2019-03-22,2026-03-10,,https://healthservice.hse.ie/documents/6386/555_v6b_FOLFOXIRI_therapy.pdf,false,true,0,0,14,28,false,false,false
00559,Gemcitabine 600 mg/m² and Radiotherapy,Gastrointestinal,nccp-00559-v3,protocols/gastrointestinal/00559-gemcitabine-600-mg-m2-and-radiotherapy.json,3,,,,https://healthservice.hse.ie/documents/6390/559_v3_Gemcitabine_600_and_RT.pdf,false,true,0,0,9,9,false,false,false
00585,Cetuximab (14 day) and FOLFIRI (14 day) Therapy,Gastrointestinal,nccp-00585-v5b,protocols/gastrointestinal/00585-cetuximab-14-day-and-folfiri-14-day-therapy.json,5b,,,,https://healthservice.hse.ie/documents/6395/585_v5b_Cetuximab_14_days_FOLFIRI.pdf,false,true,0,0,18,17,false,false,false
00586,Capecitabine 825 mg/m² and Radiotherapy – 7 day,Gastrointestinal,nccp-00586-v3,protocols/gastrointestinal/00586-capecitabine-825-mg-m2-and-radiotherapy-7-day.json,3,,,,https://healthservice.hse.ie/documents/6396/586_v3_Capecitabine_825_and_RT.pdf,false,true,0,0,13,12,false,false,false
00594,"Cisplatin, 5-Fluorouracil and Radiation Therapy",Gastrointestinal,nccp-00594-v3b,protocols/gastrointestinal/00594-cisplatin-5-fluorouracil-and-radiation-therapy.json,3b,,,,https://healthservice.hse.ie/documents/6400/594_v3b_CISplatin_5-Fluorouracil_Chemoradiation_Therapy.pdf,false,true,0,0,16,14,false,false,false
00623,Bevacizumab 7.5 mg/kg and Capecitabine 1250 mg/m² Therapy,Gastrointestinal,nccp-00623-v3a,protocols/gastrointestinal/00623-bevacizumab-7-5-mg-kg-and-capecitabine-1250-mg-m2-therapy.json,3a,,,,https://healthservice.hse.ie/documents/6686/623_v3a_Bevacizumab_Capecitabine.pdf,false,true,0,0,18,18,false,false,false
00644,Lenvatinib Therapy – HCC,Gastrointestinal,nccp-00644-v2,protocols/gastrointestinal/00644-lenvatinib-therapy-hcc.json,2,,,,https://healthservice.hse.ie/documents/6682/644_v2_Lenvatinib-HCC_Therapy.pdf,false,true,0,0,11,13,false,false,false
00654,Irinotecan 150 mg/m² Monotherapy – 28 day,Gastrointestinal,nccp-00654-v2,protocols/gastrointestinal/00654-irinotecan-150-mg-m2-monotherapy-28-day.json,2,,,,https://healthservice.hse.ie/documents/6681/654_v2_Irinotecan_150mg.m2_monotherapy-28day.pdf,false,true,0,0,10,11,false,false,false
00660,5-Fluorouracil and Folinic Acid Therapy - 14 day,Gastrointestinal,nccp-00660-v2b,protocols/gastrointestinal/00660-5fu-folinic-acid.json,2b,2021-06-21,2028-08-08,,https://healthservice.hse.ie/documents/6679/660_v2b_5FU_Folinic_acid.pdf,false,true,0,0,15,21,false,false,false
00691,FOLFIRINOX Therapy – Rectal Carcinoma,Gastrointestinal,nccp-00691-v4,protocols/gastrointestinal/00691-folfirinox-therapy-rectal-carcinoma.json,4,,,,https://healthservice.hse.ie/documents/6531/691_v4_Folfirinox_Rectal_carcinoma.pdf,false,true,0,0,18,16,false,false,false
00692,Cetuximab and FOLFOX-4 Therapy,Gastrointestinal,nccp-00692-v2,protocols/gastrointestinal/00692-cetuximab-and-folfox-4-therapy.json,2,,,,https://healthservice.hse.ie/documents/6532/692_v2_Cetuximab_FOLFOX4.pdf,false,true,0,0,18,16,false,false,false
00704,Trastuzumab and FOLFOX-6 Modified Therapy -14 day,Gastrointestinal,nccp-00704-v3a,protocols/gastrointestinal/00704-trastuzumab-modified-folfox6.json,3a,2022-03-23,2029-01-17,,https://healthservice.hse.ie/documents/6534/704_v3a_Trastuzumab_FOLFOX6_Modified.pdf,false,true,0,0,34,32,false,false,false
00727,Mitomycin and Capecitabine Chemoradiation Therapy,Gastrointestinal,nccp-00727-v2b,protocols/gastrointestinal/00727-mitomycin-and-capecitabine-chemoradiation-therapy.json,2b,,,,https://healthservice.hse.ie/documents/6600/727_v2b_Mitomycin_Capecitabine.pdf,false,true,0,0,13,12,false,false,false
00732,Cetuximab Therapy – 14 days,Gastrointestinal,nccp-00732-v2,protocols/gastrointestinal/00732-cetuximab-therapy-14-days.json,2,,,,https://healthservice.hse.ie/documents/6602/732_v2_Cetuximab_14day.pdf,false,true,0,0,6,7,false,false,false
00733,Cetuximab and modified FOLFOX-6 Therapy,Gastrointestinal,nccp-00733-v2a,protocols/gastrointestinal/00733-cetuximab-and-modified-folfox-6-therapy.json,2a,,,,https://healthservice.hse.ie/documents/6603/733_v2a_Cetuximab_FOLFOX_6.pdf,false,true,0,0,18,16,false,false,false
00739,"Pembrolizumab, Cisplatin and 5-Fluorouracil Infusional Therapy",Gastrointestinal,nccp-00739-v2a,protocols/gastrointestinal/00739-pembrolizumab-cisplatin-and-5-fluorouracil-infusional-therapy.json,2a,,,,https://healthservice.hse.ie/documents/6622/739_v2a_Pembrolizumab200_CISplatin_5-FU.pdf,false,true,0,0,27,26,false,false,false
00783,Bevacizumab 5 mg/kg and FOLFOXIRI Therapy – 14 day,Gastrointestinal,nccp-00783-v2a,protocols/gastrointestinal/00783-bevacizumab-5-mg-kg-and-folfoxiri-therapy-14-day.json,2a,,,,https://healthservice.hse.ie/documents/6660/783_v2a_Bev_5_FOLFOXIRI_therapy.pdf,false,true,0,0,23,22,false,false,false
00791,"Bevacizumab 5 mg/kg, 5-Fluorouracil and Folinic Acid Therapy – 14 day",Gastrointestinal,nccp-00791-v2,protocols/gastrointestinal/00791-bevacizumab-5-mg-kg-5-fluorouracil-and-folinic-acid-therapy-14-day.json,2,,,,https://healthservice.hse.ie/documents/6416/791_v2_Bevacizumab_5mgkg_5FU.pdf,false,true,0,0,17,17,false,false,false
00816,"Nivolumab 14 day, Cisplatin and 5-Fluorouracil Therapy",Gastrointestinal,nccp-00816-v3,protocols/gastrointestinal/00816-nivolumab-14-day-cisplatin-and-5-fluorouracil-therapy.json,3,,,,https://healthservice.hse.ie/documents/6428/816_Nivolumab_14-Day_Cisplatin_5FU.pdf,false,true,0,0,27,26,false,false,false
00831,Atezolizumab and Bevacizumab Therapy,Gastrointestinal,nccp-00831-v2a,protocols/gastrointestinal/00831-atezolizumab-bevacizumab-hcc.json,2a,2024-02-19,2029-12-09,,https://healthservice.hse.ie/documents/6432/831_v2a_Atezolizumab_Bevacizumab_Therapy.pdf,false,true,0,0,48,47,false,false,false
00832,"Nivolumab 28 day, Cisplatin and 5-Fluorouracil Therapy",Gastrointestinal,nccp-00832-v3,protocols/gastrointestinal/00832-nivolumab-28-day-cisplatin-and-5-fluorouracil-therapy.json,3,,,,https://healthservice.hse.ie/documents/6433/832_Nivolumab_28-day_Cisplatin_5FU_.pdf,false,true,0,0,27,26,false,false,false
00839,Pembrolizumab and Modified FOLFOX-6 Therapy,Gastrointestinal,nccp-00839-v2a,protocols/gastrointestinal/00839-pembrolizumab-and-modified-folfox-6-therapy.json,2a,,,,https://healthservice.hse.ie/documents/6440/839_v2a_Pembrolizumab_FOLFOX.pdf,false,true,0,0,26,25,false,false,false
00843,Nivolumab and XELOX Therapy,Gastrointestinal,nccp-00843-v2a,protocols/gastrointestinal/00843-nivolumab-xelox.json,2a,2024-08-13,2030-04-16,,https://healthservice.hse.ie/documents/6444/843_Nivolumab_and_XELOX.pdf,false,true,0,0,67,55,false,false,false
00844,Nivolumab and FOLFOX-6 Modified Therapy,Gastrointestinal,nccp-00844-v4a,protocols/gastrointestinal/00844-nivolumab-modified-folfox6.json,4a,2023-09-27,2029-08-13,,https://healthservice.hse.ie/documents/6445/844_Nivolumab_FOLFOX6_.pdf,false,true,0,0,67,57,false,false,false
00889,Pemigatinib Therapy,Gastrointestinal,nccp-00889-v1a,protocols/gastrointestinal/00889-pemigatinib-therapy.json,1a,,,,https://healthservice.hse.ie/documents/6647/889_v1a_Pemigatinib.pdf,false,true,0,0,7,8,false,false,false
00890,Fruquintinib Monotherapy,Gastrointestinal,nccp-00890-v2,protocols/gastrointestinal/00890-fruquintinib-monotherapy.json,2,,,,https://healthservice.hse.ie/documents/6648/890_v2_Fruquintinib.pdf,false,true,0,0,11,13,false,false,false
00897,"Durvalumab 1500 mg, Gemcitabine 1000 mg/m² and Cisplatin 25 mg/m² Therapy",Gastrointestinal,nccp-00897-v3,protocols/gastrointestinal/00897-durvalumab-gemcitabine-cisplatin.json,3,2025-02-20,2026-02-20,,https://healthservice.hse.ie/documents/6652/897_v3_Durvalumab_Gem_Cis.pdf,false,true,0,0,43,42,false,false,false
00900,Nivolumab 240 mg and Ipilimumab 1 mg/kg Therapy,Gastrointestinal,nccp-00900-v1a,protocols/gastrointestinal/00900-nivolumab-240-mg-and-ipilimumab-1-mg-kg-therapy.json,1a,,,,https://healthservice.hse.ie/documents/6653/900_v1a_Nivolumab_240mg_ipilimumab_1mgkg_.pdf,false,true,0,0,14,16,false,false,false
00901,Ivosidenib Therapy,Gastrointestinal,nccp-00901-v1a,protocols/gastrointestinal/00901-ivosidenib-therapy.json,1a,,,,https://healthservice.hse.ie/documents/6654/901_v1a_Ivosidenib.pdf,false,true,0,0,7,8,false,false,false
00924,Tislelizumab and CAPOX Therapy,Gastrointestinal,nccp-00924-v1,protocols/gastrointestinal/00924-tislelizumab-and-capox-therapy.json,1,,,,https://healthservice.hse.ie/documents/7463/00924_Tislelizumab_and_CAPOX.pdf,false,true,0,0,27,26,false,false,false
00925,Tislelizumab and Modified FOLFOX-6 Therapy,Gastrointestinal,nccp-00925-v1,protocols/gastrointestinal/00925-tislelizumab-and-modified-folfox-6-therapy.json,1,,,,https://healthservice.hse.ie/documents/7462/Tislelizumab_and_FOLFOX-6_Modified_Therapy.pdf,false,true,0,0,26,25,false,false,false
00926,Tremelimumab and Durvalumab Therapy,Gastrointestinal,nccp-00926-v1,protocols/gastrointestinal/00926-tremelimumab-durvalumab.json,1,2026-03-10,2027-03-10,,https://healthservice.hse.ie/documents/7979/926_NCCP_Regimen_Tremelimumab_and_Durvalumab.pdf,false,true,0,0,37,37,false,false,false
00294,Sorafenib Therapy,Gastrointestinal,nccp-00294-v4,protocols/gastrointestinal/00294-sorafenib-therapy.json,4,,,,https://healthservice.hse.ie/documents/6704/294_v4_SORAfenib.pdf,false,true,0,0,11,13,false,false,false
00320,Everolimus Monotherapy,Gastrointestinal,nccp-00320-v6,protocols/shared/00320-everolimus-monotherapy.json,6,,,,https://healthservice.hse.ie/documents/6718/320_Everolimus.pdf,false,true,0,0,8,9,false,false,false
00551,Nivolumab 3 mg/kg with Ipilimumab 1 mg/kg Therapy,Gastrointestinal,nccp-00551-v7,protocols/shared/00551-nivolumab-3-mg-kg-with-ipilimumab-1-mg-kg-therapy.json,7,,,,https://healthservice.hse.ie/documents/6385/551_Nivolumab_3mgkg_Ipilimumab_1mgk.pdf,false,true,0,0,14,16,false,false,false
00207,Cetuximab Therapy – 7 days,Gastrointestinal,nccp-00207-v5,protocols/gastrointestinal/00207-cetuximab-therapy-7-days.json,5,,,,https://healthservice.hse.ie/documents/6548/207_v5_Cetuximab_7day.pdf,false,true,0,0,6,7,false,false,false
00214,Bevacizumab 7.5 mg/kg – 21 days,,nccp-00214-v8,protocols/shared/00214-bevacizumab-7-5-mg-kg-21-days.json,8,,,,https://healthservice.hse.ie/documents/6554/214_Bevacizumab_7.5.pdf,false,true,0,0,8,10,false,false,false
00284,Gemcitabine 1000 mg/m² Monotherapy – 28 day,,nccp-00284-v5,protocols/shared/00284-gemcitabine-1000-mg-m2-monotherapy-28-day.json,5,,,,https://healthservice.hse.ie/documents/6699/284_v5_Gemcitabine_Monotherapy_28_day.pdf,false,true,0,0,9,9,false,false,false
00483,Nivolumab Monotherapy – 14 day,Gastrointestinal,nccp-00483-v13a,protocols/shared/00483-nivolumab-monotherapy-14-day.json,13a,,,,https://healthservice.hse.ie/documents/6498/483_Nivolumab_14-day_.pdf,false,true,0,0,14,17,false,false,false
00484,Nivolumab Monotherapy – 28 day,Gastrointestinal,nccp-00484-v13a,protocols/shared/00484-nivolumab-monotherapy-28-day.json,13a,,,,https://healthservice.hse.ie/documents/6499/484_Nivolumab_28-day_.pdf,false,true,0,0,14,17,false,false,false
00215,Bevacizumab 15 mg/kg Therapy — 21 days,Gastrointestinal,nccp-00215-v7,protocols/shared/00215-bevacizumab-15mgkg.json,7,2015-06-12,2021-04-28,,https://healthservice.hse.ie/documents/6555/00215_Bevacizumab_15_knZhA52.pdf,false,true,0,0,22,24,false,false,false
00455,Pembrolizumab 200 mg Monotherapy,Gastrointestinal,nccp-00455-v15b,protocols/shared/00455-pembrolizumab-200-mg-monotherapy.json,15b,,,,https://healthservice.hse.ie/documents/6903/455_V15b__Pembrolizumab_200mg_Monotherapy.pdf,false,true,0,0,14,17,false,false,false
00642,Lutetium-177 Oxodotreotide (Lutathera) Therapy,Gastrointestinal,nccp-00642-v2,protocols/gastrointestinal/00642-lutetium-177-oxodotreotide-lutathera-therapy.json,2,,,,https://healthservice.hse.ie/documents/6683/642_v2_Lutetium_Lu177_oxodotretide.pdf,false,true,0,0,7,6,false,false,false
00244,Regorafenib Monotherapy,,nccp-00244-v5,protocols/gastrointestinal/00244-regorafenib.json,5,2015-10-01,2030-03-25,,https://healthservice.hse.ie/documents/6347/244_v5_Regorafenib_Monotherapy.pdf,false,true,0,0,13,13,false,false,false
00101,Cabazitaxel and Prednisolone Therapy,Genitourinary,nccp-00101-v8,protocols/genitourinary/00101-cabazitaxel-prednisolone.json,8,,,,https://healthservice.hse.ie/documents/6536/108_cabazitaxel_and_prednisoLONE.pdf,false,true,0,0,12,9,false,false,false
00103,Abiraterone and prednisolone Therapy (mCRPC),Genitourinary,nccp-00103-v9,protocols/genitourinary/00103-abiraterone-prednisolone-mcrpc.json,9,,,,https://healthservice.hse.ie/documents/6537/103_v9_Abiraterone_and_prednisoLONE_Therapy.pdf,false,true,0,0,15,14,false,false,false
00104,Axitinib Monotherapy,Genitourinary,nccp-00104-v6,protocols/genitourinary/00104-axitinib-monotherapy.json,6,,,,https://healthservice.hse.ie/documents/6538/104_Axitinib_Monotherapy.pdf,false,true,0,0,9,12,false,false,false
00233,Enzalutamide Monotherapy,Genitourinary,nccp-00233-v7,protocols/genitourinary/00233-enzalutamide.json,7,,,,https://healthservice.hse.ie/documents/6332/233_v7_Enzalutamide_Monotherapy.pdf,false,true,0,0,6,6,false,false,false
00257,Radium-223 Therapy,Genitourinary,nccp-00257-v8,protocols/genitourinary/00257-radium-223.json,8,,,,https://healthservice.hse.ie/documents/6361/257_v8_Radium_223.pdf,false,true,0,0,14,12,false,false,false
00282,Gemcitabine and Cisplatin 70 mg/m² – 28 day,Genitourinary,nccp-00282-v5,protocols/genitourinary/00282-gemcitabine-and-cisplatin-70-mg-m-28-day.json,5,,,,https://healthservice.hse.ie/documents/6454/282_v5_GemCis_70_28days.pdf,false,true,0,0,11,13,false,false,false
00313,Docetaxel Monotherapy 50 mg/m² – 14 day cycle,Genitourinary,nccp-00313-v5,protocols/genitourinary/00313-docetaxel-50-q14d.json,5,,,,https://healthservice.hse.ie/documents/6716/313_v5_Docetaxel_50-14day.pdf,false,true,0,0,10,8,false,false,false
00326,Temsirolimus Therapy,Genitourinary,nccp-00326-v4,protocols/genitourinary/00326-temsirolimus-therapy.json,4,,,,https://healthservice.hse.ie/documents/6772/326_v4_Temsirolimus.pdf,false,true,0,0,5,10,false,false,false
00333,"Dose-dense Methotrexate, Vinblastine, Doxorubicin and Cisplatin (MVAC) – 14 day",Genitourinary,nccp-00333-v5a,protocols/genitourinary/00333-dose-dense-methotrexate-vinblastine-doxorubicin-and-cisplatin-mvac-14-day.json,5a,,,,https://healthservice.hse.ie/documents/6787/333_v5a_MVAC_14_day.pdf,false,true,0,0,11,13,false,false,false
00337,"Cisplatin, Methotrexate and Vinblastine (CMV) Therapy",Genitourinary,nccp-00337-v5,protocols/genitourinary/00337-cisplatin-methotrexate-and-vinblastine-cmv-therapy.json,5,,,,https://healthservice.hse.ie/documents/6798/337_v5_CISplatin_Methotrexate_vinBLAStine_therapy_CMV.pdf,false,true,0,0,11,13,false,false,false
00338,"Methotrexate, Vinblastine, Doxorubicin and Cisplatin (MVAC) – 28 day",Genitourinary,nccp-00338-v5,protocols/genitourinary/00338-methotrexate-vinblastine-doxorubicin-and-cisplatin-mvac-28-day.json,5,,,,https://healthservice.hse.ie/documents/6799/338_v5_MVAC_28_day.pdf,false,true,0,0,11,13,false,false,false
00450,Mitomycin and 5-Fluorouracil with Radiotherapy,Genitourinary,nccp-00450-v4c,protocols/genitourinary/00450-mitomycin-and-5-fluorouracil-with-radiotherapy.json,4c,,,,https://healthservice.hse.ie/documents/6482/450_v4c_Mitomycin_and_5-FU_5__RT.pdf,false,true,0,0,6,10,false,false,false
00453,Carboplatin AUC 7 and Etoposide 750 mg/m² Therapy,Genitourinary,nccp-00453-v3,protocols/genitourinary/00453-carboplatin-auc-7-and-etoposide-750-mg-m-therapy.json,3,,,,https://healthservice.hse.ie/documents/6485/453_v3_CarboAUC7Etop750.pdf,false,true,0,0,7,11,false,false,false
00477,Goserelin 10.8 mg Therapy – 12 weeks,Genitourinary,nccp-00477-v3,protocols/genitourinary/00477-goserelin-10-8mg-q12weeks.json,3,2018-05-30,2030-07-30,,https://healthservice.hse.ie/documents/6978/477_v3_Goserelin_10.8mg.pdf,false,true,0,0,6,6,false,false,false
00478,Goserelin 3.6 mg Therapy – 28 day,Genitourinary,nccp-00478-v3,protocols/genitourinary/00478-goserelin-3-6mg-q28days.json,3,2018-05-30,2030-07-30,,https://healthservice.hse.ie/documents/6493/478_v3_Goserelin_3.6mg.pdf,false,true,0,0,6,6,false,false,false
00479,Leuprorelin 22.5 mg Therapy – 12 weeks,Genitourinary,nccp-00479-v3,protocols/genitourinary/00479-leuprorelin-22-5mg-q12weeks.json,3,2018-05-30,2030-07-14,,https://healthservice.hse.ie/documents/6494/479_v3_Leuprorelin_22.5mg.pdf,false,true,0,0,5,5,false,false,false
00480,Triptorelin 11.25 mg Therapy – 12 weeks,Genitourinary,nccp-00480-v3,protocols/genitourinary/00480-triptorelin-11-25mg-q12weeks.json,3,2018-05-30,2030-07-14,,https://healthservice.hse.ie/documents/6495/480_v3_Triptorelin_11.25mg.pdf,false,true,0,0,5,5,false,false,false
00481,Degarelix Therapy,Genitourinary,nccp-00481-v3,protocols/genitourinary/00481-degarelix.json,3,2018-05-30,2030-07-30,,https://healthservice.hse.ie/documents/6496/481_v3_Degarelix_Therapy.pdf,false,true,0,0,4,4,false,false,false
00482,Bicalutamide Therapy,Genitourinary,nccp-00482-v3,protocols/genitourinary/00482-bicalutamide.json,3,,,,https://healthservice.hse.ie/documents/6497/482_v3_Bicalutamide.pdf,false,true,0,0,4,4,false,false,false
00488,Triptorelin 22.5 mg Therapy – 24 weeks,Genitourinary,nccp-00488-v3,protocols/genitourinary/00488-triptorelin-22-5mg-q24weeks.json,3,2018-05-30,2030-07-14,,https://healthservice.hse.ie/documents/6502/488_v3_Triptorelin_22.5mg.pdf,false,true,0,0,5,5,false,false,false
00489,Triptorelin 3 mg Therapy – 28 day,Genitourinary,nccp-00489-v3,protocols/genitourinary/00489-triptorelin-3mg-q28days.json,3,2018-05-30,2030-07-14,,https://healthservice.hse.ie/documents/6503/489_v3_Triptorelin_3mg.pdf,false,true,0,0,5,5,false,false,false
00490,Leuprorelin 7.5 mg Therapy – 28 day,Genitourinary,nccp-00490-v3,protocols/genitourinary/00490-leuprorelin-7-5mg-q28days.json,3,2018-05-30,2030-07-14,,https://healthservice.hse.ie/documents/6979/490_v3_Leuprorelin_7.5mg.pdf,false,true,0,0,5,5,false,false,false
00491,Leuprorelin 45 mg Therapy – 24 weeks,Genitourinary,nccp-00491-v3,protocols/genitourinary/00491-leuprorelin-45mg-q24weeks.json,3,2018-05-30,2030-07-14,,https://healthservice.hse.ie/documents/6504/491_v3_Leuprorelin_45mg.pdf,false,true,0,0,5,5,false,false,false
00492,Leuprorelin 11.25 mg Therapy – 12 weeks,Genitourinary,nccp-00492-v3,protocols/genitourinary/00492-leuprorelin-11-25mg-q12weeks.json,3,2018-05-30,2030-07-14,,https://healthservice.hse.ie/documents/6505/492_v3_Leuprorelin_11.25mg.pdf,false,true,0,0,5,5,false,false,false
00493,Leuprorelin 30 mg Therapy – 24 weeks,Genitourinary,nccp-00493-v3,protocols/genitourinary/00493-leuprorelin-30mg-q24weeks.json,3,2018-05-30,2030-07-14,,https://healthservice.hse.ie/documents/6506/493_v3_Leuprorelin_30mg.pdf,false,true,0,0,5,5,false,false,false
00494,Leuprorelin 3.75 mg Therapy – 28 day,Genitourinary,nccp-00494-v3,protocols/genitourinary/00494-leuprorelin-3-75mg-q28days.json,3,2018-05-30,2030-07-14,,https://healthservice.hse.ie/documents/6980/494_v3_Leuprorelin_3.75mg.pdf,false,true,0,0,5,5,false,false,false
00518,Cabozantinib Monotherapy,Genitourinary,nccp-00518-v2,protocols/genitourinary/00518-cabozantinib-monotherapy.json,2,,,,https://healthservice.hse.ie/documents/6517/518_v2a_Cabozantinib_.pdf,false,true,0,0,9,12,false,false,false
00546,Docetaxel 75 mg/m² – Prednisolone Combination Therapy,Genitourinary,nccp-00546-v3,protocols/genitourinary/00546-docetaxel-prednisolone.json,3,,,,https://healthservice.hse.ie/documents/6382/546_v3_Docetaxel_75-prednisolone_combination_therapy.pdf,false,true,0,0,10,8,false,false,false
00564,Tivozanib Monotherapy,Genitourinary,nccp-00564-v3,protocols/genitourinary/00564-tivozanib-monotherapy.json,3,,,,https://healthservice.hse.ie/documents/6391/564_v3_Tivozanib.pdf,false,true,0,0,9,12,false,false,false
00574,Apalutamide Therapy,Genitourinary,nccp-00574-v4,protocols/genitourinary/00574-apalutamide.json,4,,,,https://healthservice.hse.ie/documents/6392/574_v4_Apalutamide.pdf,false,true,0,0,8,8,false,false,false
00577,Abiraterone and prednisolone Therapy (mHSPC),Genitourinary,nccp-00577-v3,protocols/genitourinary/00577-abiraterone-prednisolone-mhspc.json,3,,,,https://healthservice.hse.ie/documents/6393/577_v3_Abiraterone_and_prednisoLONE_Therapy.pdf,false,true,0,0,16,15,false,false,false
00583,Pembrolizumab 200 mg and Axitinib Therapy,Genitourinary,nccp-00583-v3b,protocols/genitourinary/00583-pembrolizumab-200-mg-and-axitinib-therapy.json,3b,,,,https://healthservice.hse.ie/documents/6394/583_v3b_Pembrolizumab_200mg_Axitinib_therapy.pdf,false,true,0,0,14,20,false,false,false
00602,"Paclitaxel, Ifosfamide and Cisplatin (TIP) Therapy",Genitourinary,nccp-00602-v1,protocols/genitourinary/00602-paclitaxel-ifosfamide-and-cisplatin-tip-therapy.json,1,,,,https://healthservice.hse.ie/documents/6411/602_v1_TIP.pdf,false,true,0,0,16,17,false,false,false
00622,Gemcitabine and Cisplatin 35 mg/m² – 21 day,Genitourinary,nccp-00622-v3,protocols/genitourinary/00622-gemcitabine-and-cisplatin-35-mg-m-21-day.json,3,,,,https://healthservice.hse.ie/documents/6687/622_v3_GemCis35_21day.pdf,false,true,0,0,11,13,false,false,false
00628,Gemcitabine and Cisplatin 70 mg/m² – 21 day,Genitourinary,nccp-00628-v3,protocols/genitourinary/00628-gemcitabine-and-cisplatin-70-mg-m-21-day.json,3,,,,https://healthservice.hse.ie/documents/6684/628_v3_GemCis70_21_day.pdf,false,true,0,0,11,13,false,false,false
00693,Darolutamide Therapy,Genitourinary,nccp-00693-v2,protocols/genitourinary/00693-darolutamide.json,2,,,,https://healthservice.hse.ie/documents/6533/693_v2_Darolutamide_Therapy.pdf,false,true,0,0,3,4,false,false,false
00759,Gemcitabine 100 mg/m² with Radiotherapy,Genitourinary,nccp-00759-v1,protocols/genitourinary/00759-gemcitabine-100-mg-m-with-radiotherapy.json,1,,,,https://healthservice.hse.ie/documents/6669/759_v1_Gemcitabine_100_and_RT.pdf,false,true,0,0,6,10,false,false,false
00807,Intravesical BCG,Genitourinary,nccp-00807-v2,protocols/genitourinary/00807-intravesical-bcg.json,2,,,,https://healthservice.hse.ie/documents/6424/807_v2_Intravesical_BCG.pdf,false,true,0,0,8,11,false,false,false
00830,Relugolix Therapy,Genitourinary,nccp-00830-v3,protocols/genitourinary/00830-relugolix.json,3,,,,https://healthservice.hse.ie/documents/6431/830_v3_Relugolix.pdf,false,true,0,0,6,6,false,false,false
00846,Enfortumab Vedotin Monotherapy,Genitourinary,nccp-00846-v3a,protocols/genitourinary/00846-enfortumab-vedotin-monotherapy.json,3a,,,,https://healthservice.hse.ie/documents/6446/846_v3a_Enfortumab_vedotin.pdf,false,true,0,0,7,9,false,false,false
00848,Niraparib and Abiraterone acetate (Akeega®) and Prednisolone Therapy,Genitourinary,nccp-00848-v2,protocols/genitourinary/00848-niraparib-abiraterone-akeega.json,2,,,,https://healthservice.hse.ie/documents/6448/848_v2_Niraparib_abiraterone.pdf,false,true,0,0,16,13,false,false,false
00885,Erdafitinib Therapy,Genitourinary,nccp-00885-v2,protocols/genitourinary/00885-erdafitinib-therapy.json,2,,,,https://healthservice.hse.ie/documents/6646/885_v2_Erdafitinib.pdf,false,true,0,0,5,9,false,false,false
00894,Intravesical Gemcitabine and Docetaxel,Genitourinary,nccp-00894-v1,protocols/genitourinary/00894-intravesical-gemcitabine-and-docetaxel.json,1,,,,https://healthservice.hse.ie/documents/7616/894_Gemcitabine_Docetaxel_intravesical_.pdf,false,true,0,0,9,12,false,false,false
00945,Enfortumab Vedotin and Pembrolizumab Therapy,Genitourinary,nccp-00945-v1,protocols/genitourinary/00945-enfortumab-vedotin-and-pembrolizumab-therapy.json,1,,,,https://healthservice.hse.ie/documents/10493/945_Enfortumab_vedotin_Pembro.pdf,false,true,0,0,12,17,false,false,false
00325,Sunitinib 50 mg Therapy – 42 day,Genitourinary,nccp-00325-v6,protocols/shared/00325-sunitinib-50-mg-therapy-42-day.json,6,,,,https://healthservice.hse.ie/documents/6721/325_v6_SUNitinib_50mg_42_days.pdf,false,true,0,0,15,15,false,false,false
00445,Pazopanib Monotherapy,Genitourinary,nccp-00445-v3,protocols/shared/00445-pazopanib-monotherapy.json,3,,,,https://healthservice.hse.ie/documents/6477/445_v3_Pazopanib.pdf,false,true,0,0,19,23,false,false,false
00719,Sunitinib 50 mg Therapy – 21 day,Genitourinary,nccp-00719-v2,protocols/shared/00719-sunitinib-50-mg-therapy-21-day.json,2,,,,https://healthservice.hse.ie/documents/6595/719_v2_SUNitinib_50mg21_days.pdf,false,true,0,0,15,15,false,false,false
00535,Avelumab Monotherapy,Genitourinary,nccp-00535-v6b,protocols/genitourinary/00535-avelumab-monotherapy.json,6b,,,,https://healthservice.hse.ie/documents/6638/535_v6b_Avelumab.pdf,false,true,0,0,8,14,false,false,false
00246,Methotrexate 8-day Charing Cross Regimen,Gynaecology,nccp-00246-v5,protocols/gynaecology/00246-methotrexate-8-day-charing-cross-regimen.json,5,,,,https://healthservice.hse.ie/documents/6349/246_Methotrexate_Charing_Cross.pdf,false,true,0,0,9,13,false,false,false
00247,Dactinomycin Therapy,Gynaecology,nccp-00247-v4,protocols/gynaecology/00247-dactinomycin-therapy.json,4,,,,https://healthservice.hse.ie/documents/6350/247_V4_DACTINomycin.pdf,false,true,0,0,9,13,false,false,false
00248,EMA/CO Therapy,Gynaecology,nccp-00248-v4,protocols/gynaecology/00248-ema-co-therapy.json,4,,,,https://healthservice.hse.ie/documents/6351/248_V4_EMA_CO.pdf,false,true,0,0,9,13,false,false,false
00249,Intrathecal Methotrexate for CNS Prophylaxis in GTN,Gynaecology,nccp-00249-v3,protocols/gynaecology/00249-intrathecal-methotrexate-for-cns-prophylaxis-in-gtn.json,3,,,,https://healthservice.hse.ie/documents/6352/249_V3_Intrathecal_Methotrexate.pdf,false,true,0,0,9,13,false,false,false
00264,EMA/EP Therapy,Gynaecology,nccp-00264-v3b,protocols/gynaecology/00264-ema-ep-therapy.json,3b,,,,https://healthservice.hse.ie/documents/6689/264_V3b_EMA_EP.pdf,false,true,0,0,14,16,false,false,false
00266,Paclitaxel/Etoposide alternating with Paclitaxel/Cisplatin (TE/TP) Therapy,Gynaecology,nccp-00266-v4,protocols/gynaecology/00266-paclitaxel-etoposide-alternating-with-paclitaxel-cisplatin-te-tp-therapy.json,4,,,,https://healthservice.hse.ie/documents/6691/266_V4_TP_TE.pdf,false,true,0,0,17,17,false,false,false
00267,Two-day Etoposide and Cisplatin (EP) Therapy,Gynaecology,nccp-00267-v4,protocols/gynaecology/00267-two-day-etoposide-and-cisplatin-ep-therapy.json,4,,,,https://healthservice.hse.ie/documents/6692/267_V4_EP.pdf,false,true,0,0,14,16,false,false,false
00303,Carboplatin AUC 5–7.5 and Paclitaxel 175 mg/m² Therapy – 21 day,Gynaecology,nccp-00303-v6,protocols/gynaecology/00303-carboplatin-paclitaxel-21-day.json,6,2016-01-01,2025-01-01,,https://healthservice.hse.ie/documents/6709/303_V6_CARBOplatin_AUC5-7.5_PACLitaxel_175.pdf,false,true,0,0,10,14,false,false,false
00306,Gemcitabine 1000 mg/m² and Carboplatin AUC 4 Therapy — 21 day,Gynaecology,nccp-00306-v7,protocols/gynaecology/00306-gemcitabine-carboplatin.json,7,2016-04-08,2021-03-23,,https://healthservice.hse.ie/documents/6710/306_Gem_CARBOAUC_4_.pdf,false,true,0,0,15,16,false,false,false
00308,Carboplatin AUC 6 and Weekly Paclitaxel 80 mg/m² Therapy,Gynaecology,nccp-00308-v7,protocols/gynaecology/00308-carboplatin-auc-6-and-weekly-paclitaxel-80-mg-m-therapy.json,7,,,,https://healthservice.hse.ie/documents/6712/308_V7_CARBOplatin_AUC6_PACLitaxel80.pdf,false,true,0,0,11,13,false,false,false
00312,Topotecan Monotherapy – Weekly,Gynaecology,nccp-00312-v5,protocols/gynaecology/00312-topotecan-monotherapy-weekly.json,5,,,,https://healthservice.hse.ie/documents/6715/312__V5_Topotecan_Monotherapy_weekly.pdf,false,true,0,0,8,11,false,false,false
00375,Trabectedin and Pegylated Liposomal Doxorubicin Therapy,Gynaecology,nccp-00375-v6,protocols/gynaecology/00375-trabectedin-and-pegylated-liposomal-doxorubicin-therapy.json,6,,,,https://healthservice.hse.ie/documents/6818/375_Trabectedin_and_PLD_therapy.pdf,false,true,0,0,13,16,false,false,false
00499,"Gemcitabine 1000 mg/m², Carboplatin AUC 4 and Bevacizumab 15 mg/kg Therapy – 21 day",Gynaecology,nccp-00499-v8,protocols/gynaecology/00499-gemcitabine-1000-mg-m-carboplatin-auc-4-and-bevacizumab-15-mg-kg-therapy-21-day.json,8,,,,https://healthservice.hse.ie/documents/6507/499_V8_GemCARBOAUC_4BEV.pdf,false,true,0,0,15,19,false,false,false
00620,"Bevacizumab 7.5 mg/kg, Carboplatin AUC 5 and Paclitaxel 175 mg/m² Therapy",Gynaecology,nccp-00620-v2,protocols/gynaecology/00620-bevacizumab-7-5-mg-kg-carboplatin-auc-5-and-paclitaxel-175-mg-m-therapy.json,2,,,,https://healthservice.hse.ie/documents/6852/620_V2_BevPacliCarbo.pdf,false,true,0,0,18,20,false,false,false
00624,Carboplatin AUC 5 and Pegylated Liposomal Doxorubicin 30 mg/m² Therapy — 28 day,Gynaecology,nccp-00624-v3,protocols/gynaecology/00624-carboplatin-pegylated-liposomal-doxorubicin.json,3,2020-12-18,2027-09-01,,https://healthservice.hse.ie/documents/6685/624_V3_Carbo_AUC5_pegylated_dox_30.pdf,false,true,0,0,19,20,false,false,false
00676,Cisplatin 50 mg/m² Chemoradiation followed by Carboplatin AUC 5 and Paclitaxel 175 mg/m²,Gynaecology,nccp-00676-v3,protocols/gynaecology/00676-cisplatin-50-mg-m-chemoradiation-followed-by-carboplatin-auc-5-and-paclitaxel-175-mg-m.json,3,,,,https://healthservice.hse.ie/documents/6673/676_v3_Cisplatin_50mgm2_with_RT_Pacli_Carbo.pdf,false,true,0,0,16,16,false,false,false
00716,"Bevacizumab 15 mg/kg, Carboplatin AUC 5 and Paclitaxel 175 mg/m² Therapy",Gynaecology,nccp-00716-v2,protocols/gynaecology/00716-bevacizumab-15-mg-kg-carboplatin-auc-5-and-paclitaxel-175-mg-m-therapy.json,2,,,,https://healthservice.hse.ie/documents/6594/716_V2_Bev15mg_PACLi_and_CARBO.pdf,false,true,0,0,18,20,false,false,false
00746,Olaparib (Tablet) and Bevacizumab Therapy,Gynaecology,nccp-00746-v2,protocols/gynaecology/00746-olaparib-tablet-and-bevacizumab-therapy.json,2,,,,https://healthservice.hse.ie/documents/6626/746_V2_Olaparib_bevacizumab_therapy.pdf,false,true,0,0,15,19,false,false,false
00766,"Bevacizumab 15 mg/kg, Paclitaxel 175 mg/m² and Carboplatin AUC 6 Therapy",Gynaecology,nccp-00766-v2,protocols/gynaecology/00766-bevacizumab-carboplatin-paclitaxel.json,2,2023-01-01,2028-01-01,,https://healthservice.hse.ie/documents/6667/766_V2_Bevacizumab_15_Paclitaxel_CarboplatinAUC6.pdf,false,true,0,0,13,20,false,false,false
00769,"Bevacizumab 10 mg/kg and Paclitaxel 80 mg/m² Days 1, 8, 15 and 22",Gynaecology,nccp-00769-v2,protocols/gynaecology/00769-bevacizumab-10-mg-kg-and-paclitaxel-80-mg-m-days-1-8-15-and-22.json,2,,,,https://healthservice.hse.ie/documents/6666/769_V2_Bevacizumab10_PACLitaxelDay181522.pdf,false,true,0,0,16,18,false,false,false
00771,Bevacizumab 10 mg/kg and Topotecan 4 mg/m² Therapy,Gynaecology,nccp-00771-v2,protocols/gynaecology/00771-bevacizumab-10-mg-kg-and-topotecan-4-mg-m-therapy.json,2,,,,https://healthservice.hse.ie/documents/6665/771_V2_Bevacizumab10_Topotecan.pdf,false,true,0,0,15,18,false,false,false
00772,Bevacizumab 10 mg/kg and Pegylated Liposomal Doxorubicin 40 mg/m² Therapy,Gynaecology,nccp-00772-v3,protocols/gynaecology/00772-bevacizumab-10-mg-kg-and-pegylated-liposomal-doxorubicin-40-mg-m-therapy.json,3,,,,https://healthservice.hse.ie/documents/6664/772_V3_Bevacizumab10_PegylatedDOXOrubicin40.docx.pdf,false,true,0,0,17,21,false,false,false
00799,"Bevacizumab 15 mg/kg, Paclitaxel 175 mg/m² and Cisplatin 50 mg/m² Therapy",Gynaecology,nccp-00799-v2,protocols/gynaecology/00799-bevacizumab-paclitaxel-cisplatin.json,2,2023-03-10,2029-04-12,,https://healthservice.hse.ie/documents/6422/799_V2_Bev_Pacli_CIS.pdf,false,true,0,0,28,25,false,false,false
00811,"Pembrolizumab, Paclitaxel 175 mg/m², Carboplatin AUC 5 and Bevacizumab Therapy",Gynaecology,nccp-00811-v2,protocols/gynaecology/00811-pembrolizumab-paclitaxel-175-mg-m-carboplatin-auc-5-and-bevacizumab-therapy.json,2,,,,https://healthservice.hse.ie/documents/6425/811_V2_Pembrolizumab_Pac_Carbo_Bev.pdf,false,true,0,0,25,30,false,false,false
00817,"Pembrolizumab, Paclitaxel 175 mg/m² and Carboplatin AUC 5 Therapy",Gynaecology,nccp-00817-v2,protocols/gynaecology/00817-pembrolizumab-paclitaxel-175-mg-m-and-carboplatin-auc-5-therapy.json,2,,,,https://healthservice.hse.ie/documents/6429/817_V2_Pembro_Pac_175_Carbo_AUC_5.pdf,false,true,0,0,18,23,false,false,false
00819,Dostarlimab Therapy,Gynaecology,nccp-00819-v2,protocols/gynaecology/00819-dostarlimab-therapy.json,2,,,,https://healthservice.hse.ie/documents/6430/819_V2_Dostarlimab_Therapy.pdf,false,true,0,0,10,20,false,false,false
00862,Niraparib (Tablets) Monotherapy,Gynaecology,nccp-00862-v2,protocols/gynaecology/00862-niraparib-tablets-monotherapy.json,2,2024-05-03,2030-06-04,,https://healthservice.hse.ie/documents/6437/862_V2_Niraparib_Tablets_Monotherapy.pdf,false,true,0,0,21,25,false,false,false
00904,Rucaparib (Tablets) Monotherapy,Gynaecology,nccp-00904-v1,protocols/gynaecology/00904-rucaparib-tablets-monotherapy.json,1,,,,https://healthservice.hse.ie/documents/6655/904_V1_Rucaparib_monotherapy.pdf,false,true,0,0,8,12,false,false,false
00929,"Dostarlimab, Paclitaxel and Carboplatin Therapy",Gynaecology,nccp-00929-v1,protocols/gynaecology/00929-dostarlimab-paclitaxel-and-carboplatin-therapy.json,1,,,,https://healthservice.hse.ie/documents/8284/929_Dostarlimab_-_PACLi_CARBO_Regimen.pdf,false,true,0,0,18,23,false,false,false
00300,"Bleomycin, Etoposide and Cisplatin (BEP) Therapy",Gynaecology,nccp-00300-v7b,protocols/gynaecology/00300-bleomycin-etoposide-and-cisplatin-bep-therapy.json,7b,,,,https://healthservice.hse.ie/documents/6706/300_V7b_BEP.pdf,false,true,0,0,12,14,false,false,false
00301,Etoposide and Cisplatin 20 mg/m² (EP) 5-day Therapy,Gynaecology,nccp-00301-v5,protocols/gynaecology/00301-etoposide-and-cisplatin-20-mg-m-ep-5-day-therapy.json,5,,,,https://healthservice.hse.ie/documents/6707/301_V5_EP.pdf,false,true,0,0,11,13,false,false,false
00588,Olaparib (Tablet) Monotherapy,Gynaecology,nccp-00588-v5b,protocols/shared/00588-olaparib-tablet-monotherapy.json,5b,2020-11-26,2026-12-21,,https://healthservice.hse.ie/documents/6397/588_Olaparib_tablet_monotherapy_FZxXOtF.pdf,false,true,0,0,14,11,false,false,false
00385,Cisplatin 40 mg/m² Weekly with Radiotherapy,Gynaecology,nccp-00385-v5,protocols/gynaecology/00385-cisplatin-40-mg-m-weekly-with-radiotherapy.json,5,,,,https://healthservice.hse.ie/documents/6341/385_V5_CISplatin_40mgm2_weekly_with_RT.pdf,false,true,0,0,11,13,false,false,false
00419,Carboplatin AUC 2 Weekly with Radiotherapy,Gynaecology,nccp-00419-v4,protocols/gynaecology/00419-carboplatin-auc-2-weekly-with-radiotherapy.json,4,,,,https://healthservice.hse.ie/documents/6459/419_v4_CarboAUC2and_RT.pdf,false,true,0,0,8,12,false,false,false
00812,Cemiplimab Therapy,Gynaecology,nccp-00812-v3a,protocols/gynaecology/00812-cemiplimab-therapy.json,3a,,,,https://healthservice.hse.ie/documents/6426/812_V3a_Cemiplimab.pdf,false,true,0,0,10,20,false,false,false
00242,Vandetanib Monotherapy,Head and Neck,nccp-00242-v6,protocols/head-neck/00242-vandetanib-monotherapy.json,6,,,,https://healthservice.hse.ie/documents/6947/242_Vandetanib_monotherapy.pdf,false,true,0,0,15,19,false,false,false
00295,Lenvatinib DTC Therapy,Head and Neck,nccp-00295-v6,protocols/head-neck/00295-lenvatinib-dtc-therapy.json,6,,,,https://healthservice.hse.ie/documents/6951/295_V6_lenvatinib-DTC_therapy.pdf,false,true,0,0,9,14,false,false,false
00314,Cisplatin and 5-Fluorouracil – 28 day,Head and Neck,nccp-00314-v4b,protocols/head-neck/00314-cisplatin-and-5-fluorouracil-28-day.json,4b,,,,https://healthservice.hse.ie/documents/6955/314_V4b_Cisplatin_and_5-Fluorouracil.pdf,false,true,0,0,18,19,false,false,false
00315,"Docetaxel 75, Cisplatin 75 and 5-Fluorouracil 1000 – Induction TPF",Head and Neck,nccp-00315-v7a,protocols/head-neck/00315-docetaxel-75-cisplatin-75-and-5-fluorouracil-1000-induction-tpf.json,7a,,,,https://healthservice.hse.ie/documents/6956/315_DOCEtaxel_CISplatin_5FU_TPF_1.pdf,false,true,0,0,20,20,false,false,false
00323,"Docetaxel 75, Cisplatin 100 and 5-Fluorouracil 1000 (TCF) Chemoradiation",Head and Neck,nccp-00323-v7b,protocols/head-neck/00323-docetaxel-75-cisplatin-100-and-5-fluorouracil-1000-tcf-chemoradiation.json,7b,,,,https://healthservice.hse.ie/documents/6957/323_V7b_DOCEtaxel_75_CISplatin_100_and_5-Fluorouracil_1000_Chemoradiation_Therapy_TCF.pdf,false,true,0,0,21,21,false,false,false
00324,"Docetaxel 75, Cisplatin 75, 5-Fluorouracil 750 (TCF) and Radiotherapy",Head and Neck,nccp-00324-v6b,protocols/head-neck/00324-docetaxel-75-cisplatin-75-5-fluorouracil-750-tcf-and-radiotherapy.json,6b,,,,https://healthservice.hse.ie/documents/6958/324_V6b_DOCEtaxel_75_CISplatin_75_5-Fluorouracil_750_TCF_and_RT.pdf,false,true,0,0,20,20,false,false,false
00332,Carboplatin AUC 1.5 Chemoradiation – 7 day,Head and Neck,nccp-00332-v4,protocols/head-neck/00332-carboplatin-auc-1-5-chemoradiation-7-day.json,4,,,,https://healthservice.hse.ie/documents/6959/332_V4_Carboplatin_AUC1.5.pdf,false,true,0,0,7,13,false,false,false
00387,Cisplatin 100 mg/m² with Radiotherapy,Head and Neck,nccp-00387-v5,protocols/head-neck/00387-cisplatin-100-mg-m-with-radiotherapy.json,5,,,,https://healthservice.hse.ie/documents/6912/387_V5_CISplatin_100mgm2_with_RT.pdf,false,true,0,0,13,15,false,false,false
00417,"Cetuximab, Cisplatin 100 mg/m² and 5-Fluorouracil – 21 day",Head and Neck,nccp-00417-v7,protocols/head-neck/00417-cetuximab-cisplatin-100-mg-m-and-5-fluorouracil-21-day.json,7,,,,https://healthservice.hse.ie/documents/6975/417_Cetux_CIS_5-FU_v7.pdf,false,true,0,0,21,22,false,false,false
00418,"Cetuximab, Carboplatin AUC 5 and 5-Fluorouracil – 21 day",Head and Neck,nccp-00418-v7,protocols/head-neck/00418-cetuximab-carboplatin-auc-5-and-5-fluorouracil-21-day.json,7,,,,https://healthservice.hse.ie/documents/6976/418_Cetux_Carbo5-FU.pdf,false,true,0,0,17,20,false,false,false
00514,Gemcitabine 1250 mg/m² Monotherapy – 21 day,Head and Neck,nccp-00514-v3,protocols/head-neck/00514-gemcitabine-1250-mg-m-monotherapy-21-day.json,3,,,,https://healthservice.hse.ie/documents/6899/514_V3_Gemcitabine_1250_21day.pdf,false,true,0,0,12,15,false,false,false
00517,Gemcitabine 1250 mg/m² and Cisplatin 80 mg/m² – 21 day,Head and Neck,nccp-00517-v2,protocols/head-neck/00517-gemcitabine-1250-mg-m-and-cisplatin-80-mg-m-21-day.json,2,,,,https://healthservice.hse.ie/documents/6897/517_V2_GemCis80.pdf,false,true,0,0,17,18,false,false,false
00552,Carboplatin AUC 5 and 5-Fluorouracil 1000 mg/m²/day – 28 day,Head and Neck,nccp-00552-v6,protocols/head-neck/00552-carboplatin-auc-5-and-5-fluorouracil-1000-mg-m-day-28-day.json,6,,,,https://healthservice.hse.ie/documents/6983/552_CARBOplatin_auc5_5fu.pdf,false,true,0,0,14,17,false,false,false
00589,Carboplatin 70 mg/m² and 5-Fluorouracil 600 mg/m² with Radiotherapy,Head and Neck,nccp-00589-v4,protocols/head-neck/00589-carboplatin-70-mg-m-and-5-fluorouracil-600-mg-m-with-radiotherapy.json,4,,,,https://healthservice.hse.ie/documents/6986/589_CARBOplatin_70_5_Fluorouracil_600.pdf,false,true,0,0,14,17,false,false,false
00591,Carboplatin AUC 4 and 5-Fluorouracil 600 mg/m² with Radiotherapy,Head and Neck,nccp-00591-v3,protocols/head-neck/00591-carboplatin-auc-4-and-5-fluorouracil-600-mg-m-with-radiotherapy.json,3,,,,https://healthservice.hse.ie/documents/6988/591_CARBOplatin_AUC4_and_5-Fluorouracil_600.pdf,false,true,0,0,14,17,false,false,false
00615,"Cyclophosphamide, Doxorubicin and Cisplatin – 21 day",Head and Neck,nccp-00615-v2,protocols/head-neck/00615-cyclophosphamide-doxorubicin-and-cisplatin-21-day.json,2,,,,https://healthservice.hse.ie/documents/6994/615_V2_Cyclodoxcis.pdf,false,true,0,0,15,17,false,false,false
00696,"Paclitaxel Days 1, 8 and 15 with Cetuximab Days 1 and 15 – 28 day",Head and Neck,nccp-00696-v2,protocols/head-neck/00696-paclitaxel-days-1-8-and-15-with-cetuximab-days-1-and-15-28-day.json,2,,,,https://healthservice.hse.ie/documents/6769/696_PACLitaxel_Cetuximab_28day.pdf,false,true,0,0,13,16,false,false,false
00705,"Pembrolizumab, Carboplatin AUC 5 and 5-Fluorouracil",Head and Neck,nccp-00705-v2d,protocols/head-neck/00705-pembrolizumab-carboplatin-auc-5-and-5-fluorouracil.json,2d,,,,https://healthservice.hse.ie/documents/6881/705_V2d_Pembrolizumab_CARBOplatin_5FU.pdf,false,true,0,0,21,26,false,false,false
00706,"Pembrolizumab, Cisplatin and 5-Fluorouracil",Head and Neck,nccp-00706-v3,protocols/head-neck/00706-pembrolizumab-cisplatin-and-5-fluorouracil.json,3,,,,https://healthservice.hse.ie/documents/6880/706_V3_Pembrolizumab_CISplatin_5FU_.pdf,false,true,0,0,25,28,false,false,false
00893,Methotrexate 40 mg/m² Monotherapy – 28 day,Head and Neck,nccp-00893-v1,protocols/head-neck/00893-methotrexate-40-mg-m-monotherapy-28-day.json,1,,,,https://healthservice.hse.ie/documents/6862/893_V1_Methotrexate_40_HNSCC.pdf,false,true,0,0,12,15,false,false,false
00903,Gemcitabine 1000 mg/m² and Cisplatin 80 mg/m² Induction,Head and Neck,nccp-00903-v1,protocols/head-neck/00903-gemcitabine-1000-mg-m-and-cisplatin-80-mg-m-induction.json,1,,,,https://healthservice.hse.ie/documents/6859/903_V1_Gemcitabine_1g_CISplatin_80.pdf,false,true,0,0,17,18,false,false,false
00219,Erlotinib Monotherapy,Lung,nccp-00219-v6,protocols/lung/00219-erlotinib-monotherapy.json,6,,,,https://healthservice.hse.ie/documents/6938/219_Erlotinib_monotherapy.pdf,false,true,0,0,7,9,false,false,false
00220,Gefitinib Monotherapy,Lung,nccp-00220-v5,protocols/lung/00220-gefitinib-monotherapy.json,5,,,,https://healthservice.hse.ie/documents/6937/220_V5_Gefitinib_Monotherapy.pdf,false,true,0,0,7,9,false,false,false
00221,Afatinib Monotherapy,Lung,nccp-00221-v5,protocols/lung/00221-afatinib-monotherapy.json,5,,,,https://healthservice.hse.ie/documents/6936/221_Afatinib.pdf,false,true,0,0,7,9,false,false,false
00222,Pemetrexed Monotherapy,Lung,nccp-00222-v5,protocols/lung/00222-pemetrexed-monotherapy.json,5,,,,https://healthservice.hse.ie/documents/6935/222_V5_PEMEtrexed_Monotherapy_.pdf,false,true,0,0,13,12,false,false,false
00243,Crizotinib Monotherapy,Lung,nccp-00243-v7,protocols/lung/00243-crizotinib-monotherapy.json,7,,,,https://healthservice.hse.ie/documents/6934/243_V7_Crizotinib_Monotherapy.pdf,false,true,0,0,10,12,false,false,false
00271,Carboplatin AUC 5 and Etoposide 100 mg/m² Therapy – 21 day,Lung,nccp-00271-v7,protocols/lung/00271-carboplatin-etoposide.json,6,2015-01-01,2026-01-01,,https://healthservice.hse.ie/documents/6931/271_CarboplatinAUC5Etop100.pdf,false,true,0,0,9,16,false,false,false
00280,Cisplatin 75 mg/m² and Etoposide 100 mg/m² Therapy – 21 day,Lung,nccp-00280-v6,protocols/lung/00280-cisplatin-etoposide.json,6,2015-01-01,2022-01-01,,https://healthservice.hse.ie/documents/6927/280_V6_Cisplatin_and_Etoposide.pdf,false,true,0,0,10,17,false,false,false
00281,Gemcitabine 1250 mg/m² and Cisplatin 75 mg/m² Therapy — 21 day,Lung,nccp-00281-v7,protocols/lung/00281-gemcitabine-cisplatin.json,7,2015-11-15,2026-11-18,,https://healthservice.hse.ie/documents/6926/281_V7_GemCis75.pdf,false,true,0,0,19,17,false,false,false
00304,Carboplatin AUC 6 and Paclitaxel 200 mg/m² Therapy,Lung,nccp-00304-v8,protocols/lung/00304-carboplatin-paclitaxel.json,8,2016-04-08,2030-12-19,,https://healthservice.hse.ie/documents/6924/304_V8_CARBOplatinAUC_6_PACLitaxel_200.pdf,false,true,0,0,23,17,false,false,false
00309,Weekly Carboplatin AUC2 and Paclitaxel 50 mg/m² with Radiotherapy,Lung,nccp-00309-v6,protocols/lung/00309-weekly-carboplatin-auc2-and-paclitaxel-50-mg-m2-with-radiotherapy.json,6,,,,https://healthservice.hse.ie/documents/6923/309_V6_CARBOplatinAUC2_and_PACLitaxel50_with_RT.pdf,false,true,0,0,12,13,false,false,false
00317,Pemetrexed 500 mg/m² and Cisplatin 75 mg/m² Therapy,Lung,nccp-00317-v7,protocols/lung/00317-pemetrexed-cisplatin.json,7,2016-05-03,2030-10-17,,https://healthservice.hse.ie/documents/6922/317_V7_PEMEtrexed_and_CISplatin.pdf,false,true,0,0,25,21,false,false,false
00318,Pemetrexed and Carboplatin Therapy,Lung,nccp-00318-v6,protocols/lung/00318-pemetrexed-and-carboplatin-therapy.json,6,,,,https://healthservice.hse.ie/documents/6921/318_V6_PEMEtrexed_and_CARBOplatin.pdf,false,true,0,0,15,13,false,false,false
00319,Carboplatin and Oral Etoposide Therapy – 21 day,Lung,nccp-00319-v5,protocols/lung/00319-carboplatin-and-oral-etoposide-therapy-21-day.json,5,,,,https://healthservice.hse.ie/documents/6920/319_V5_CarboplatinEtoposide_21days.pdf,false,true,0,0,13,11,false,false,false
00339,"Vinorelbine Days 1, 8, 15 and Cisplatin Day 1 – 21 day",Lung,nccp-00339-v7,protocols/lung/00339-vinorelbine-days-1-8-15-and-cisplatin-day-1-21-day.json,7,,,,https://healthservice.hse.ie/documents/6918/339_Vin_30CIS_80.pdf,false,true,0,0,17,14,false,false,false
00340,Ceritinib Monotherapy,Lung,nccp-00340-v4,protocols/lung/00340-ceritinib-monotherapy.json,4,,,,https://healthservice.hse.ie/documents/6917/340_Ceritinib_monotherapy.pdf,false,true,0,0,10,12,false,false,false
00343,Vinorelbine and Cisplatin Therapy – 28 day,Lung,nccp-00343-v7,protocols/lung/00343-vinorelbine-and-cisplatin-therapy-28-day.json,7,,,,https://healthservice.hse.ie/documents/6916/343_V7_Vin25Cis50.pdf,false,true,0,0,17,14,false,false,false
00353,Osimertinib Monotherapy,Lung,nccp-00353-v5,protocols/lung/00353-osimertinib-monotherapy.json,5,,,,https://healthservice.hse.ie/documents/6914/353_V5_Osimertinib_Monotherapy.pdf,false,true,0,0,8,10,false,false,false
00372,Nintedanib Therapy with Docetaxel,Lung,nccp-00372-v6,protocols/lung/00372-nintedanib-therapy-with-docetaxel.json,6,,,,https://healthservice.hse.ie/documents/6913/372_Nintedanib_therapy.pdf,false,true,0,0,13,15,false,false,false
00388,Oral Etoposide Therapy,Lung,nccp-00388-v3,protocols/lung/00388-oral-etoposide-therapy.json,3,,,,https://healthservice.hse.ie/documents/6911/388_V3_Oral_Etoposide.pdf,false,true,0,0,11,10,false,false,false
00401,Alectinib Monotherapy,Lung,nccp-00401-v6,protocols/lung/00401-alectinib-monotherapy.json,6,,,,https://healthservice.hse.ie/documents/6910/401_V6_Alectinib.pdf,false,true,0,0,10,12,false,false,false
00456,"Cisplatin 50 mg/m², Etoposide 50 mg/m² and Thoracic Radiotherapy – 28 day",Lung,nccp-00456-v4,protocols/lung/00456-cisplatin-50-mg-m2-etoposide-50-mg-m2-and-thoracic-radiotherapy-28-day.json,4,,,,https://healthservice.hse.ie/documents/6902/456_V4_CISplatin_50_and_Etoposide.pdf,false,true,0,0,17,13,false,false,false
00561,"Carboplatin AUC3, Etoposide 50 mg/m² and Thoracic Radiotherapy – 28 day",Lung,nccp-00561-v4,protocols/lung/00561-carboplatin-auc3-etoposide-50-mg-m2-and-thoracic-radiotherapy-28-day.json,4,,,,https://healthservice.hse.ie/documents/6896/561_V4_CarboAUC3_etoposide_RT.pdf,false,true,0,0,13,11,false,false,false
00562,Brigatinib Therapy,Lung,nccp-00562-v3,protocols/lung/00562-brigatinib-therapy.json,3,,,,https://healthservice.hse.ie/documents/6895/562_v3_brigatinib.pdf,false,true,0,0,10,12,false,false,false
00565,Dacomitinib Monotherapy,Lung,nccp-00565-v3,protocols/lung/00565-dacomitinib-monotherapy.json,3,,,,https://healthservice.hse.ie/documents/6894/565_V3_Dacomitinib.pdf,false,true,0,0,7,9,false,false,false
00568,"Pembrolizumab, Pemetrexed and Carboplatin AUC5 Therapy",Lung,nccp-00568-v5,protocols/lung/00568-pembrolizumab-pemetrexed-and-carboplatin-auc5-therapy.json,5,,,,https://healthservice.hse.ie/documents/6891/568_V5_Pembrolizumab_PEMEtrexed_CARBOplatin.pdf,false,true,0,0,25,26,false,false,false
00569,"Pembrolizumab, Pemetrexed and Cisplatin Therapy",Lung,nccp-00569-v5,protocols/lung/00569-pembrolizumab-pemetrexed-and-cisplatin-therapy.json,5,,,,https://healthservice.hse.ie/documents/6890/569_V5_Pembrolizumab_PEMEtrexed_and_CISplatin.pdf,false,true,0,0,29,28,false,false,false
00570,Lorlatinib Therapy,Lung,nccp-00570-v3,protocols/lung/00570-lorlatinib-therapy.json,3,,,,https://healthservice.hse.ie/documents/6889/570_V3_Lorlatinib_therapy_.pdf,false,true,0,0,12,14,false,false,false
00576,Durvalumab Monotherapy 10 mg/kg – 14 day,Lung,nccp-00576-v5,protocols/lung/00576-durvalumab-monotherapy-10-mg-kg-14-day.json,5,,,,https://healthservice.hse.ie/documents/6888/576_Durvalumab.pdf,false,true,0,0,13,17,false,false,false
00579,"Pembrolizumab, Paclitaxel and Carboplatin AUC6 Therapy",Lung,nccp-00579-v5a,protocols/lung/00579-pembrolizumab-paclitaxel-and-carboplatin-auc6-therapy.json,5a,,,,https://healthservice.hse.ie/documents/6887/579_V5a_pembrolizumab_carboplatin_paclitaxel.pdf,false,true,0,0,22,23,false,false,false
00587,Topotecan Oral Monotherapy,Lung,nccp-00587-v2,protocols/lung/00587-topotecan-oral-monotherapy.json,2,,,,https://healthservice.hse.ie/documents/6886/587_V2_Topotecan_PO.pdf,false,true,0,0,10,9,false,false,false
00614,Carboplatin and Vinorelbine Therapy – 21 day,Lung,nccp-00614-v4,protocols/lung/00614-carboplatin-and-vinorelbine-therapy-21-day.json,4,,,,https://healthservice.hse.ie/documents/6884/614_V4_Carboplatin_Vinorelbine.pdf,false,true,0,0,13,13,false,false,false
00655,Durvalumab 1500 mg Monotherapy – 28 day,Lung,nccp-00655-v3a,protocols/lung/00655-durvalumab-maintenance.json,3a,2021-02-01,2028-09-04,,https://healthservice.hse.ie/documents/6883/655_V3a_Durvalumab_1500mg.pdf,false,true,0,0,35,36,false,false,false
00689,"Atezolizumab, Carboplatin AUC 5 and Etoposide 100 mg/m² — 21 day",Lung,nccp-00689-v4,protocols/lung/00689-atezolizumab-carboplatin-etoposide.json,4,2022-01-20,2028-03-24,,https://healthservice.hse.ie/documents/6882/689_V4_Atezolizumab_Etoposide_CARBOplatin.pdf,false,true,0,0,43,48,false,false,false
00712,"Nivolumab, Ipilimumab, Carboplatin and Paclitaxel Therapy",Lung,nccp-00712-v3a,protocols/lung/00712-nivolumab-ipilimumab-carboplatin-and-paclitaxel-therapy.json,3a,,,,https://healthservice.hse.ie/documents/6879/712_V3a_Nivolumab_ipili_plus_PACLitaxel-CARBOplatin.pdf,false,true,0,0,22,23,false,false,false
00713,"Nivolumab, Ipilimumab, Pemetrexed and Carboplatin Therapy",Lung,nccp-00713-v4,protocols/lung/00713-nivolumab-ipilimumab-pemetrexed-and-carboplatin-therapy.json,4,,,,https://healthservice.hse.ie/documents/6877/713_V4_Nivolumab_ipili_plus_PEMEtrexed-CARBOplatin_.pdf,false,true,0,0,25,26,false,false,false
00714,"Nivolumab, Ipilimumab, Pemetrexed and Cisplatin Therapy",Lung,nccp-00714-v4,protocols/lung/00714-nivolumab-ipilimumab-pemetrexed-and-cisplatin-therapy.json,4,,,,https://healthservice.hse.ie/documents/6876/714_V4_Nivolumab_ipili_plus_PEMEtrexed-CISplatin.pdf,false,true,0,0,29,28,false,false,false
00792,Nivolumab 360 mg and Ipilimumab 1 mg/kg Therapy,Lung,nccp-00792-v2,protocols/lung/00792-nivolumab-360-mg-and-ipilimumab-1-mg-kg-therapy.json,2,,,,https://healthservice.hse.ie/documents/6873/792_V2_Nivolumab_360_ipilimumab1mg.kg.pdf,false,true,0,0,13,17,false,false,false
00823,Tepotinib Therapy,Lung,nccp-00823-v2,protocols/lung/00823-tepotinib-therapy.json,2,,,,https://healthservice.hse.ie/documents/6868/823_V2_Tepotinib_Therapy.pdf,false,true,0,0,8,10,false,false,false
00849,Nivolumab 360 mg and Platinum-Based Chemotherapy,Lung,nccp-00849-v2,protocols/lung/00849-nivolumab-360-mg-and-platinum-based-chemotherapy.json,2,,,,https://healthservice.hse.ie/documents/6865/849_V2_Nivolumab_chemotherapy.pdf,false,true,0,0,17,21,false,false,false
00908,"Serplulimab, Carboplatin AUC5 and Etoposide 100 mg/m² – 21 day",Lung,nccp-00908-v1a,protocols/lung/00908-serplulimab-carboplatin-auc5-and-etoposide-100-mg-m2-21-day.json,1a,,,,https://healthservice.hse.ie/documents/6856/908_Serplulimab_CARBO_Etop_f8OKidZ.pdf,false,true,0,0,23,23,false,false,false
00310,Gemcitabine 1000 mg/m² and Carboplatin AUC 5 Therapy — 21 day,Lung,nccp-00310-v7,protocols/lung/00310-gemcitabine-carboplatin.json,7,2016-04-08,2026-11-18,,https://healthservice.hse.ie/documents/6713/310_v7_GemCARBOAUC_5.pdf,false,true,0,0,16,16,false,false,false
00544,Atezolizumab 1200 mg Monotherapy – 21 day,Lung,nccp-00544-v14,protocols/lung/00544-atezolizumab-1200-mg-monotherapy-21-day.json,14,,,,https://healthservice.hse.ie/documents/6644/544_v14_Atezolizumab_21_Day_Monotherapy.pdf,false,true,0,0,13,17,false,false,false
00592,Atezolizumab 840 mg Monotherapy – 14 day,Lung,nccp-00592-v3,protocols/shared/00592-atezolizumab-840-mg-monotherapy-14-day.json,3,,,,https://healthservice.hse.ie/documents/6398/592_v3_Atezolizumab_840mg_Monotherapy_14_Day.pdf,false,true,0,0,13,17,false,false,false
00593,Atezolizumab 1680 mg Monotherapy – 28 day,Lung,nccp-00593-v10a,protocols/lung/00593-atezolizumab-maintenance.json,10a,2020-04-09,2026-09-09,,https://healthservice.hse.ie/documents/6399/593_v10a_Atezolizumab_1680mg_Monotherapy.pdf,false,true,0,0,34,37,false,false,false
00279,"Cisplatin 75 mg/m², Etoposide 100 mg/m² and Radiotherapy – 21 day",Lung,nccp-00279-v7,protocols/shared/00279-cisplatin-75-mg-m2-etoposide-100-mg-m2-and-radiotherapy-21-day.json,7,,,,https://healthservice.hse.ie/documents/6697/279_V7_Cisplatin_and_Etoposide_and_RT.pdf,false,true,0,0,17,13,false,false,false
00311,Topotecan Monotherapy – 5 day,Lung,nccp-00311-v4,protocols/shared/00311-topotecan-monotherapy-5-day.json,4,,,,https://healthservice.hse.ie/documents/6714/311_v4_Topotecan_Monotherapy_5day.pdf,false,true,0,0,10,9,false,false,false
00558,Pembrolizumab 400 mg Monotherapy,Lung,nccp-00558-v12b,protocols/shared/00558-pembrolizumab-400mg-monotherapy.json,12b,2019-04-19,2026-12-22,,https://healthservice.hse.ie/documents/6389/558_v12b_Pembrolizumab_400mg_monotherapy.pdf,false,true,0,0,23,34,false,false,false
00702,Entrectinib Monotherapy – Adult,Lung,nccp-00702-v2,protocols/lung/00702-entrectinib-monotherapy-adult.json,2,,,,https://healthservice.hse.ie/documents/6770/702_V2_Entrectinib_monotherapy.pdf,false,true,0,0,10,12,false,false,false
00334,Temozolomide with Radiotherapy and Adjuvant Therapy,Neuro-oncology,nccp-00334-v4,protocols/neuro-oncology/00334-temozolomide-with-radiotherapy-and-adjuvant-therapy.json,4,2016-06-20,2030-07-23,,https://healthservice.hse.ie/documents/6960/334_V4_Temozolomide_RT_and_Adjuvant_Therapy.pdf,false,true,0,0,23,19,false,false,false
00342,Temozolomide Recurrent Therapy,Neuro-oncology,nccp-00342-v4,protocols/neuro-oncology/00342-temozolomide-recurrent-therapy.json,4,2016-06-20,2030-07-23,,https://healthservice.hse.ie/documents/6961/342_V4_Temozolomide_Recurrent_Therapy_.pdf,false,true,0,0,15,18,false,false,false
00379,"Procarbazine, Lomustine and Vincristine (PCV) Therapy – 42 Day",Neuro-oncology,nccp-00379-v4,protocols/neuro-oncology/00379-procarbazine-lomustine-and-vincristine-pcv-therapy-42-day.json,4,2016-12-01,2027-06-28,,https://healthservice.hse.ie/documents/6971/379_V4_PCV.pdf,false,true,0,0,28,23,false,false,false
00461,Temozolomide with Radiotherapy and Adjuvant Therapy – Patients Greater Than 65 Years,Neuro-oncology,nccp-00461-v3,protocols/neuro-oncology/00461-temozolomide-with-radiotherapy-and-adjuvant-therapy-patients-greater-than-65-years.json,3,2018-02-16,2030-06-13,,https://healthservice.hse.ie/documents/6977/461_V3_Temozolomide_RT_and_Adjuvant_Therapy_greater_than65_years_.pdf,false,true,0,0,25,18,false,false,false
00658,"Procarbazine, Lomustine and Vincristine (PCV) Therapy – 56 Day",Neuro-oncology,nccp-00658-v2,protocols/neuro-oncology/00658-procarbazine-lomustine-and-vincristine-pcv-therapy-56-day.json,2,2021-08-20,2027-06-28,,https://healthservice.hse.ie/documents/6996/658_V2_PCV-8wk.pdf,false,true,0,0,34,23,false,false,false
00742,Lomustine and Bevacizumab 5 mg/kg Therapy,Neuro-oncology,nccp-00742-v3,protocols/neuro-oncology/00742-lomustine-and-bevacizumab-5-mg-kg-therapy.json,3,2022-12-19,2029-01-19,,https://healthservice.hse.ie/documents/6874/742_V3_Lomustine_and_Bevacizumab_5.pdf,false,true,0,0,31,26,false,false,false
00804,Lomustine and Bevacizumab 7.5 mg/kg Therapy,Neuro-oncology,nccp-00804-v2,protocols/neuro-oncology/00804-lomustine-and-bevacizumab-7-5-mg-kg-therapy.json,2,2023-05-15,2029-07-18,,https://healthservice.hse.ie/documents/6872/804_V2_Lomustine_and_bevacizumab_7.5.pdf,false,true,0,0,31,26,false,false,false
00805,Lomustine 130 mg/m² Therapy,Neuro-oncology,nccp-00805-v2,protocols/neuro-oncology/00805-lomustine-130-mg-m2-therapy.json,2,2023-05-15,2029-07-18,,https://healthservice.hse.ie/documents/6871/805_V2_Lomustine_130mg_Therapy.pdf,false,true,0,0,13,11,false,false,false
00806,"Cisplatin, Lomustine and Vincristine (CLV) Therapy",Neuro-oncology,nccp-00806-v2,protocols/neuro-oncology/00806-cisplatin-lomustine-and-vincristine-clv-therapy.json,2,2023-05-15,2029-07-18,,https://healthservice.hse.ie/documents/6870/806_V2_CLV_Therapy.pdf,false,true,0,0,22,16,false,false,false
00813,Bevacizumab 5 mg/kg Monotherapy – 14 Day,Neuro-oncology,nccp-00813-v2,protocols/neuro-oncology/00813-bevacizumab-5-mg-kg-monotherapy-14-day.json,2,2023-05-02,2029-07-24,,https://healthservice.hse.ie/documents/6869/813_V2_Bevacizumab_5.pdf,false,true,0,0,23,21,false,false,false
00327,Sunitinib 37.5 mg Therapy – 28 day,Neuroendocrine,nccp-00327-v5,protocols/neuroendocrine/00327-sunitinib-37-5-mg-therapy-28-day.json,5,,,,https://healthservice.hse.ie/documents/6919/327_V5_SUNitinib_37.5mg.pdf,false,true,0,0,16,15,false,false,false
00100,Mifamurtide Therapy,Sarcoma,nccp-00100-v6,protocols/sarcoma/00100-mifamurtide-therapy.json,6,,,,https://healthservice.hse.ie/documents/6722/100_Mifamurtide.pdf,false,true,0,0,16,14,false,false,false
00335,Imatinib Therapy – GIST,Sarcoma,nccp-00335-v4,protocols/sarcoma/00335-imatinib-therapy-gist.json,4,,,,https://healthservice.hse.ie/documents/6727/335_v4_Imatinib.pdf,false,true,0,0,11,23,false,false,false
00374,Trabectedin Monotherapy,Sarcoma,nccp-00374-v4,protocols/sarcoma/00374-trabectedin-monotherapy.json,4,,,,https://healthservice.hse.ie/documents/6729/374_Trabectedin_monotherapy.pdf,false,true,0,0,16,19,false,false,false
00391,Doxorubicin 60 mg/m² and Ifosfamide Therapy,Sarcoma,nccp-00391-v5,protocols/sarcoma/00391-doxorubicin-60-mg-m2-and-ifosfamide-therapy.json,5,,,,https://healthservice.hse.ie/documents/6730/391_DOXOrubicin_60_and_Ifosfamide.pdf,false,true,0,0,18,20,false,false,false
00392,Doxorubicin 75 mg/m² and Ifosfamide Therapy,Sarcoma,nccp-00392-v5,protocols/sarcoma/00392-doxorubicin-75-mg-m2-and-ifosfamide-therapy.json,5,,,,https://healthservice.hse.ie/documents/6731/392_DOXOrubicin_75_and_ifosfamide.pdf,false,true,0,0,18,20,false,false,false
00420,Doxorubicin 25 mg/m²/day and Cisplatin 100 mg/m² Therapy – 21 day,Sarcoma,nccp-00420-v4,protocols/sarcoma/00420-doxorubicin-25-mg-m2-day-and-cisplatin-100-mg-m2-therapy-21-day.json,4,,,,https://healthservice.hse.ie/documents/6733/420_V4_DOX25CIS100.pdf,false,true,0,0,21,19,false,false,false
00462,Pegylated Liposomal Doxorubicin 20 mg/m² – 21 day,Sarcoma,nccp-00462-v4,protocols/sarcoma/00462-pegylated-liposomal-doxorubicin-20-mg-m2-21-day.json,4,,,,https://healthservice.hse.ie/documents/6735/462_v4_PegylatedLiposomalDOX_20mgm2_21_days.pdf,false,true,0,0,13,18,false,false,false
00463,"MAP Therapy – Methotrexate, Doxorubicin and Cisplatin",Sarcoma,nccp-00463-v4,protocols/sarcoma/00463-map-therapy-methotrexate-doxorubicin-and-cisplatin.json,4,,,,https://healthservice.hse.ie/documents/6736/463_v4_MAP.pdf,false,true,0,0,20,27,false,false,false
00500,Doxorubicin 75 mg/m² Monotherapy,Sarcoma,nccp-00500-v3,protocols/sarcoma/00500-doxorubicin-75-mg-m2-monotherapy.json,3,,,,https://healthservice.hse.ie/documents/6738/500_V3_DOXOrubicin_75.pdf,false,true,0,0,16,18,false,false,false
00501,Gemcitabine and Docetaxel Therapy – 21 day,Sarcoma,nccp-00501-v4,protocols/sarcoma/00501-gemcitabine-and-docetaxel-therapy-21-day.json,4,,,,https://healthservice.hse.ie/documents/6739/501_V4_Gemcitabine_DOCEtaxel.pdf,false,true,0,0,14,19,false,false,false
00504,Irinotecan and Temozolomide Therapy – 21 day,Sarcoma,nccp-00504-v2,protocols/sarcoma/00504-irinotecan-and-temozolomide-therapy-21-day.json,2,,,,https://healthservice.hse.ie/documents/6740/504_v2_Irinotecan_and_Temozolomide_Therapy.pdf,false,true,0,0,12,18,false,false,false
00511,Dacarbazine 1.2 g/m² Therapy – 21 day,Sarcoma,nccp-00511-v2,protocols/sarcoma/00511-dacarbazine-1-2-g-m2-therapy-21-day.json,2,,,,https://healthservice.hse.ie/documents/6741/511_V2_Dacarbazine.pdf,false,true,0,0,14,11,false,false,false
00554,Vinblastine and Methotrexate Therapy,Sarcoma,nccp-00554-v2,protocols/sarcoma/00554-vinblastine-and-methotrexate-therapy.json,2,,,,https://healthservice.hse.ie/documents/6742/554_v2_vinblastine_MTX_SAMV.pdf,false,true,0,0,20,17,false,false,false
00596,Ifosfamide and Etoposide (IE) Therapy,Sarcoma,nccp-00596-v2,protocols/sarcoma/00596-ifosfamide-and-etoposide-ie-therapy.json,2,,,,https://healthservice.hse.ie/documents/6747/596_v2_Ifosfamide_Etoposide_IE_Therapy.pdf,false,true,0,0,16,19,false,false,false
00675,IE–VAC Therapy – Two Weekly Intervals,Sarcoma,nccp-00675-v2,protocols/sarcoma/00675-ie-vac-therapy-two-weekly-intervals.json,2,,,,https://healthservice.hse.ie/documents/6766/675_v2_IE_VAC_Two_weekly.pdf,false,true,0,0,15,24,false,false,false
00680,High Dose Ifosfamide Therapy – 21 day,Sarcoma,nccp-00680-v2,protocols/sarcoma/00680-high-dose-ifosfamide-therapy-21-day.json,2,,,,https://healthservice.hse.ie/documents/6767/680_v2_Ifosfamide_highdose.pdf,false,true,0,0,14,15,false,false,false
00747,IE–VAC Therapy – Three Weekly Intervals,Sarcoma,nccp-00747-v2,protocols/sarcoma/00747-ie-vac-therapy-three-weekly-intervals.json,2,,,,https://healthservice.hse.ie/documents/6779/747_v2_IE_VAC_three_weekly.pdf,false,true,0,0,15,24,false,false,false
00754,"Ifosfamide, Vincristine, Doxorubicin and Dactinomycin (IVADo) Therapy",Sarcoma,nccp-00754-v3,protocols/sarcoma/00754-ifosfamide-vincristine-doxorubicin-and-dactinomycin-ivado-therapy.json,3,,,,https://healthservice.hse.ie/documents/6781/754_IVADo.pdf,false,true,0,0,14,24,false,false,false
00757,"Vincristine, Irinotecan and Temozolomide (VIT) Therapy",Sarcoma,nccp-00757-v2,protocols/sarcoma/00757-vincristine-irinotecan-and-temozolomide-vit-therapy.json,2,,,,https://healthservice.hse.ie/documents/6784/757_v2_VIT.pdf,false,true,0,0,17,21,false,false,false
00102,Vemurafenib Monotherapy,Skin/Melanoma,nccp-00102-v6,protocols/skin/00102-vemurafenib-monotherapy.json,6,,,,https://healthservice.hse.ie/documents/6723/102_v6_Vemurafenib_Monotherapy.pdf,false,true,0,0,15,19,false,false,false
00105,Ipilimumab Monotherapy,Skin/Melanoma,nccp-00105-v7,protocols/skin/00105-ipilimumab-monotherapy.json,7,,,,https://healthservice.hse.ie/documents/6724/105_V7_Ipilimumab_.pdf,false,true,0,0,11,17,false,false,false
00236,Vismodegib Monotherapy,Skin/Melanoma,nccp-00236-v3,protocols/skin/00236-vismodegib-monotherapy.json,3,,,,https://healthservice.hse.ie/documents/6725/236_v3_Vismodegib.pdf,false,true,0,0,7,10,false,false,false
00237,Dabrafenib Monotherapy,Skin/Melanoma,nccp-00237-v6,protocols/skin/00237-dabrafenib-monotherapy.json,6,,,,https://healthservice.hse.ie/documents/6726/237_Dabrafenib.pdf,false,true,0,0,16,19,false,false,false
00373,Cobimetinib and Vemurafenib Therapy,Skin/Melanoma,nccp-00373-v3,protocols/skin/00373-cobimetinib-and-vemurafenib-therapy.json,3,,,,https://healthservice.hse.ie/documents/6728/373_V3_Cobimetinib_and_Vemurafenib.pdf,false,true,0,0,16,19,false,false,false
00415,Trametinib and Dabrafenib Therapy,Skin/Melanoma,nccp-00415-v4,protocols/skin/00415-trametinib-and-dabrafenib-therapy.json,4,,,,https://healthservice.hse.ie/documents/6732/415_v4_Trametinib_and_DabrafenibTherapy.pdf,false,true,0,0,16,19,false,false,false
00431,Nivolumab 1 mg/kg and Ipilimumab 3 mg/kg Therapy,Skin/Melanoma,nccp-00431-v10,protocols/skin/00431-nivolumab-1-mg-kg-and-ipilimumab-3-mg-kg-therapy.json,10,,,,https://healthservice.hse.ie/documents/6734/431_Nivolumab_1mg_Ipilimumab_3mg.pdf,false,true,0,0,12,18,false,false,false
00464,Dacarbazine Therapy,Skin/Melanoma,nccp-00464-v3,protocols/skin/00464-dacarbazine-therapy.json,3,,,,https://healthservice.hse.ie/documents/6737/464_V3_Dacarbazine.pdf,false,true,0,0,11,13,false,false,false
00563,Encorafenib and Binimetinib Therapy,Skin/Melanoma,nccp-00563-v3,protocols/skin/00563-encorafenib-and-binimetinib-therapy.json,3,,,,https://healthservice.hse.ie/documents/6744/563_V3_Encorafenib-and-Binimetinib_Therapy.pdf,false,true,0,0,15,19,false,false,false
00758,Larotrectinib Monotherapy – Adult,Tumour Agnostic Therapy,nccp-00758-v3,protocols/tumour-agnostic/00758-larotrectinib-monotherapy-adult.json,3,,,,https://healthservice.hse.ie/documents/6788/758_V3_Larotrectinib_Therapy_Adult.pdf,false,true,0,0,21,20,false,false,false
