protocol_id,nccp_code,version,title,tumour_group,schedule_available,structured_treatment_phases,structured_treatment_object,phase_count,component_count,selectable_dose_level_groups,modification_pathways,source_url,clinical_validation_authorised
nccp-00200-vcurrent,00200,8,Trastuzumab IV q21d,Breast,true,true,false,1,1,0,7,https://healthservice.hse.ie/documents/6330/200_Trastuzumab_21days_Ubeecpc.pdf,false
nccp-00201-v6,00201,6,Trastuzumab IV weekly,Breast,true,true,false,1,1,0,7,https://healthservice.hse.ie/documents/6540/201_v6_Trastuzumab_IV_7_days.pdf,false
nccp-00202-v7,00202,7,Docetaxel 100,Breast,false,false,false,0,0,0,0,https://healthservice.hse.ie/documents/6541/202_v7_Docetaxel_100_21_day.pdf,false
nccp-00204-v11,00204,11,Pertuzumab + trastuzumab + docetaxel,Breast,false,false,false,0,0,0,14,https://healthservice.hse.ie/documents/6545/204_v11_PertuzumabTrasDoc.pdf,false
nccp-00206-vcurrent,00206,5,T-DM1 metastatic,Breast,false,false,false,0,0,0,10,https://healthservice.hse.ie/documents/6547/206_Trastuzumab_Emtansine_21days.pdf,false
nccp-00217-vcurrent,00217,7,Lapatinib + capecitabine,Breast,false,false,false,0,0,0,12,https://healthservice.hse.ie/documents/6559/217_Lapatinib_and_Capecitabine_therapy.pdf,false
nccp-00230-v7,00230,7,nab-Paclitaxel q21d,Breast,false,false,false,0,0,0,5,https://healthservice.hse.ie/documents/6565/230_v7_nab-PACLitaxel.pdf,false
nccp-00250-v8,00250,8,TC (Docetaxel/Cyclophosphamide),Breast,true,true,false,1,2,0,5,https://healthservice.hse.ie/documents/6353/250_DOCEtaxel-cycloPHOS_TC.pdf,false
nccp-00252-v7,00252,7,AC (Doxorubicin/Cyclophosphamide),Breast,true,true,false,1,2,0,7,https://healthservice.hse.ie/documents/6356/252_DOXO_cycloPHOS_AC.pdf,false
nccp-00253-vcurrent,00253,6,Tamoxifen,Breast,false,false,false,0,0,0,9,https://healthservice.hse.ie/documents/6357/253_Tamoxifen_Monotherapy.pdf,false
nccp-00254-v5,00254,5,Anastrozole,Breast,false,false,false,0,0,0,2,https://healthservice.hse.ie/documents/6358/254_v5_Anastrazole.pdf,false
nccp-00258-v9,00258,9,TCH,Breast,false,false,false,0,0,0,2,https://healthservice.hse.ie/documents/6362/258_v9_TCH.pdf,false
nccp-00260-v7,00260,7,AC → weekly paclitaxel,Breast,false,false,false,0,0,0,3,https://healthservice.hse.ie/documents/6364/260_v7_AC-T.pdf,false
nccp-00262-vcurrent,00262,8,EC90,Breast,false,false,false,0,0,0,0,https://healthservice.hse.ie/documents/6367/262_EC90.pdf,false
nccp-00263-vcurrent,00263,7,EC75,Breast,false,false,false,0,0,0,0,https://healthservice.hse.ie/documents/6368/263_EC75.pdf,false
nccp-00265-v6b,00265,6b,FEC100,Breast,false,false,false,0,0,0,2,https://healthservice.hse.ie/documents/6690/265_v6b_FEC_100.pdf,false
nccp-00269-v7a,00269,7a,FEC50,Breast,false,false,false,0,0,0,0,https://healthservice.hse.ie/documents/6693/269_v7a_FEC50.pdf,false
nccp-00272-v4,00272,4,Trastuzumab SC q21d metastatic,Breast,true,true,false,1,1,0,7,https://healthservice.hse.ie/documents/6694/272_v4_Trastuzumab_SC_21days_MBC.pdf,false
nccp-00278-v7,00278,7,DD AC → paclitaxel q14d,Breast,false,false,false,0,0,0,2,https://healthservice.hse.ie/documents/6696/278_v7_Dose_DenseAC-T_Pacli_14_day.pdf,false
nccp-00285-v4,00285,4,Trastuzumab SC q21d EBC,Breast,true,true,false,1,1,0,7,https://healthservice.hse.ie/documents/6700/285_v4_Trastuzumab_SC_21days_EBC.pdf,false
nccp-00316-v6,00316,6,DD AC → paclitaxel q14d + trastuzumab,Breast,false,false,false,0,0,0,2,https://healthservice.hse.ie/documents/6717/316_v6_Dose_Dense_AC-TH.pdf,false
nccp-00322-v4,00322,4,Everolimus + exemestane,Breast,false,false,false,0,0,0,2,https://healthservice.hse.ie/documents/6720/322_v4_Everolimus_and_Exemestane.pdf,false
nccp-00348-v8a,00348,8a,Carboplatin AUC6 + Paclitaxel → DDAC,Breast,true,true,false,2,4,0,21,https://healthservice.hse.ie/documents/6812/348_Carboplatin_AUC_6_and_weekly_Paclitaxel_80mgm2.pdf,false
nccp-00350-v3,00350,3,Pertuzumab + Trastuzumab + Chemotherapy,Breast,true,true,false,1,3,0,22,https://healthservice.hse.ie/documents/6813/350_v3_Pertuzumab_Trastuz_Chemo.pdf,false
nccp-00361-vcurrent,00361,4,Fulvestrant,Breast,false,false,false,0,0,0,2,https://healthservice.hse.ie/documents/6816/361_Fulvestrant_Therapy.pdf,false
nccp-00371-vcurrent,00371,4,Letrozole,Breast,false,false,false,0,0,0,2,https://healthservice.hse.ie/documents/6817/371_Letrozole_.pdf,false
nccp-00376-vcurrent,00376,4,Exemestane,Breast,false,false,false,0,0,0,2,https://healthservice.hse.ie/documents/6568/376_Exemestane_therapy.pdf,false
nccp-00377-v6,00377,6,CMF oral,Breast,false,false,false,0,0,0,0,https://healthservice.hse.ie/documents/6337/377_v6_CMF_oral.pdf,false
nccp-00378-v6,00378,6,CMF IV 28-day,Breast,false,false,false,0,0,0,0,https://healthservice.hse.ie/documents/6344/378_v6_cycloPHOSphamideIV_Methotrexate_5-FU_CMF.pdf,false
nccp-00381-v6,00381,6,CMF IV 21-day,Breast,false,false,false,0,0,0,0,https://healthservice.hse.ie/documents/6346/381_v6_CMF_IV_21_Day.pdf,false
nccp-00414-vcurrent,00414,5,Palbociclib,Breast,false,false,false,0,0,0,5,https://healthservice.hse.ie/documents/6457/414_v5_Palbociclib_o9nHDn7.pdf,false
nccp-00423-vcurrent,00423,5,AT 50/75,Breast,false,false,false,0,0,0,0,https://healthservice.hse.ie/documents/6823/423_DOXO_DOCEtaxel_AT_50_75-21day.pdf,false
nccp-00430-v6,00430,6,Gemcitabine + carboplatin AUC2,Breast,true,true,false,1,3,0,13,https://healthservice.hse.ie/documents/6832/430_GemcarboAUC2.pdf,false
nccp-00432-v5,00432,5,AC → weekly paclitaxel + trastuzumab,Breast,false,false,false,0,0,0,3,https://healthservice.hse.ie/documents/6470/432_v5_AC-TH_weekly.pdf,false
nccp-00433-v6,00433,6,DD AC → weekly paclitaxel + trastuzumab,Breast,false,false,false,0,0,0,2,https://healthservice.hse.ie/documents/6471/433_v6_Dose_Dense_AC-TH_Weekly.pdf,false
nccp-00485-v6,00485,6,DD AC → weekly paclitaxel,Breast,false,false,false,0,0,0,2,https://healthservice.hse.ie/documents/6500/485_v6_Dose_DenseAC-T.pdf,false
nccp-00507-v6,00507,6,Pertuzumab + trastuzumab + paclitaxel,Breast,true,false,true,1,1,1,23,https://healthservice.hse.ie/documents/6611/507_v6_Pertuzumab_Tras_PACLitaxel_2jBzcSC.pdf,false
nccp-00512-v5,00512,5,Weekly Paclitaxel + Trastuzumab,Breast,true,true,false,2,3,0,6,https://healthservice.hse.ie/documents/6515/512_v5_PACLitaxel_Trastuzumab_Weekly.pdf,false
nccp-00525-vcurrent,00525,6,Ribociclib metastatic,Breast,false,false,false,0,0,0,7,https://healthservice.hse.ie/documents/6629/525_v6_Ribociclib_Metastatic_hghzyyD.pdf,false
nccp-00526-v5,00526,5,Pertuzumab + trastuzumab + vinorelbine,Breast,false,false,false,0,0,0,21,https://healthservice.hse.ie/documents/6630/526_v5_Pertuzumab_Vinorelbine_trastuzumab_zOGbzKp.pdf,false
nccp-00545-v3,00545,3,Zoledronic acid adjuvant,Breast,true,true,false,1,1,0,8,https://healthservice.hse.ie/documents/6381/545_Zoledronic_acid.pdf,false
nccp-00605-v2,00605,2,Talazoparib,Breast,true,true,false,1,1,0,6,https://healthservice.hse.ie/documents/6414/605_v2_Talazoparib_Therapy.pdf,false
nccp-00619-vcurrent,00619,4a,Adjuvant abemaciclib,Breast,false,false,false,0,0,0,8,https://healthservice.hse.ie/documents/6415/619_Abemaciclib.pdf,false
nccp-00659-v2,00659,2,T-DM1 early breast,Breast,false,false,false,0,0,0,10,https://healthservice.hse.ie/documents/6680/659_v2_Trastuzumab_Emtansine_EBC_21days.pdf,false
nccp-00688-v2a,00688,2a,Atezolizumab + nab-paclitaxel,Breast,true,true,false,1,1,0,39,https://healthservice.hse.ie/documents/6530/688_v2a_Atezolizumab_nab-PACLitaxel.pdf,false
nccp-00720-v2,00720,2,Neratinib extended adjuvant,Breast,false,false,false,0,0,0,13,https://healthservice.hse.ie/documents/6596/720_v2_Neratinib.pdf,false
nccp-00722-v2,00722,2,TCHP: Docetaxel + Carboplatin + Trastuzumab + Pertuzumab,Breast,true,true,false,1,4,0,22,https://healthservice.hse.ie/documents/6598/722_v2_TCHP.pdf,false
nccp-00726-v3a,00726,3a,Pertuzumab + Trastuzumab maintenance,Breast,true,true,false,1,2,0,9,https://healthservice.hse.ie/documents/6599/726_v3a_Pertuzumab_trastuzumab.pdf,false
nccp-00731-v2,00731,2,TCH(SC)P,Breast,true,true,false,1,4,0,22,https://healthservice.hse.ie/documents/6601/731_v2_TCHSCP.pdf,false
nccp-00734-v3,00734,3,Weekly Carboplatin/Paclitaxel → DDAC,Breast,true,true,false,2,4,0,21,https://healthservice.hse.ie/documents/6605/734_CARBOplatin_AUC2weekly__Paclitaxel_TNBC_v3.pdf,false
nccp-00736-v2,00736,2,nab-Paclitaxel weekly,Breast,false,false,false,0,0,0,5,https://healthservice.hse.ie/documents/6619/736_v2_nab-PACLitaxel_weekly.pdf,false
nccp-00738-v3,00738,3,Bevacizumab + paclitaxel,Breast,false,false,false,0,0,0,19,https://healthservice.hse.ie/documents/6671/738.pdf,false
nccp-00743-v3,00743,3,Eribulin 28-day,Breast,false,false,false,0,0,0,0,https://healthservice.hse.ie/documents/6623/743_v3_eriBULin_Monotherapy_28_day.pdf,false
nccp-00745-v2a,00745,2a,DD AC → weekly paclitaxel + trastuzumab q21d,Breast,false,false,false,0,0,0,2,https://healthservice.hse.ie/documents/6624/745_v2a_DDAC_TH_21_day.pdf,false
nccp-00749-v3,00749,3,Gemcitabine monotherapy,Breast,false,false,false,0,0,0,0,https://healthservice.hse.ie/documents/6672/749_v3_Gemcitabine_800_Monotherapy.pdf,false
nccp-00775-v3,00775,3,IV Pertuzumab/Trastuzumab TRAIN-2,Breast,true,true,false,1,3,0,22,https://healthservice.hse.ie/documents/6662/775_v3_Pertuzumab_trastuzumab_PACLitaxel_CARBOplatin.pdf,false
nccp-00776-v3b,00776,3b,Trastuzumab deruxtecan,Breast,false,false,false,0,0,0,15,https://healthservice.hse.ie/documents/6661/Trastuzumab_776_Deruxtecan_5.4mg_Therapy.pdf,false
nccp-00785-v3a,00785,3,Phesgo maintenance,Breast,true,true,false,1,2,0,9,https://healthservice.hse.ie/documents/6659/785_v3_Pertuzumab_trastuzumab_Phesgo.pdf,false
nccp-00789-v3,00789,3,Phesgo TCHP,Breast,true,true,false,1,3,0,22,https://healthservice.hse.ie/documents/6447/789_v3_TCHP_Phesgo.pdf,false
nccp-00790-v3,00790,3,Phesgo + Paclitaxel/Carboplatin (TRAIN-2),Breast,true,true,false,1,3,0,22,https://healthservice.hse.ie/documents/6442/790_v3_Phesgo_PACLitaxel_CARBOplatin.pdf,false
nccp-00794-vcurrent,00794,3,Sacituzumab govitecan,Breast,false,false,false,0,0,0,10,https://healthservice.hse.ie/documents/6417/794_v3_Sacituzumab_Govitecan_Therapy.pdf,false
nccp-00796-v4,00796,4,Phesgo + docetaxel,Breast,false,false,false,0,0,0,14,https://healthservice.hse.ie/documents/6419/796_v4_PertuzumabTrasDoc_Phesgo.pdf,false
nccp-00797-v4,00797,4,Phesgo + paclitaxel,Breast,true,false,true,1,1,1,23,https://healthservice.hse.ie/documents/6420/797_v4_PertuzumabTrasPhesgo_PACLitaxel.pdf,false
nccp-00798-v3,00798,3,Phesgo + vinorelbine,Breast,false,false,false,0,0,0,21,https://healthservice.hse.ie/documents/6421/798_v3_Pertuzumab_trastuzumab_Phesgo_vinorelbine.pdf,false
nccp-00815-v3,00815,3,Weekly paclitaxel + q3w trastuzumab,Breast,false,false,false,0,0,0,0,https://healthservice.hse.ie/documents/6427/815_v3_Paclitaxel_weekly_Trastuzumab_3weekly.pdf,false
nccp-00857-v3,00857,3,Pembrolizumab + Carboplatin/Paclitaxel → AC,Breast,true,true,false,4,8,0,21,https://healthservice.hse.ie/documents/6450/857_v3_Pembro_Carbo_5_Pacli_80_AC60_600.pdf,false
nccp-00858-v3,00858,3,Pembrolizumab + weekly Carboplatin/Paclitaxel → AC,Breast,true,true,false,4,8,0,21,https://healthservice.hse.ie/documents/6451/858_v3_Pembro_Carbo_1.5_Pacli_80_AC60_600_.pdf,false
nccp-00860-v2,00860,2,Pembrolizumab 400 + Carbo/Paclitaxel → DDAC,Breast,true,true,false,4,8,0,21,https://healthservice.hse.ie/documents/6452/860_v2_Pembro_Carbo_AUC_5_Pacli_80_DDAC.pdf,false
nccp-00861-v2,00861,2,Pembrolizumab 400 + Weekly Carbo/Paclitaxel → DDAC,Breast,true,true,false,4,8,0,21,https://healthservice.hse.ie/documents/6453/861_v2_Pembro_Carbo_AUC_1.5_Pacli_80_DDAC.pdf,false
nccp-00892-v2,00892,2,Adjuvant ribociclib,Breast,false,false,false,0,0,0,7,https://healthservice.hse.ie/documents/6649/892_Ribociclib_Adjuvant.pdf,false
nccp-00936-vcurrent,00936,1,Tucatinib + trastuzumab + capecitabine,Breast,false,false,false,0,0,0,9,https://healthservice.hse.ie/documents/8391/936_Tucatinib_Regimen.pdf,false
nccp-00212-v6a,00212,6a,Bevacizumab q14d,Breast,true,true,false,1,1,0,21,https://healthservice.hse.ie/documents/6942/212_V6a_Bevacizumab_10mgkg.pdf,false
nccp-00203-v7,00203,7,Docetaxel 75 q21d,Breast,true,false,true,1,1,1,7,https://healthservice.hse.ie/documents/6543/203_DOCEtaxel_75-21day.pdf,false
nccp-00226-v9,00226,9,Weekly paclitaxel,Breast,true,false,true,1,1,1,12,https://healthservice.hse.ie/documents/6562/226_V9_Paclitaxel_80.pdf,false
nccp-00621-v9,00621,3,"Paclitaxel 80 mg/m² Days 1, 8 and 15 – 28 day",Breast,true,false,true,1,1,1,12,https://healthservice.hse.ie/documents/6688/621_V3_Paclitaxel_80.pdf,false
nccp-00251-v6,00251,6,Carboplatin q28d,Breast,false,false,false,0,0,0,5,https://healthservice.hse.ie/documents/6355/251_CARBOplatin_AUC4-6_28days.pdf,false
nccp-00261-v7,00261,7,Carboplatin q21d,Breast,false,false,false,0,0,0,5,https://healthservice.hse.ie/documents/6366/261_CARBOplatinAUC4-6_21days.pdf,false
nccp-00205-v8,00205,8,Pegylated Liposomal Doxorubicin 50 mg/m² – 28 day,Breast,true,false,true,1,1,0,9,https://healthservice.hse.ie/documents/6546/205_V8_Peg_Lipo_DOXO_28_day.pdf,false
nccp-00259-v6,00259,6,Vinorelbine oral,,false,false,false,0,0,0,9,https://healthservice.hse.ie/documents/6363/259_Vinorelbine_Oral.pdf,false
nccp-00232-v5,00232,5,Vinorelbine IV,Breast,false,false,false,0,0,0,11,https://healthservice.hse.ie/documents/6567/232_v5_Vinorelbine_IV.pdf,false
nccp-00228-v8,00228,8,Eribulin Monotherapy,,true,false,true,1,1,0,8,https://healthservice.hse.ie/documents/6564/228_eriBULin.pdf,false
nccp-00209-v10a,00209,10a,Modified FOLFOX-6,Gastrointestinal,true,true,false,1,4,4,31,https://healthservice.hse.ie/documents/6549/209_v10a_FOLFOX_6_Modified.pdf,false
nccp-00210-v9b,00210,9b,FOLFOX-4 Therapy – 14 day,Gastrointestinal,true,false,true,1,3,0,15,https://healthservice.hse.ie/documents/6550/210_v9b_FOLFOX4.pdf,false
nccp-00213-v7,00213,7,Irinotecan Monotherapy – 21 day,Gastrointestinal,true,false,true,1,1,0,10,https://healthservice.hse.ie/documents/6553/00213_Irinotecan_Monotherapy.pdf,false
nccp-00216-v8,00216,8,Capecitabine,Gastrointestinal,true,true,false,1,1,1,13,https://healthservice.hse.ie/documents/6558/216_v8_Capecitabine.pdf,false
nccp-00225-v6,00225,6,Panitumumab 6 mg/kg Therapy,Gastrointestinal,true,false,true,1,1,0,6,https://healthservice.hse.ie/documents/6560/225_Panitumumab_6mgkg.pdf,false
nccp-00227-v9,00227,9,FOLFIRI,Gastrointestinal,true,true,false,1,4,3,32,https://healthservice.hse.ie/documents/6563/227_v9_FOLFIRI.pdf,false
nccp-00235-v5,00235,5,Teysuno (S-1) and Cisplatin – 28 day,Gastrointestinal,true,false,true,1,2,0,17,https://healthservice.hse.ie/documents/6334/235_Teysuno_CISplatin.pdf,false
nccp-00238-v6,00238,6,Aflibercept + FOLFIRI,Gastrointestinal,true,true,false,1,5,3,38,https://healthservice.hse.ie/documents/6336/238_v6_Aflibercept_and_FOLFIRI.pdf,false
nccp-00239-v8,00239,8,"EOX: Epirubicin, Oxaliplatin and Capecitabine Therapy",Gastrointestinal,true,false,true,1,3,0,18,https://healthservice.hse.ie/documents/6338/239_EOX.pdf,false
nccp-00240-v8,00240,8,"ECF: Epirubicin, Cisplatin and 5-Fluorouracil Therapy",Gastrointestinal,true,false,true,1,3,0,18,https://healthservice.hse.ie/documents/6343/240_epiRUBicin_CISplatin_5FU_ECF.pdf,false
nccp-00256-v7,00256,7,nab-Paclitaxel + Gemcitabine,Gastrointestinal,true,true,false,1,2,0,8,https://healthservice.hse.ie/documents/6360/256_v7_nab-PACLitaxel_and_Gemcitabine.pdf,false
nccp-00283-v6,00283,6,Gemcitabine 1000 mg/m² Monotherapy – 56 day,Gastrointestinal,true,false,true,1,1,0,9,https://healthservice.hse.ie/documents/8389/283_Gem_Monotherapy_56day.pdf,false
nccp-00321-v9,00321,9,XELOX / CAPOX,Gastrointestinal,true,true,false,1,2,2,31,https://healthservice.hse.ie/documents/6719/321_v9_XELOX_.pdf,false
nccp-00328-v7,00328,7,Cetuximab (7 day) and FOLFIRI (14 day) Therapy,Gastrointestinal,true,false,true,1,4,0,18,https://healthservice.hse.ie/documents/6773/328_Cetuximab_7_days_plus_FOLFIRI_14_Days.pdf,false
nccp-00329-v9,00329,9,FOLFIRINOX,Gastrointestinal,true,true,false,1,5,4,40,https://healthservice.hse.ie/documents/6774/329_v9_FOLFIRINOX.pdf,false
nccp-00330-v6,00330,6,Cetuximab (7 day) and Irinotecan (14 day) Therapy,Gastrointestinal,true,false,true,1,2,0,13,https://healthservice.hse.ie/documents/6785/330_v6_Cetuximab_7days_irinotecan_14_day.pdf,false
nccp-00331-v7,00331,7,Cetuximab (14 day) and Irinotecan (14 day) Therapy,Gastrointestinal,true,false,true,1,2,0,13,https://healthservice.hse.ie/documents/6786/331_v7_Cetuximab_14days_irinotecan_14_day.pdf,false
nccp-00344-v9,00344,9,FLOT Therapy – 14 day,Gastrointestinal,true,false,true,1,4,0,17,https://healthservice.hse.ie/documents/6800/344_FLOT_OGsG2fX.pdf,false
nccp-00380-v6,00380,6,"ECX: Epirubicin, Cisplatin and Capecitabine Therapy",Gastrointestinal,true,false,true,1,3,0,19,https://healthservice.hse.ie/documents/6345/380_v6_ECX_.pdf,false
nccp-00382-v3,00382,3,Lonsurf,Gastrointestinal,true,true,false,1,1,1,9,https://healthservice.hse.ie/documents/6348/382_v3_trifluridine_and_tipiracil_Lonsurf_therapy.pdf,false
nccp-00383-v8,00383,8,Gemcitabine 1000 mg/m² and Cisplatin 25 mg/m² – 21 day,Gastrointestinal,true,false,true,1,2,0,13,https://healthservice.hse.ie/documents/6339/383_v8_GemCis25.pdf,false
nccp-00384-v7,00384,7,Gemcitabine 1000 mg/m² and Capecitabine 650 mg/m² – 21 day,Gastrointestinal,true,false,true,1,2,0,15,https://healthservice.hse.ie/documents/6340/384_v7_Gemcitabine_1000_capecitabine_650_-21day_therapy.pdf,false
nccp-00386-v4,00386,4,Doxorubicin 60 mg/m² Therapy,Gastrointestinal,true,false,true,1,1,0,9,https://healthservice.hse.ie/documents/6342/386_v4_DOXO_60mgm2.pdf,false
nccp-00421-v4,00421,4,5-Fluorouracil Continuous Infusion and Radiotherapy,Gastrointestinal,true,false,true,1,2,0,12,https://healthservice.hse.ie/documents/6460/421_5-Fluorouracil_and_RT.pdf,false
nccp-00422-v5,00422,5,Carboplatin AUC2 and Paclitaxel 50 mg/m² Weekly with Radiotherapy,Gastrointestinal,true,false,true,1,3,0,11,https://healthservice.hse.ie/documents/6461/422_CarboAUC2_Pacli50_plus_RT.pdf,false
nccp-00427-v6,00427,6,Roswell Park Modified 5-Fluorouracil and Folinic Acid,Gastrointestinal,true,false,true,1,2,0,12,https://healthservice.hse.ie/documents/6466/427_Roswell_Park_Modified.pdf,false
nccp-00428-v6,00428,6,QUASAR Modified 5-Fluorouracil and Folinic Acid Weekly,Gastrointestinal,true,false,true,1,2,0,12,https://healthservice.hse.ie/documents/6467/428_QUASAR_Modified_5FU_and_Folinic_Acid.pdf,false
nccp-00429-v7a,00429,7a,"EOF: Epirubicin, Oxaliplatin and 5-Fluorouracil Therapy",Gastrointestinal,true,false,true,1,3,0,17,https://healthservice.hse.ie/documents/6468/429_v7a_epiRUBicin_Oxaliplatin_and_5-Fluorouracil_EOF_-21_day.pdf,false
nccp-00446-v7b,00446,7b,Bevacizumab + mFOLFOX6,Gastrointestinal,true,true,false,1,5,4,37,https://healthservice.hse.ie/documents/6478/446_v7b_Bevacizumab_5_plus_mFOLFOX-6.pdf,false
nccp-00447-v6b,00447,6b,Panitumumab + mFOLFOX6,Gastrointestinal,true,true,false,1,5,4,34,https://healthservice.hse.ie/documents/6479/447_v6b_Panitumumab_plus_mFOLFOX-6.pdf,false
nccp-00448-v4b,00448,4b,Panitumumab + FOLFIRI,Gastrointestinal,true,true,false,1,5,3,35,https://healthservice.hse.ie/documents/6480/448_v4b_Panitumumab_plus_FOLFIRI.pdf,false
nccp-00449-v6a,00449,6a,Bevacizumab + FOLFIRI,Gastrointestinal,true,true,false,1,5,3,38,https://healthservice.hse.ie/documents/6481/449_v6a_Bevacizumab5_FOLFIRI.pdf,false
nccp-00451-v4c,00451,4c,"5-Fluorouracil (4 day), Mitomycin and Radiotherapy",Gastrointestinal,true,false,true,1,3,0,12,https://healthservice.hse.ie/documents/6483/451_v4c_Mitomycin_and_5-FU_4day__RT.pdf,false
nccp-00460-v4,00460,4,Cisplatin 75 mg/m² and 5-Fluorouracil Chemoradiation (Herskovic),Gastrointestinal,true,false,true,1,3,0,16,https://healthservice.hse.ie/documents/6488/460_v4_Herskovic_Regimen.pdf,false
nccp-00473-v6,00473,6,Cisplatin and Capecitabine Adjuvant Chemoradiation Therapy,Gastrointestinal,true,false,true,1,3,0,17,https://healthservice.hse.ie/documents/6492/473_v6_Cisplatin_Capecitabine_Chemoradiation_Therapy.pdf,false
nccp-00486-v8,00486,8,FLOX Therapy,Gastrointestinal,true,false,true,1,3,0,15,https://healthservice.hse.ie/documents/6501/486_v8_FLOX.pdf,false
nccp-00502-v4,00502,4,"Trastuzumab, 5-Fluorouracil and Cisplatin Therapy – 21 day",Gastrointestinal,true,false,true,1,3,0,18,https://healthservice.hse.ie/documents/6508/502_v4_Trastuzumab_CISplatin_and_5-Fluorouracil.pdf,false
nccp-00505-v5,00505,5,Capecitabine and Temozolomide Therapy,Gastrointestinal,true,false,true,1,2,0,13,https://healthservice.hse.ie/documents/6509/505_v5_Capecitabine_and_temozolomide_.pdf,false
nccp-00509-v6,00509,6,Modified FOLFOX-6 Chemoradiation Therapy – 14 day,Gastrointestinal,true,false,true,1,4,0,15,https://healthservice.hse.ie/documents/6513/509_v6_FOLFOX_6_Modified_Chemoradiation_Therapy.pdf,false
nccp-00515-v7,00515,7,Modified FOLFIRINOX,Gastrointestinal,true,true,false,1,4,3,41,https://healthservice.hse.ie/documents/6516/515_v7_FOLFIRINOX_modified.pdf,false
nccp-00521-v3,00521,3,Gemcitabine 1000 mg/m² and Radiotherapy,Gastrointestinal,true,false,true,1,2,0,9,https://healthservice.hse.ie/documents/6518/521_Gemcitabine_1000_and_RT_lz7Y1pW.pdf,false
nccp-00522-v4,00522,4,Gemcitabine 400 mg/m² and Radiotherapy,Gastrointestinal,true,false,true,1,2,0,9,https://healthservice.hse.ie/documents/6519/522_v4_Gemcitabine_400_and_RT.pdf,false
nccp-00523-v5,00523,5,Capecitabine and Radiotherapy – 7 day,Gastrointestinal,true,false,true,1,2,0,13,https://healthservice.hse.ie/documents/6520/523_v5_Capecitabine_and_RT.pdf,false
nccp-00524-v5,00524,5,Gemcitabine 1000 mg/m² and Capecitabine 830 mg/m² – 28 day,Gastrointestinal,true,false,true,1,2,0,15,https://healthservice.hse.ie/documents/6521/524_v5_Gemcitabine_and_capecitabine-28_day.pdf,false
nccp-00555-v6b,00555,6b,FOLFOXIRI,Gastrointestinal,true,true,false,1,4,3,13,https://healthservice.hse.ie/documents/6386/555_v6b_FOLFOXIRI_therapy.pdf,false
nccp-00559-v3,00559,3,Gemcitabine 600 mg/m² and Radiotherapy,Gastrointestinal,true,false,true,1,2,0,9,https://healthservice.hse.ie/documents/6390/559_v3_Gemcitabine_600_and_RT.pdf,false
nccp-00585-v5b,00585,5b,Cetuximab (14 day) and FOLFIRI (14 day) Therapy,Gastrointestinal,true,false,true,1,4,0,18,https://healthservice.hse.ie/documents/6395/585_v5b_Cetuximab_14_days_FOLFIRI.pdf,false
nccp-00586-v3,00586,3,Capecitabine 825 mg/m² and Radiotherapy – 7 day,Gastrointestinal,true,false,true,1,2,0,13,https://healthservice.hse.ie/documents/6396/586_v3_Capecitabine_825_and_RT.pdf,false
nccp-00594-v3b,00594,3b,"Cisplatin, 5-Fluorouracil and Radiation Therapy",Gastrointestinal,true,false,true,1,3,0,16,https://healthservice.hse.ie/documents/6400/594_v3b_CISplatin_5-Fluorouracil_Chemoradiation_Therapy.pdf,false
nccp-00623-v3a,00623,3a,Bevacizumab 7.5 mg/kg and Capecitabine 1250 mg/m² Therapy,Gastrointestinal,true,false,true,1,2,0,18,https://healthservice.hse.ie/documents/6686/623_v3a_Bevacizumab_Capecitabine.pdf,false
nccp-00644-v2,00644,2,Lenvatinib Therapy – HCC,Gastrointestinal,true,false,true,1,1,0,11,https://healthservice.hse.ie/documents/6682/644_v2_Lenvatinib-HCC_Therapy.pdf,false
nccp-00654-v2,00654,2,Irinotecan 150 mg/m² Monotherapy – 28 day,Gastrointestinal,true,false,true,1,1,0,10,https://healthservice.hse.ie/documents/6681/654_v2_Irinotecan_150mg.m2_monotherapy-28day.pdf,false
nccp-00660-v2b,00660,2b,5-FU + Folinic Acid,Gastrointestinal,true,true,false,1,3,2,14,https://healthservice.hse.ie/documents/6679/660_v2b_5FU_Folinic_acid.pdf,false
nccp-00691-v4,00691,4,FOLFIRINOX Therapy – Rectal Carcinoma,Gastrointestinal,true,false,true,1,4,0,18,https://healthservice.hse.ie/documents/6531/691_v4_Folfirinox_Rectal_carcinoma.pdf,false
nccp-00692-v2,00692,2,Cetuximab and FOLFOX-4 Therapy,Gastrointestinal,true,false,true,1,4,0,18,https://healthservice.hse.ie/documents/6532/692_v2_Cetuximab_FOLFOX4.pdf,false
nccp-00704-v3a,00704,3a,Trastuzumab + mFOLFOX6,Gastrointestinal,true,true,false,1,5,4,33,https://healthservice.hse.ie/documents/6534/704_v3a_Trastuzumab_FOLFOX6_Modified.pdf,false
nccp-00727-v2b,00727,2b,Mitomycin and Capecitabine Chemoradiation Therapy,Gastrointestinal,true,false,true,1,3,0,13,https://healthservice.hse.ie/documents/6600/727_v2b_Mitomycin_Capecitabine.pdf,false
nccp-00732-v2,00732,2,Cetuximab Therapy – 14 days,Gastrointestinal,true,false,true,1,1,0,6,https://healthservice.hse.ie/documents/6602/732_v2_Cetuximab_14day.pdf,false
nccp-00733-v2a,00733,2a,Cetuximab and modified FOLFOX-6 Therapy,Gastrointestinal,true,false,true,1,4,0,18,https://healthservice.hse.ie/documents/6603/733_v2a_Cetuximab_FOLFOX_6.pdf,false
nccp-00739-v2a,00739,2a,"Pembrolizumab, Cisplatin and 5-Fluorouracil Infusional Therapy",Gastrointestinal,true,false,true,1,3,0,27,https://healthservice.hse.ie/documents/6622/739_v2a_Pembrolizumab200_CISplatin_5-FU.pdf,false
nccp-00783-v2a,00783,2a,Bevacizumab 5 mg/kg and FOLFOXIRI Therapy – 14 day,Gastrointestinal,true,false,true,1,5,0,23,https://healthservice.hse.ie/documents/6660/783_v2a_Bev_5_FOLFOXIRI_therapy.pdf,false
nccp-00791-v2,00791,2,"Bevacizumab 5 mg/kg, 5-Fluorouracil and Folinic Acid Therapy – 14 day",Gastrointestinal,true,false,true,1,3,0,17,https://healthservice.hse.ie/documents/6416/791_v2_Bevacizumab_5mgkg_5FU.pdf,false
nccp-00816-v3,00816,3,"Nivolumab 14 day, Cisplatin and 5-Fluorouracil Therapy",Gastrointestinal,true,false,true,1,3,0,27,https://healthservice.hse.ie/documents/6428/816_Nivolumab_14-Day_Cisplatin_5FU.pdf,false
nccp-00831-v2a,00831,2a,Atezolizumab + Bevacizumab (HCC),Gastrointestinal,true,true,false,1,2,0,46,https://healthservice.hse.ie/documents/6432/831_v2a_Atezolizumab_Bevacizumab_Therapy.pdf,false
nccp-00832-v3,00832,3,"Nivolumab 28 day, Cisplatin and 5-Fluorouracil Therapy",Gastrointestinal,true,false,true,1,3,0,27,https://healthservice.hse.ie/documents/6433/832_Nivolumab_28-day_Cisplatin_5FU_.pdf,false
nccp-00839-v2a,00839,2a,Pembrolizumab and Modified FOLFOX-6 Therapy,Gastrointestinal,true,false,true,1,4,0,26,https://healthservice.hse.ie/documents/6440/839_v2a_Pembrolizumab_FOLFOX.pdf,false
nccp-00843-v2a,00843,2a,Nivolumab + XELOX,Gastrointestinal,true,true,false,1,3,2,61,https://healthservice.hse.ie/documents/6444/843_Nivolumab_and_XELOX.pdf,false
nccp-00844-v4a,00844,4a,Nivolumab + mFOLFOX6,Gastrointestinal,true,true,false,1,5,4,61,https://healthservice.hse.ie/documents/6445/844_Nivolumab_FOLFOX6_.pdf,false
nccp-00889-v1a,00889,1a,Pemigatinib Therapy,Gastrointestinal,true,false,true,1,1,0,7,https://healthservice.hse.ie/documents/6647/889_v1a_Pemigatinib.pdf,false
nccp-00890-v2,00890,2,Fruquintinib Monotherapy,Gastrointestinal,true,false,true,1,1,0,11,https://healthservice.hse.ie/documents/6648/890_v2_Fruquintinib.pdf,false
nccp-00897-v3,00897,3,Durvalumab + Gemcitabine + Cisplatin,Gastrointestinal,true,true,false,2,4,0,36,https://healthservice.hse.ie/documents/6652/897_v3_Durvalumab_Gem_Cis.pdf,false
nccp-00900-v1a,00900,1a,Nivolumab 240 mg and Ipilimumab 1 mg/kg Therapy,Gastrointestinal,true,false,true,1,2,0,14,https://healthservice.hse.ie/documents/6653/900_v1a_Nivolumab_240mg_ipilimumab_1mgkg_.pdf,false
nccp-00901-v1a,00901,1a,Ivosidenib Therapy,Gastrointestinal,true,false,true,1,1,0,7,https://healthservice.hse.ie/documents/6654/901_v1a_Ivosidenib.pdf,false
nccp-00924-v1,00924,1,Tislelizumab and CAPOX Therapy,Gastrointestinal,true,false,true,1,3,0,27,https://healthservice.hse.ie/documents/7463/00924_Tislelizumab_and_CAPOX.pdf,false
nccp-00925-v1,00925,1,Tislelizumab and Modified FOLFOX-6 Therapy,Gastrointestinal,true,false,true,1,4,0,26,https://healthservice.hse.ie/documents/7462/Tislelizumab_and_FOLFOX-6_Modified_Therapy.pdf,false
nccp-00926-v1,00926,1,Tremelimumab + Durvalumab,Gastrointestinal,true,true,false,1,2,0,32,https://healthservice.hse.ie/documents/7979/926_NCCP_Regimen_Tremelimumab_and_Durvalumab.pdf,false
nccp-00294-v4,00294,4,Sorafenib Therapy,Gastrointestinal,true,false,true,1,1,0,11,https://healthservice.hse.ie/documents/6704/294_v4_SORAfenib.pdf,false
nccp-00320-v6,00320,6,Everolimus Monotherapy,Gastrointestinal,true,false,true,1,1,0,8,https://healthservice.hse.ie/documents/6718/320_Everolimus.pdf,false
nccp-00551-v7,00551,7,Nivolumab 3 mg/kg with Ipilimumab 1 mg/kg Therapy,Gastrointestinal,true,false,true,1,2,0,14,https://healthservice.hse.ie/documents/6385/551_Nivolumab_3mgkg_Ipilimumab_1mgk.pdf,false
nccp-00207-v5,00207,5,Cetuximab Therapy – 7 days,Gastrointestinal,true,false,true,1,1,0,6,https://healthservice.hse.ie/documents/6548/207_v5_Cetuximab_7day.pdf,false
nccp-00214-v8,00214,8,Bevacizumab 7.5 mg/kg – 21 days,,true,false,true,1,1,0,8,https://healthservice.hse.ie/documents/6554/214_Bevacizumab_7.5.pdf,false
nccp-00284-v5,00284,5,Gemcitabine 1000 mg/m² Monotherapy – 28 day,,true,false,true,1,1,0,9,https://healthservice.hse.ie/documents/6699/284_v5_Gemcitabine_Monotherapy_28_day.pdf,false
nccp-00483-v13a,00483,13a,Nivolumab Monotherapy – 14 day,Gastrointestinal,true,false,true,1,1,0,14,https://healthservice.hse.ie/documents/6498/483_Nivolumab_14-day_.pdf,false
nccp-00484-v13a,00484,13a,Nivolumab Monotherapy – 28 day,Gastrointestinal,true,false,true,1,1,0,14,https://healthservice.hse.ie/documents/6499/484_Nivolumab_28-day_.pdf,false
nccp-00215-v7,00215,7,Bevacizumab 15 mg/kg monotherapy / continuation,Gastrointestinal,true,true,false,1,1,0,21,https://healthservice.hse.ie/documents/6555/00215_Bevacizumab_15_knZhA52.pdf,false
nccp-00455-v15b,00455,15b,Pembrolizumab 200 mg Monotherapy,Gastrointestinal,true,false,true,1,1,0,14,https://healthservice.hse.ie/documents/6903/455_V15b__Pembrolizumab_200mg_Monotherapy.pdf,false
nccp-00642-v2,00642,2,Lutetium-177 Oxodotreotide (Lutathera) Therapy,Gastrointestinal,true,false,true,1,1,0,7,https://healthservice.hse.ie/documents/6683/642_v2_Lutetium_Lu177_oxodotretide.pdf,false
nccp-00244-v5,00244,5,Regorafenib,,true,true,false,1,1,1,9,https://healthservice.hse.ie/documents/6347/244_v5_Regorafenib_Monotherapy.pdf,false
nccp-00101-v8,00101,8,Cabazitaxel + prednisolone,Genitourinary,true,false,true,1,2,1,5,https://healthservice.hse.ie/documents/6536/108_cabazitaxel_and_prednisoLONE.pdf,false
nccp-00103-v9,00103,9,Abiraterone and prednisolone,Genitourinary,true,false,true,1,2,0,15,https://healthservice.hse.ie/documents/6537/103_v9_Abiraterone_and_prednisoLONE_Therapy.pdf,false
nccp-00104-v6,00104,6,Axitinib Monotherapy,Genitourinary,true,false,true,1,1,0,9,https://healthservice.hse.ie/documents/6538/104_Axitinib_Monotherapy.pdf,false
nccp-00233-v7,00233,7,Enzalutamide,Genitourinary,true,false,true,1,1,1,5,https://healthservice.hse.ie/documents/6332/233_v7_Enzalutamide_Monotherapy.pdf,false
nccp-00257-v8,00257,8,Radium-223 (Xofigo),Genitourinary,true,false,true,1,1,0,8,https://healthservice.hse.ie/documents/6361/257_v8_Radium_223.pdf,false
nccp-00282-v5,00282,5,Gemcitabine and Cisplatin 70 mg/m² – 28 day,Genitourinary,true,false,true,1,2,0,10,https://healthservice.hse.ie/documents/6454/282_v5_GemCis_70_28days.pdf,false
nccp-00313-v5,00313,5,Docetaxel 50 q14d,Genitourinary,true,false,true,1,2,1,7,https://healthservice.hse.ie/documents/6716/313_v5_Docetaxel_50-14day.pdf,false
nccp-00326-v4,00326,4,Temsirolimus Therapy,Genitourinary,true,false,true,1,1,0,5,https://healthservice.hse.ie/documents/6772/326_v4_Temsirolimus.pdf,false
nccp-00333-v5a,00333,5a,"Dose-dense Methotrexate, Vinblastine, Doxorubicin and Cisplatin (MVAC) – 14 day",Genitourinary,true,false,true,1,4,0,10,https://healthservice.hse.ie/documents/6787/333_v5a_MVAC_14_day.pdf,false
nccp-00337-v5,00337,5,"Cisplatin, Methotrexate and Vinblastine (CMV) Therapy",Genitourinary,true,false,true,1,3,0,10,https://healthservice.hse.ie/documents/6798/337_v5_CISplatin_Methotrexate_vinBLAStine_therapy_CMV.pdf,false
nccp-00338-v5,00338,5,"Methotrexate, Vinblastine, Doxorubicin and Cisplatin (MVAC) – 28 day",Genitourinary,true,false,true,1,4,0,10,https://healthservice.hse.ie/documents/6799/338_v5_MVAC_28_day.pdf,false
nccp-00450-v4c,00450,4c,Mitomycin and 5-Fluorouracil with Radiotherapy,Genitourinary,true,false,true,1,3,0,5,https://healthservice.hse.ie/documents/6482/450_v4c_Mitomycin_and_5-FU_5__RT.pdf,false
nccp-00453-v3,00453,3,Carboplatin AUC 7 and Etoposide 750 mg/m² Therapy,Genitourinary,true,false,true,1,2,0,6,https://healthservice.hse.ie/documents/6485/453_v3_CarboAUC7Etop750.pdf,false
nccp-00477-v3,00477,3,Goserelin 10.8 mg,Genitourinary,true,false,true,1,1,0,4,https://healthservice.hse.ie/documents/6978/477_v3_Goserelin_10.8mg.pdf,false
nccp-00478-v3,00478,3,Goserelin 3.6 mg,Genitourinary,true,false,true,1,1,0,4,https://healthservice.hse.ie/documents/6493/478_v3_Goserelin_3.6mg.pdf,false
nccp-00479-v3,00479,3,Leuprorelin 22.5 mg,Genitourinary,true,false,true,1,1,0,4,https://healthservice.hse.ie/documents/6494/479_v3_Leuprorelin_22.5mg.pdf,false
nccp-00480-v3,00480,3,Triptorelin 11.25 mg,Genitourinary,true,false,true,1,1,0,4,https://healthservice.hse.ie/documents/6495/480_v3_Triptorelin_11.25mg.pdf,false
nccp-00481-v3,00481,3,Degarelix,Genitourinary,true,false,true,1,2,0,3,https://healthservice.hse.ie/documents/6496/481_v3_Degarelix_Therapy.pdf,false
nccp-00482-v3,00482,3,Bicalutamide,Genitourinary,true,false,true,1,1,0,3,https://healthservice.hse.ie/documents/6497/482_v3_Bicalutamide.pdf,false
nccp-00488-v3,00488,3,Triptorelin 22.5 mg,Genitourinary,true,false,true,1,1,0,4,https://healthservice.hse.ie/documents/6502/488_v3_Triptorelin_22.5mg.pdf,false
nccp-00489-v3,00489,3,Triptorelin 3 mg,Genitourinary,true,false,true,1,1,0,4,https://healthservice.hse.ie/documents/6503/489_v3_Triptorelin_3mg.pdf,false
nccp-00490-v3,00490,3,Leuprorelin 7.5 mg,Genitourinary,true,false,true,1,1,0,4,https://healthservice.hse.ie/documents/6979/490_v3_Leuprorelin_7.5mg.pdf,false
nccp-00491-v3,00491,3,Leuprorelin 45 mg,Genitourinary,true,false,true,1,1,0,4,https://healthservice.hse.ie/documents/6504/491_v3_Leuprorelin_45mg.pdf,false
nccp-00492-v3,00492,3,Leuprorelin 11.25 mg,Genitourinary,true,false,true,1,1,0,4,https://healthservice.hse.ie/documents/6505/492_v3_Leuprorelin_11.25mg.pdf,false
nccp-00493-v3,00493,3,Leuprorelin 30 mg,Genitourinary,true,false,true,1,1,0,4,https://healthservice.hse.ie/documents/6506/493_v3_Leuprorelin_30mg.pdf,false
nccp-00494-v3,00494,3,Leuprorelin 3.75 mg,Genitourinary,true,false,true,1,1,0,4,https://healthservice.hse.ie/documents/6980/494_v3_Leuprorelin_3.75mg.pdf,false
nccp-00518-v2,00518,2,Cabozantinib Monotherapy,Genitourinary,true,false,true,1,1,0,9,https://healthservice.hse.ie/documents/6517/518_v2a_Cabozantinib_.pdf,false
nccp-00546-v3,00546,3,Docetaxel + prednisolone,Genitourinary,true,false,true,1,2,1,7,https://healthservice.hse.ie/documents/6382/546_v3_Docetaxel_75-prednisolone_combination_therapy.pdf,false
nccp-00564-v3,00564,3,Tivozanib Monotherapy,Genitourinary,true,false,true,1,1,0,9,https://healthservice.hse.ie/documents/6391/564_v3_Tivozanib.pdf,false
nccp-00574-v4,00574,4,Apalutamide,Genitourinary,true,false,true,1,1,1,8,https://healthservice.hse.ie/documents/6392/574_v4_Apalutamide.pdf,false
nccp-00577-v3,00577,3,Abiraterone and prednisolone,Genitourinary,true,false,true,1,2,0,16,https://healthservice.hse.ie/documents/6393/577_v3_Abiraterone_and_prednisoLONE_Therapy.pdf,false
nccp-00583-v3b,00583,3b,Pembrolizumab 200 mg and Axitinib Therapy,Genitourinary,true,false,true,1,2,0,14,https://healthservice.hse.ie/documents/6394/583_v3b_Pembrolizumab_200mg_Axitinib_therapy.pdf,false
nccp-00602-v1,00602,1,"Paclitaxel, Ifosfamide and Cisplatin (TIP) Therapy",Genitourinary,true,false,true,1,3,0,15,https://healthservice.hse.ie/documents/6411/602_v1_TIP.pdf,false
nccp-00622-v3,00622,3,Gemcitabine and Cisplatin 35 mg/m² – 21 day,Genitourinary,true,false,true,1,2,0,10,https://healthservice.hse.ie/documents/6687/622_v3_GemCis35_21day.pdf,false
nccp-00628-v3,00628,3,Gemcitabine and Cisplatin 70 mg/m² – 21 day,Genitourinary,true,false,true,1,2,0,10,https://healthservice.hse.ie/documents/6684/628_v3_GemCis70_21_day.pdf,false
nccp-00693-v2,00693,2,Darolutamide,Genitourinary,true,false,true,1,1,0,2,https://healthservice.hse.ie/documents/6533/693_v2_Darolutamide_Therapy.pdf,false
nccp-00759-v1,00759,1,Gemcitabine 100 mg/m² with Radiotherapy,Genitourinary,true,false,true,1,2,0,5,https://healthservice.hse.ie/documents/6669/759_v1_Gemcitabine_100_and_RT.pdf,false
nccp-00807-v2,00807,2,Intravesical BCG,Genitourinary,true,false,true,1,1,0,8,https://healthservice.hse.ie/documents/6424/807_v2_Intravesical_BCG.pdf,false
nccp-00830-v3,00830,3,Relugolix,Genitourinary,true,false,true,1,1,0,5,https://healthservice.hse.ie/documents/6431/830_v3_Relugolix.pdf,false
nccp-00846-v3a,00846,3a,Enfortumab Vedotin Monotherapy,Genitourinary,true,false,true,1,1,0,7,https://healthservice.hse.ie/documents/6446/846_v3a_Enfortumab_vedotin.pdf,false
nccp-00848-v2,00848,2,Niraparib/abiraterone (Akeega),Genitourinary,true,false,true,1,2,1,13,https://healthservice.hse.ie/documents/6448/848_v2_Niraparib_abiraterone.pdf,false
nccp-00885-v2,00885,2,Erdafitinib Therapy,Genitourinary,true,false,true,1,1,0,5,https://healthservice.hse.ie/documents/6646/885_v2_Erdafitinib.pdf,false
nccp-00894-v1,00894,1,Intravesical Gemcitabine and Docetaxel,Genitourinary,true,false,true,1,2,0,9,https://healthservice.hse.ie/documents/7616/894_Gemcitabine_Docetaxel_intravesical_.pdf,false
nccp-00945-v1,00945,1,Enfortumab Vedotin and Pembrolizumab Therapy,Genitourinary,true,false,true,1,2,0,12,https://healthservice.hse.ie/documents/10493/945_Enfortumab_vedotin_Pembro.pdf,false
nccp-00325-v6,00325,6,Sunitinib 50 mg Therapy – 42 day,Genitourinary,true,false,true,1,1,0,15,https://healthservice.hse.ie/documents/6721/325_v6_SUNitinib_50mg_42_days.pdf,false
nccp-00445-v3,00445,3,Pazopanib Monotherapy,Genitourinary,true,false,true,1,1,0,13,https://healthservice.hse.ie/documents/6477/445_v3_Pazopanib.pdf,false
nccp-00719-v2,00719,2,Sunitinib 50 mg Therapy – 21 day,Genitourinary,true,false,true,1,1,0,15,https://healthservice.hse.ie/documents/6595/719_v2_SUNitinib_50mg21_days.pdf,false
nccp-00535-v6b,00535,6b,Avelumab Monotherapy,Genitourinary,true,false,true,1,1,0,8,https://healthservice.hse.ie/documents/6638/535_v6b_Avelumab.pdf,false
nccp-00246-v5,00246,5,Methotrexate 8-day Charing Cross Regimen,Gynaecology,true,false,true,1,2,0,8,https://healthservice.hse.ie/documents/6349/246_Methotrexate_Charing_Cross.pdf,false
nccp-00247-v4,00247,4,Dactinomycin Therapy,Gynaecology,true,false,true,1,1,0,8,https://healthservice.hse.ie/documents/6350/247_V4_DACTINomycin.pdf,false
nccp-00248-v4,00248,4,EMA/CO Therapy,Gynaecology,true,false,true,1,5,0,8,https://healthservice.hse.ie/documents/6351/248_V4_EMA_CO.pdf,false
nccp-00249-v3,00249,3,Intrathecal Methotrexate for CNS Prophylaxis in GTN,Gynaecology,true,false,true,1,1,0,8,https://healthservice.hse.ie/documents/6352/249_V3_Intrathecal_Methotrexate.pdf,false
nccp-00264-v3b,00264,3b,EMA/EP Therapy,Gynaecology,true,false,true,1,4,0,13,https://healthservice.hse.ie/documents/6689/264_V3b_EMA_EP.pdf,false
nccp-00266-v4,00266,4,Paclitaxel/Etoposide alternating with Paclitaxel/Cisplatin (TE/TP) Therapy,Gynaecology,true,false,true,1,3,0,16,https://healthservice.hse.ie/documents/6691/266_V4_TP_TE.pdf,false
nccp-00267-v4,00267,4,Two-day Etoposide and Cisplatin (EP) Therapy,Gynaecology,true,false,true,1,2,0,13,https://healthservice.hse.ie/documents/6692/267_V4_EP.pdf,false
nccp-00303-v6,00303,6,Carboplatin + Paclitaxel (21 day),Gynaecology,true,true,false,1,2,0,5,https://healthservice.hse.ie/documents/6709/303_V6_CARBOplatin_AUC5-7.5_PACLitaxel_175.pdf,false
nccp-00306-v7,00306,7,Gemcitabine + Carboplatin AUC4,Gynaecology,true,true,false,1,3,0,13,https://healthservice.hse.ie/documents/6710/306_Gem_CARBOAUC_4_.pdf,false
nccp-00308-v7,00308,7,Carboplatin AUC 6 and Weekly Paclitaxel 80 mg/m² Therapy,Gynaecology,true,false,true,1,2,0,10,https://healthservice.hse.ie/documents/6712/308_V7_CARBOplatin_AUC6_PACLitaxel80.pdf,false
nccp-00312-v5,00312,5,Topotecan Monotherapy – Weekly,Gynaecology,true,false,true,1,1,0,7,https://healthservice.hse.ie/documents/6715/312__V5_Topotecan_Monotherapy_weekly.pdf,false
nccp-00375-v6,00375,6,Trabectedin and Pegylated Liposomal Doxorubicin Therapy,Gynaecology,true,false,true,1,2,0,12,https://healthservice.hse.ie/documents/6818/375_Trabectedin_and_PLD_therapy.pdf,false
nccp-00499-v8,00499,8,"Gemcitabine 1000 mg/m², Carboplatin AUC 4 and Bevacizumab 15 mg/kg Therapy – 21 day",Gynaecology,true,false,true,1,3,0,14,https://healthservice.hse.ie/documents/6507/499_V8_GemCARBOAUC_4BEV.pdf,false
nccp-00620-v2,00620,2,"Bevacizumab 7.5 mg/kg, Carboplatin AUC 5 and Paclitaxel 175 mg/m² Therapy",Gynaecology,true,false,true,1,3,0,17,https://healthservice.hse.ie/documents/6852/620_V2_BevPacliCarbo.pdf,false
nccp-00624-v3,00624,3,Carboplatin + pegylated liposomal doxorubicin,Gynaecology,true,true,false,1,2,0,13,https://healthservice.hse.ie/documents/6685/624_V3_Carbo_AUC5_pegylated_dox_30.pdf,false
nccp-00676-v3,00676,3,Cisplatin 50 mg/m² Chemoradiation followed by Carboplatin AUC 5 and Paclitaxel 175 mg/m²,Gynaecology,true,false,true,1,4,0,15,https://healthservice.hse.ie/documents/6673/676_v3_Cisplatin_50mgm2_with_RT_Pacli_Carbo.pdf,false
nccp-00716-v2,00716,2,"Bevacizumab 15 mg/kg, Carboplatin AUC 5 and Paclitaxel 175 mg/m² Therapy",Gynaecology,true,false,true,1,3,0,17,https://healthservice.hse.ie/documents/6594/716_V2_Bev15mg_PACLi_and_CARBO.pdf,false
nccp-00746-v2,00746,2,Olaparib (Tablet) and Bevacizumab Therapy,Gynaecology,true,false,true,1,2,0,15,https://healthservice.hse.ie/documents/6626/746_V2_Olaparib_bevacizumab_therapy.pdf,false
nccp-00766-v2,00766,2,Bevacizumab + Carboplatin/Paclitaxel,Gynaecology,true,true,false,2,4,0,8,https://healthservice.hse.ie/documents/6667/766_V2_Bevacizumab_15_Paclitaxel_CarboplatinAUC6.pdf,false
nccp-00769-v2,00769,2,"Bevacizumab 10 mg/kg and Paclitaxel 80 mg/m² Days 1, 8, 15 and 22",Gynaecology,true,false,true,1,2,0,15,https://healthservice.hse.ie/documents/6666/769_V2_Bevacizumab10_PACLitaxelDay181522.pdf,false
nccp-00771-v2,00771,2,Bevacizumab 10 mg/kg and Topotecan 4 mg/m² Therapy,Gynaecology,true,false,true,1,2,0,14,https://healthservice.hse.ie/documents/6665/771_V2_Bevacizumab10_Topotecan.pdf,false
nccp-00772-v3,00772,3,Bevacizumab 10 mg/kg and Pegylated Liposomal Doxorubicin 40 mg/m² Therapy,Gynaecology,true,false,true,1,2,0,16,https://healthservice.hse.ie/documents/6664/772_V3_Bevacizumab10_PegylatedDOXOrubicin40.docx.pdf,false
nccp-00799-v2,00799,2,Bevacizumab + paclitaxel + cisplatin,Gynaecology,true,true,false,1,3,0,20,https://healthservice.hse.ie/documents/6422/799_V2_Bev_Pacli_CIS.pdf,false
nccp-00811-v2,00811,2,"Pembrolizumab, Paclitaxel 175 mg/m², Carboplatin AUC 5 and Bevacizumab Therapy",Gynaecology,true,false,true,1,4,0,24,https://healthservice.hse.ie/documents/6425/811_V2_Pembrolizumab_Pac_Carbo_Bev.pdf,false
nccp-00817-v2,00817,2,"Pembrolizumab, Paclitaxel 175 mg/m² and Carboplatin AUC 5 Therapy",Gynaecology,true,false,true,1,3,0,17,https://healthservice.hse.ie/documents/6429/817_V2_Pembro_Pac_175_Carbo_AUC_5.pdf,false
nccp-00819-v2,00819,2,Dostarlimab Therapy,Gynaecology,true,false,true,1,1,0,10,https://healthservice.hse.ie/documents/6430/819_V2_Dostarlimab_Therapy.pdf,false
nccp-00862-v2,00862,2,Niraparib tablets monotherapy,Gynaecology,true,true,false,1,1,0,15,https://healthservice.hse.ie/documents/6437/862_V2_Niraparib_Tablets_Monotherapy.pdf,false
nccp-00904-v1,00904,1,Rucaparib (Tablets) Monotherapy,Gynaecology,true,false,true,1,1,0,8,https://healthservice.hse.ie/documents/6655/904_V1_Rucaparib_monotherapy.pdf,false
nccp-00929-v1,00929,1,"Dostarlimab, Paclitaxel and Carboplatin Therapy",Gynaecology,true,false,true,1,3,0,17,https://healthservice.hse.ie/documents/8284/929_Dostarlimab_-_PACLi_CARBO_Regimen.pdf,false
nccp-00300-v7b,00300,7b,"Bleomycin, Etoposide and Cisplatin (BEP) Therapy",Gynaecology,true,false,true,1,3,0,11,https://healthservice.hse.ie/documents/6706/300_V7b_BEP.pdf,false
nccp-00301-v5,00301,5,Etoposide and Cisplatin 20 mg/m² (EP) 5-day Therapy,Gynaecology,true,false,true,1,2,0,10,https://healthservice.hse.ie/documents/6707/301_V5_EP.pdf,false
nccp-00588-v5b,00588,5b,Olaparib monotherapy,Gynaecology,true,false,true,1,1,1,7,https://healthservice.hse.ie/documents/6397/588_Olaparib_tablet_monotherapy_FZxXOtF.pdf,false
nccp-00385-v5,00385,5,Cisplatin 40 mg/m² Weekly with Radiotherapy,Gynaecology,true,false,true,1,2,0,10,https://healthservice.hse.ie/documents/6341/385_V5_CISplatin_40mgm2_weekly_with_RT.pdf,false
nccp-00419-v4,00419,4,Carboplatin AUC 2 Weekly with Radiotherapy,Gynaecology,true,false,true,1,2,0,7,https://healthservice.hse.ie/documents/6459/419_v4_CarboAUC2and_RT.pdf,false
nccp-00812-v3a,00812,3a,Cemiplimab Therapy,Gynaecology,true,false,true,1,1,0,10,https://healthservice.hse.ie/documents/6426/812_V3a_Cemiplimab.pdf,false
nccp-00218-v3,00218,3,Lenalidomide + dexamethasone,Haematology,true,false,true,1,2,0,6,https://healthservice.hse.ie/documents/6939/218_v3_Lenalidomide_Dex.pdf,false
nccp-00245-v4a,00245,4a,Pomalidomide + dexamethasone,Haematology,true,false,true,1,2,0,4,https://healthservice.hse.ie/documents/6933/245_v4a_Pomalidomide_and_Dexamethasone.pdf,false
nccp-00270-v3a,00270,3a,Bortezomib + dexamethasone,Haematology,true,false,true,1,2,0,10,https://healthservice.hse.ie/documents/6932/270_v3a_Bortezomib_Dex.pdf,false
nccp-00273-v3,00273,3,CyBorD — 21 day,Haematology,true,false,true,1,3,0,8,https://healthservice.hse.ie/documents/6930/273_v3_Bortezomib_CycloDex.pdf,false
nccp-00275-v3,00275,3,Bortezomib + melphalan + prednisolone,Haematology,true,false,true,1,3,0,13,https://healthservice.hse.ie/documents/6928/275_v3_bortezomibmelphpred.pdf,false
nccp-00299-v3a,00299,3a,Modified weekly CyBorD,Haematology,true,false,true,1,3,0,9,https://healthservice.hse.ie/documents/6925/299_v3a_bortezomib_CYCLO_Dex_weekly.pdf,false
nccp-00416-v4,00416,4,RVD — 21 day,Haematology,true,false,true,1,3,0,14,https://healthservice.hse.ie/documents/6907/416_v4_BortezomibLenDex_RVD.pdf,false
nccp-00435-v3,00435,3,Bortezomib maintenance — 14 day,Haematology,true,false,true,1,1,0,10,https://healthservice.hse.ie/documents/6905/435_v3_Bortezomib_Maintenance.pdf,false
nccp-00601-v3,00601,3,PVD,Haematology,true,false,true,1,3,0,10,https://healthservice.hse.ie/documents/6748/601_v3_PVD_Pomalidomide_Bortezomib_Dexamethasone.pdf,false
nccp-00604-v2d,00604,2d,Daratumumab SC,Haematology,true,false,true,1,1,0,3,https://healthservice.hse.ie/documents/6749/604_v2d_Daratumumab_SC.pdf,false
nccp-00609-v4,00609,4,Dara-SC + BorDex,Haematology,true,false,true,1,3,0,10,https://healthservice.hse.ie/documents/6750/609_v4_Daratumumab_SC_1800mg_BorDex.pdf,false
nccp-00643-v3,00643,3,RVD — 28 day,Haematology,true,false,true,1,3,0,14,https://healthservice.hse.ie/documents/6762/643_v3_BortezomibLenDex_28_day.pdf,false
nccp-00695-v2,00695,2,Dara-SC + weekly BorDex,Haematology,true,false,true,1,3,0,10,https://healthservice.hse.ie/documents/6768/695_v2_Daratumumab_SC_1800mg_BorweeklyDex.pdf,false
nccp-00780-v2,00780,2,RVD-Lite induction,Haematology,true,false,true,1,3,0,12,https://healthservice.hse.ie/documents/6791/780_v2_BortezomibLenDexInductionRVDlite_28day.pdf,false
nccp-00854-v4,00854,4,Dara-SC + Rd,Haematology,true,false,true,1,3,0,8,https://healthservice.hse.ie/documents/6794/854_DaraSCLenDex.pdf,false
nccp-00242-v6,00242,6,Vandetanib Monotherapy,Head and Neck,true,false,true,1,1,0,13,https://healthservice.hse.ie/documents/6947/242_Vandetanib_monotherapy.pdf,false
nccp-00295-v6,00295,6,Lenvatinib DTC Therapy,Head and Neck,true,false,true,1,1,0,8,https://healthservice.hse.ie/documents/6951/295_V6_lenvatinib-DTC_therapy.pdf,false
nccp-00314-v4b,00314,4b,Cisplatin and 5-Fluorouracil – 28 day,Head and Neck,true,false,true,1,2,0,17,https://healthservice.hse.ie/documents/6955/314_V4b_Cisplatin_and_5-Fluorouracil.pdf,false
nccp-00315-v7a,00315,7a,"Docetaxel 75, Cisplatin 75 and 5-Fluorouracil 1000 – Induction TPF",Head and Neck,true,false,true,1,3,0,15,https://healthservice.hse.ie/documents/6956/315_DOCEtaxel_CISplatin_5FU_TPF_1.pdf,false
nccp-00323-v7b,00323,7b,"Docetaxel 75, Cisplatin 100 and 5-Fluorouracil 1000 (TCF) Chemoradiation",Head and Neck,true,false,true,1,5,0,16,https://healthservice.hse.ie/documents/6957/323_V7b_DOCEtaxel_75_CISplatin_100_and_5-Fluorouracil_1000_Chemoradiation_Therapy_TCF.pdf,false
nccp-00324-v6b,00324,6b,"Docetaxel 75, Cisplatin 75, 5-Fluorouracil 750 (TCF) and Radiotherapy",Head and Neck,true,false,true,1,4,0,15,https://healthservice.hse.ie/documents/6958/324_V6b_DOCEtaxel_75_CISplatin_75_5-Fluorouracil_750_TCF_and_RT.pdf,false
nccp-00332-v4,00332,4,Carboplatin AUC 1.5 Chemoradiation – 7 day,Head and Neck,true,false,true,1,2,0,4,https://healthservice.hse.ie/documents/6959/332_V4_Carboplatin_AUC1.5.pdf,false
nccp-00387-v5,00387,5,Cisplatin 100 mg/m² with Radiotherapy,Head and Neck,true,false,true,1,2,0,10,https://healthservice.hse.ie/documents/6912/387_V5_CISplatin_100mgm2_with_RT.pdf,false
nccp-00417-v7,00417,7,"Cetuximab, Cisplatin 100 mg/m² and 5-Fluorouracil – 21 day",Head and Neck,true,false,true,1,3,0,16,https://healthservice.hse.ie/documents/6975/417_Cetux_CIS_5-FU_v7.pdf,false
nccp-00418-v7,00418,7,"Cetuximab, Carboplatin AUC 5 and 5-Fluorouracil – 21 day",Head and Neck,true,false,true,1,3,0,12,https://healthservice.hse.ie/documents/6976/418_Cetux_Carbo5-FU.pdf,false
nccp-00514-v3,00514,3,Gemcitabine 1250 mg/m² Monotherapy – 21 day,Head and Neck,true,false,true,1,1,0,9,https://healthservice.hse.ie/documents/6899/514_V3_Gemcitabine_1250_21day.pdf,false
nccp-00517-v2,00517,2,Gemcitabine 1250 mg/m² and Cisplatin 80 mg/m² – 21 day,Head and Neck,true,false,true,1,2,0,14,https://healthservice.hse.ie/documents/6897/517_V2_GemCis80.pdf,false
nccp-00552-v6,00552,6,Carboplatin AUC 5 and 5-Fluorouracil 1000 mg/m²/day – 28 day,Head and Neck,true,false,true,1,2,0,9,https://healthservice.hse.ie/documents/6983/552_CARBOplatin_auc5_5fu.pdf,false
nccp-00589-v4,00589,4,Carboplatin 70 mg/m² and 5-Fluorouracil 600 mg/m² with Radiotherapy,Head and Neck,true,false,true,1,3,0,11,https://healthservice.hse.ie/documents/6986/589_CARBOplatin_70_5_Fluorouracil_600.pdf,false
nccp-00591-v3,00591,3,Carboplatin AUC 4 and 5-Fluorouracil 600 mg/m² with Radiotherapy,Head and Neck,true,false,true,1,3,0,9,https://healthservice.hse.ie/documents/6988/591_CARBOplatin_AUC4_and_5-Fluorouracil_600.pdf,false
nccp-00615-v2,00615,2,"Cyclophosphamide, Doxorubicin and Cisplatin – 21 day",Head and Neck,true,false,true,1,3,0,10,https://healthservice.hse.ie/documents/6994/615_V2_Cyclodoxcis.pdf,false
nccp-00696-v2,00696,2,"Paclitaxel Days 1, 8 and 15 with Cetuximab Days 1 and 15 – 28 day",Head and Neck,true,false,true,1,2,0,8,https://healthservice.hse.ie/documents/6769/696_PACLitaxel_Cetuximab_28day.pdf,false
nccp-00705-v2d,00705,2d,"Pembrolizumab, Carboplatin AUC 5 and 5-Fluorouracil",Head and Neck,true,false,true,1,3,0,16,https://healthservice.hse.ie/documents/6881/705_V2d_Pembrolizumab_CARBOplatin_5FU.pdf,false
nccp-00706-v3,00706,3,"Pembrolizumab, Cisplatin and 5-Fluorouracil",Head and Neck,true,false,true,1,3,0,20,https://healthservice.hse.ie/documents/6880/706_V3_Pembrolizumab_CISplatin_5FU_.pdf,false
nccp-00893-v1,00893,1,Methotrexate 40 mg/m² Monotherapy – 28 day,Head and Neck,true,false,true,1,1,0,8,https://healthservice.hse.ie/documents/6862/893_V1_Methotrexate_40_HNSCC.pdf,false
nccp-00903-v1,00903,1,Gemcitabine 1000 mg/m² and Cisplatin 80 mg/m² Induction,Head and Neck,true,false,true,1,2,0,11,https://healthservice.hse.ie/documents/6859/903_V1_Gemcitabine_1g_CISplatin_80.pdf,false
nccp-00219-v6,00219,6,Erlotinib Monotherapy,Lung,true,false,true,1,1,0,7,https://healthservice.hse.ie/documents/6938/219_Erlotinib_monotherapy.pdf,false
nccp-00220-v5,00220,5,Gefitinib Monotherapy,Lung,true,false,true,1,1,0,7,https://healthservice.hse.ie/documents/6937/220_V5_Gefitinib_Monotherapy.pdf,false
nccp-00221-v5,00221,5,Afatinib Monotherapy,Lung,true,false,true,1,1,0,7,https://healthservice.hse.ie/documents/6936/221_Afatinib.pdf,false
nccp-00222-v5,00222,5,Pemetrexed Monotherapy,Lung,true,false,true,1,1,0,13,https://healthservice.hse.ie/documents/6935/222_V5_PEMEtrexed_Monotherapy_.pdf,false
nccp-00243-v7,00243,7,Crizotinib Monotherapy,Lung,true,false,true,1,1,0,10,https://healthservice.hse.ie/documents/6934/243_V7_Crizotinib_Monotherapy.pdf,false
nccp-00271-v7,00271,6,Carboplatin + Etoposide,Lung,true,true,false,1,2,0,5,https://healthservice.hse.ie/documents/6931/271_CarboplatinAUC5Etop100.pdf,false
nccp-00280-v6,00280,6,Cisplatin + Etoposide,Lung,true,true,false,1,2,0,6,https://healthservice.hse.ie/documents/6927/280_V6_Cisplatin_and_Etoposide.pdf,false
nccp-00281-v7,00281,7,Gemcitabine + Cisplatin 75,Lung,true,true,false,1,3,0,15,https://healthservice.hse.ie/documents/6926/281_V7_GemCis75.pdf,false
nccp-00304-v8,00304,8,Carboplatin AUC6 + Paclitaxel 200,Lung,true,true,false,1,2,0,14,https://healthservice.hse.ie/documents/6924/304_V8_CARBOplatinAUC_6_PACLitaxel_200.pdf,false
nccp-00309-v6,00309,6,Weekly Carboplatin AUC2 and Paclitaxel 50 mg/m² with Radiotherapy,Lung,true,false,true,1,3,0,12,https://healthservice.hse.ie/documents/6923/309_V6_CARBOplatinAUC2_and_PACLitaxel50_with_RT.pdf,false
nccp-00317-v7,00317,7,Pemetrexed + Cisplatin,Lung,true,true,false,1,2,0,14,https://healthservice.hse.ie/documents/6922/317_V7_PEMEtrexed_and_CISplatin.pdf,false
nccp-00318-v6,00318,6,Pemetrexed and Carboplatin Therapy,Lung,true,false,true,1,2,0,15,https://healthservice.hse.ie/documents/6921/318_V6_PEMEtrexed_and_CARBOplatin.pdf,false
nccp-00319-v5,00319,5,Carboplatin and Oral Etoposide Therapy – 21 day,Lung,true,false,true,1,2,0,13,https://healthservice.hse.ie/documents/6920/319_V5_CarboplatinEtoposide_21days.pdf,false
nccp-00339-v7,00339,7,"Vinorelbine Days 1, 8, 15 and Cisplatin Day 1 – 21 day",Lung,true,false,true,1,2,0,17,https://healthservice.hse.ie/documents/6918/339_Vin_30CIS_80.pdf,false
nccp-00340-v4,00340,4,Ceritinib Monotherapy,Lung,true,false,true,1,1,0,10,https://healthservice.hse.ie/documents/6917/340_Ceritinib_monotherapy.pdf,false
nccp-00343-v7,00343,7,Vinorelbine and Cisplatin Therapy – 28 day,Lung,true,false,true,1,2,0,17,https://healthservice.hse.ie/documents/6916/343_V7_Vin25Cis50.pdf,false
nccp-00353-v5,00353,5,Osimertinib Monotherapy,Lung,true,false,true,1,1,0,8,https://healthservice.hse.ie/documents/6914/353_V5_Osimertinib_Monotherapy.pdf,false
nccp-00372-v6,00372,6,Nintedanib Therapy with Docetaxel,Lung,true,false,true,1,2,0,13,https://healthservice.hse.ie/documents/6913/372_Nintedanib_therapy.pdf,false
nccp-00388-v3,00388,3,Oral Etoposide Therapy,Lung,true,false,true,1,1,0,11,https://healthservice.hse.ie/documents/6911/388_V3_Oral_Etoposide.pdf,false
nccp-00401-v6,00401,6,Alectinib Monotherapy,Lung,true,false,true,1,1,0,10,https://healthservice.hse.ie/documents/6910/401_V6_Alectinib.pdf,false
nccp-00456-v4,00456,4,"Cisplatin 50 mg/m², Etoposide 50 mg/m² and Thoracic Radiotherapy – 28 day",Lung,true,false,true,1,3,0,17,https://healthservice.hse.ie/documents/6902/456_V4_CISplatin_50_and_Etoposide.pdf,false
nccp-00561-v4,00561,4,"Carboplatin AUC3, Etoposide 50 mg/m² and Thoracic Radiotherapy – 28 day",Lung,true,false,true,1,3,0,13,https://healthservice.hse.ie/documents/6896/561_V4_CarboAUC3_etoposide_RT.pdf,false
nccp-00562-v3,00562,3,Brigatinib Therapy,Lung,true,false,true,1,1,0,10,https://healthservice.hse.ie/documents/6895/562_v3_brigatinib.pdf,false
nccp-00565-v3,00565,3,Dacomitinib Monotherapy,Lung,true,false,true,1,1,0,7,https://healthservice.hse.ie/documents/6894/565_V3_Dacomitinib.pdf,false
nccp-00568-v5,00568,5,"Pembrolizumab, Pemetrexed and Carboplatin AUC5 Therapy",Lung,true,false,true,1,3,0,25,https://healthservice.hse.ie/documents/6891/568_V5_Pembrolizumab_PEMEtrexed_CARBOplatin.pdf,false
nccp-00569-v5,00569,5,"Pembrolizumab, Pemetrexed and Cisplatin Therapy",Lung,true,false,true,1,3,0,29,https://healthservice.hse.ie/documents/6890/569_V5_Pembrolizumab_PEMEtrexed_and_CISplatin.pdf,false
nccp-00570-v3,00570,3,Lorlatinib Therapy,Lung,true,false,true,1,1,0,12,https://healthservice.hse.ie/documents/6889/570_V3_Lorlatinib_therapy_.pdf,false
nccp-00576-v5,00576,5,Durvalumab Monotherapy 10 mg/kg – 14 day,Lung,true,false,true,1,1,0,13,https://healthservice.hse.ie/documents/6888/576_Durvalumab.pdf,false
nccp-00579-v5a,00579,5a,"Pembrolizumab, Paclitaxel and Carboplatin AUC6 Therapy",Lung,true,false,true,1,3,0,22,https://healthservice.hse.ie/documents/6887/579_V5a_pembrolizumab_carboplatin_paclitaxel.pdf,false
nccp-00587-v2,00587,2,Topotecan Oral Monotherapy,Lung,true,false,true,1,1,0,10,https://healthservice.hse.ie/documents/6886/587_V2_Topotecan_PO.pdf,false
nccp-00614-v4,00614,4,Carboplatin and Vinorelbine Therapy – 21 day,Lung,true,false,true,1,2,0,13,https://healthservice.hse.ie/documents/6884/614_V4_Carboplatin_Vinorelbine.pdf,false
nccp-00655-v3a,00655,3a,Durvalumab monotherapy,Lung,true,true,false,1,1,0,30,https://healthservice.hse.ie/documents/6883/655_V3a_Durvalumab_1500mg.pdf,false
nccp-00689-v4,00689,4,Atezolizumab + Carboplatin + Etoposide,Lung,true,true,false,2,4,0,37,https://healthservice.hse.ie/documents/6882/689_V4_Atezolizumab_Etoposide_CARBOplatin.pdf,false
nccp-00712-v3a,00712,3a,"Nivolumab, Ipilimumab, Carboplatin and Paclitaxel Therapy",Lung,true,false,true,1,4,0,22,https://healthservice.hse.ie/documents/6879/712_V3a_Nivolumab_ipili_plus_PACLitaxel-CARBOplatin.pdf,false
nccp-00713-v4,00713,4,"Nivolumab, Ipilimumab, Pemetrexed and Carboplatin Therapy",Lung,true,false,true,1,4,0,25,https://healthservice.hse.ie/documents/6877/713_V4_Nivolumab_ipili_plus_PEMEtrexed-CARBOplatin_.pdf,false
nccp-00714-v4,00714,4,"Nivolumab, Ipilimumab, Pemetrexed and Cisplatin Therapy",Lung,true,false,true,1,4,0,29,https://healthservice.hse.ie/documents/6876/714_V4_Nivolumab_ipili_plus_PEMEtrexed-CISplatin.pdf,false
nccp-00792-v2,00792,2,Nivolumab 360 mg and Ipilimumab 1 mg/kg Therapy,Lung,true,false,true,1,2,0,13,https://healthservice.hse.ie/documents/6873/792_V2_Nivolumab_360_ipilimumab1mg.kg.pdf,false
nccp-00823-v2,00823,2,Tepotinib Therapy,Lung,true,false,true,1,1,0,8,https://healthservice.hse.ie/documents/6868/823_V2_Tepotinib_Therapy.pdf,false
nccp-00849-v2,00849,2,Nivolumab 360 mg and Platinum-Based Chemotherapy,Lung,true,false,true,1,2,0,17,https://healthservice.hse.ie/documents/6865/849_V2_Nivolumab_chemotherapy.pdf,false
nccp-00908-v1a,00908,1a,"Serplulimab, Carboplatin AUC5 and Etoposide 100 mg/m² – 21 day",Lung,true,false,true,1,3,0,23,https://healthservice.hse.ie/documents/6856/908_Serplulimab_CARBO_Etop_f8OKidZ.pdf,false
nccp-00310-v7,00310,7,Gemcitabine + Carboplatin AUC5,Lung,true,true,false,1,3,0,13,https://healthservice.hse.ie/documents/6713/310_v7_GemCARBOAUC_5.pdf,false
nccp-00544-v14,00544,14,Atezolizumab 1200 mg Monotherapy – 21 day,Lung,true,false,true,1,1,0,13,https://healthservice.hse.ie/documents/6644/544_v14_Atezolizumab_21_Day_Monotherapy.pdf,false
nccp-00592-v3,00592,3,Atezolizumab 840 mg Monotherapy – 14 day,Lung,true,false,true,1,1,0,13,https://healthservice.hse.ie/documents/6398/592_v3_Atezolizumab_840mg_Monotherapy_14_Day.pdf,false
nccp-00593-v10a,00593,10a,Atezolizumab monotherapy,Lung,true,true,false,1,1,0,32,https://healthservice.hse.ie/documents/6399/593_v10a_Atezolizumab_1680mg_Monotherapy.pdf,false
nccp-00279-v7,00279,7,"Cisplatin 75 mg/m², Etoposide 100 mg/m² and Radiotherapy – 21 day",Lung,true,false,true,1,3,0,17,https://healthservice.hse.ie/documents/6697/279_V7_Cisplatin_and_Etoposide_and_RT.pdf,false
nccp-00311-v4,00311,4,Topotecan Monotherapy – 5 day,Lung,true,false,true,1,1,0,10,https://healthservice.hse.ie/documents/6714/311_v4_Topotecan_Monotherapy_5day.pdf,false
nccp-00558-v12b,00558,12b,Pembrolizumab 400 mg monotherapy,Lung,true,true,true,1,1,0,22,https://healthservice.hse.ie/documents/6389/558_v12b_Pembrolizumab_400mg_monotherapy.pdf,false
nccp-00702-v2,00702,2,Entrectinib Monotherapy – Adult,Lung,true,false,true,1,1,0,10,https://healthservice.hse.ie/documents/6770/702_V2_Entrectinib_monotherapy.pdf,false
nccp-00334-v4,00334,4,Temozolomide with Radiotherapy and Adjuvant Therapy,Neuro-oncology,true,false,true,1,1,0,18,https://healthservice.hse.ie/documents/6960/334_V4_Temozolomide_RT_and_Adjuvant_Therapy.pdf,false
nccp-00342-v4,00342,4,Temozolomide Recurrent Therapy,Neuro-oncology,true,false,true,1,1,0,10,https://healthservice.hse.ie/documents/6961/342_V4_Temozolomide_Recurrent_Therapy_.pdf,false
nccp-00379-v4,00379,4,"Procarbazine, Lomustine and Vincristine (PCV) Therapy – 42 Day",Neuro-oncology,true,false,true,1,3,0,25,https://healthservice.hse.ie/documents/6971/379_V4_PCV.pdf,false
nccp-00461-v3,00461,3,Temozolomide with Radiotherapy and Adjuvant Therapy – Patients Greater Than 65 Years,Neuro-oncology,true,false,true,1,1,0,20,https://healthservice.hse.ie/documents/6977/461_V3_Temozolomide_RT_and_Adjuvant_Therapy_greater_than65_years_.pdf,false
nccp-00658-v2,00658,2,"Procarbazine, Lomustine and Vincristine (PCV) Therapy – 56 Day",Neuro-oncology,true,false,true,1,3,0,31,https://healthservice.hse.ie/documents/6996/658_V2_PCV-8wk.pdf,false
nccp-00742-v3,00742,3,Lomustine and Bevacizumab 5 mg/kg Therapy,Neuro-oncology,true,false,true,1,2,0,30,https://healthservice.hse.ie/documents/6874/742_V3_Lomustine_and_Bevacizumab_5.pdf,false
nccp-00804-v2,00804,2,Lomustine and Bevacizumab 7.5 mg/kg Therapy,Neuro-oncology,true,false,true,1,2,0,30,https://healthservice.hse.ie/documents/6872/804_V2_Lomustine_and_bevacizumab_7.5.pdf,false
nccp-00805-v2,00805,2,Lomustine 130 mg/m² Therapy,Neuro-oncology,true,false,true,1,1,0,12,https://healthservice.hse.ie/documents/6871/805_V2_Lomustine_130mg_Therapy.pdf,false
nccp-00806-v2,00806,2,"Cisplatin, Lomustine and Vincristine (CLV) Therapy",Neuro-oncology,true,false,true,1,3,0,19,https://healthservice.hse.ie/documents/6870/806_V2_CLV_Therapy.pdf,false
nccp-00813-v2,00813,2,Bevacizumab 5 mg/kg Monotherapy – 14 Day,Neuro-oncology,true,false,true,1,1,0,22,https://healthservice.hse.ie/documents/6869/813_V2_Bevacizumab_5.pdf,false
nccp-00327-v5,00327,5,Sunitinib 37.5 mg Therapy – 28 day,Neuroendocrine,true,false,true,1,1,0,10,https://healthservice.hse.ie/documents/6919/327_V5_SUNitinib_37.5mg.pdf,false
nccp-00100-v6,00100,6,Mifamurtide Therapy,Sarcoma,true,false,true,1,1,0,15,https://healthservice.hse.ie/documents/6722/100_Mifamurtide.pdf,false
nccp-00335-v4,00335,4,Imatinib Therapy – GIST,Sarcoma,true,false,true,1,1,0,4,https://healthservice.hse.ie/documents/6727/335_v4_Imatinib.pdf,false
nccp-00374-v4,00374,4,Trabectedin Monotherapy,Sarcoma,true,false,true,1,1,0,9,https://healthservice.hse.ie/documents/6729/374_Trabectedin_monotherapy.pdf,false
nccp-00391-v5,00391,5,Doxorubicin 60 mg/m² and Ifosfamide Therapy,Sarcoma,true,false,true,1,3,0,16,https://healthservice.hse.ie/documents/6730/391_DOXOrubicin_60_and_Ifosfamide.pdf,false
nccp-00392-v5,00392,5,Doxorubicin 75 mg/m² and Ifosfamide Therapy,Sarcoma,true,false,true,1,3,0,16,https://healthservice.hse.ie/documents/6731/392_DOXOrubicin_75_and_ifosfamide.pdf,false
nccp-00420-v4,00420,4,Doxorubicin 25 mg/m²/day and Cisplatin 100 mg/m² Therapy – 21 day,Sarcoma,true,false,true,1,2,0,18,https://healthservice.hse.ie/documents/6733/420_V4_DOX25CIS100.pdf,false
nccp-00462-v4,00462,4,Pegylated Liposomal Doxorubicin 20 mg/m² – 21 day,Sarcoma,true,false,true,1,1,0,9,https://healthservice.hse.ie/documents/6735/462_v4_PegylatedLiposomalDOX_20mgm2_21_days.pdf,false
nccp-00463-v4,00463,4,"MAP Therapy – Methotrexate, Doxorubicin and Cisplatin",Sarcoma,true,false,true,1,4,0,16,https://healthservice.hse.ie/documents/6736/463_v4_MAP.pdf,false
nccp-00500-v3,00500,3,Doxorubicin 75 mg/m² Monotherapy,Sarcoma,true,false,true,1,1,0,12,https://healthservice.hse.ie/documents/6738/500_V3_DOXOrubicin_75.pdf,false
nccp-00501-v4,00501,4,Gemcitabine and Docetaxel Therapy – 21 day,Sarcoma,true,false,true,1,2,0,8,https://healthservice.hse.ie/documents/6739/501_V4_Gemcitabine_DOCEtaxel.pdf,false
nccp-00504-v2,00504,2,Irinotecan and Temozolomide Therapy – 21 day,Sarcoma,true,false,true,1,2,0,6,https://healthservice.hse.ie/documents/6740/504_v2_Irinotecan_and_Temozolomide_Therapy.pdf,false
nccp-00511-v2,00511,2,Dacarbazine 1.2 g/m² Therapy – 21 day,Sarcoma,true,false,true,1,1,0,12,https://healthservice.hse.ie/documents/6741/511_V2_Dacarbazine.pdf,false
nccp-00554-v2,00554,2,Vinblastine and Methotrexate Therapy,Sarcoma,true,false,true,1,2,0,18,https://healthservice.hse.ie/documents/6742/554_v2_vinblastine_MTX_SAMV.pdf,false
nccp-00596-v2,00596,2,Ifosfamide and Etoposide (IE) Therapy,Sarcoma,true,false,true,1,3,0,14,https://healthservice.hse.ie/documents/6747/596_v2_Ifosfamide_Etoposide_IE_Therapy.pdf,false
nccp-00675-v2,00675,2,IE–VAC Therapy – Two Weekly Intervals,Sarcoma,true,false,true,1,7,0,13,https://healthservice.hse.ie/documents/6766/675_v2_IE_VAC_Two_weekly.pdf,false
nccp-00680-v2,00680,2,High Dose Ifosfamide Therapy – 21 day,Sarcoma,true,false,true,1,2,0,12,https://healthservice.hse.ie/documents/6767/680_v2_Ifosfamide_highdose.pdf,false
nccp-00747-v2,00747,2,IE–VAC Therapy – Three Weekly Intervals,Sarcoma,true,false,true,1,7,0,13,https://healthservice.hse.ie/documents/6779/747_v2_IE_VAC_three_weekly.pdf,false
nccp-00754-v3,00754,3,"Ifosfamide, Vincristine, Doxorubicin and Dactinomycin (IVADo) Therapy",Sarcoma,true,false,true,1,5,0,12,https://healthservice.hse.ie/documents/6781/754_IVADo.pdf,false
nccp-00757-v2,00757,2,"Vincristine, Irinotecan and Temozolomide (VIT) Therapy",Sarcoma,true,false,true,1,3,0,12,https://healthservice.hse.ie/documents/6784/757_v2_VIT.pdf,false
nccp-00102-v6,00102,6,Vemurafenib Monotherapy,Skin/Melanoma,true,false,true,1,1,0,15,https://healthservice.hse.ie/documents/6723/102_v6_Vemurafenib_Monotherapy.pdf,false
nccp-00105-v7,00105,7,Ipilimumab Monotherapy,Skin/Melanoma,true,false,true,1,1,0,11,https://healthservice.hse.ie/documents/6724/105_V7_Ipilimumab_.pdf,false
nccp-00236-v3,00236,3,Vismodegib Monotherapy,Skin/Melanoma,true,false,true,1,1,0,7,https://healthservice.hse.ie/documents/6725/236_v3_Vismodegib.pdf,false
nccp-00237-v6,00237,6,Dabrafenib Monotherapy,Skin/Melanoma,true,false,true,1,1,0,16,https://healthservice.hse.ie/documents/6726/237_Dabrafenib.pdf,false
nccp-00373-v3,00373,3,Cobimetinib and Vemurafenib Therapy,Skin/Melanoma,true,false,true,1,2,0,16,https://healthservice.hse.ie/documents/6728/373_V3_Cobimetinib_and_Vemurafenib.pdf,false
nccp-00415-v4,00415,4,Trametinib and Dabrafenib Therapy,Skin/Melanoma,true,false,true,1,2,0,16,https://healthservice.hse.ie/documents/6732/415_v4_Trametinib_and_DabrafenibTherapy.pdf,false
nccp-00431-v10,00431,10,Nivolumab 1 mg/kg and Ipilimumab 3 mg/kg Therapy,Skin/Melanoma,true,false,true,1,2,0,12,https://healthservice.hse.ie/documents/6734/431_Nivolumab_1mg_Ipilimumab_3mg.pdf,false
nccp-00464-v3,00464,3,Dacarbazine Therapy,Skin/Melanoma,true,false,true,1,1,0,9,https://healthservice.hse.ie/documents/6737/464_V3_Dacarbazine.pdf,false
nccp-00563-v3,00563,3,Encorafenib and Binimetinib Therapy,Skin/Melanoma,true,false,true,1,2,0,15,https://healthservice.hse.ie/documents/6744/563_V3_Encorafenib-and-Binimetinib_Therapy.pdf,false
nccp-00758-v3,00758,3,Larotrectinib Monotherapy – Adult,Tumour Agnostic Therapy,true,false,true,1,1,0,18,https://healthservice.hse.ie/documents/6788/758_V3_Larotrectinib_Therapy_Adult.pdf,false
