"nccp_code","title","agents","path","total_inputs","lung_inputs","gi_inputs","liver_inputs","endocrine_inputs","renal_inputs","skin_inputs","neuro_inputs","cardiac_inputs","infusion_inputs"
"00688","Atezolizumab + nab-paclitaxel","atezolizumab","protocols/breast/00688-atezolizumab-nab-paclitaxel.json","40","1","1","2","9","1","3","3","2","2"
"00857","Pembrolizumab + Carboplatin/Paclitaxel → AC","pembrolizumab","protocols/breast/00857-pembro-carbo-paclitaxel-ac.json","33","0","0","3","7","2","3","3","0","0"
"00858","Pembrolizumab + weekly Carboplatin/Paclitaxel → AC","pembrolizumab","protocols/breast/00858-pembro-weekly-carbo-paclitaxel-ac.json","33","0","0","3","7","2","3","3","0","0"
"00860","Pembrolizumab 400 + Carbo/Paclitaxel → DDAC","pembrolizumab","protocols/breast/00860-pembro400-carbo-paclitaxel-ddac.json","33","0","0","3","7","2","3","3","0","0"
"00861","Pembrolizumab 400 + Weekly Carbo/Paclitaxel → DDAC","pembrolizumab","protocols/breast/00861-pembro400-weekly-carbo-paclitaxel-ddac.json","33","0","0","3","7","2","3","3","0","0"
"00739","Pembrolizumab, Cisplatin and 5-Fluorouracil Infusional Therapy","pembrolizumab","protocols/gastrointestinal/00739-pembrolizumab-cisplatin-and-5-fluorouracil-infusional-therapy.json","28","1","2","2","7","2","2","1","1","2"
"00816","Nivolumab 14 day, Cisplatin and 5-Fluorouracil Therapy","nivolumab","protocols/gastrointestinal/00816-nivolumab-14-day-cisplatin-and-5-fluorouracil-therapy.json","28","1","2","2","7","2","2","1","1","2"
"00831","Atezolizumab + Bevacizumab (HCC)","atezolizumab","protocols/gastrointestinal/00831-atezolizumab-bevacizumab-hcc.json","46","1","1","3","9","3","4","2","2","2"
"00832","Nivolumab 28 day, Cisplatin and 5-Fluorouracil Therapy","nivolumab","protocols/gastrointestinal/00832-nivolumab-28-day-cisplatin-and-5-fluorouracil-therapy.json","28","1","2","2","7","2","2","1","1","2"
"00839","Pembrolizumab and Modified FOLFOX-6 Therapy","pembrolizumab","protocols/gastrointestinal/00839-pembrolizumab-and-modified-folfox-6-therapy.json","28","1","2","2","7","2","2","2","1","2"
"00843","Nivolumab + XELOX","nivolumab","protocols/gastrointestinal/00843-nivolumab-xelox.json","55","1","3","4","9","2","5","4","2","2"
"00844","Nivolumab + mFOLFOX6","nivolumab","protocols/gastrointestinal/00844-nivolumab-modified-folfox6.json","59","1","4","2","9","2","4","5","2","3"
"00897","Durvalumab + Gemcitabine + Cisplatin","durvalumab","protocols/gastrointestinal/00897-durvalumab-gemcitabine-cisplatin.json","43","1","1","3","9","2","3","2","2","2"
"00900","Nivolumab 240 mg and Ipilimumab 1 mg/kg Therapy","nivolumab + ipilimumab","protocols/gastrointestinal/00900-nivolumab-240-mg-and-ipilimumab-1-mg-kg-therapy.json","19","1","1","2","7","1","2","1","1","2"
"00924","Tislelizumab and CAPOX Therapy","tislelizumab","protocols/gastrointestinal/00924-tislelizumab-and-capox-therapy.json","29","1","2","2","7","2","3","2","1","2"
"00925","Tislelizumab and Modified FOLFOX-6 Therapy","tislelizumab","protocols/gastrointestinal/00925-tislelizumab-and-modified-folfox-6-therapy.json","28","1","2","2","7","2","2","2","1","2"
"00926","Tremelimumab + Durvalumab","durvalumab + tremelimumab","protocols/gastrointestinal/00926-tremelimumab-durvalumab.json","38","1","1","2","9","1","3","2","2","2"
"00551","Nivolumab 3 mg/kg with Ipilimumab 1 mg/kg Therapy","nivolumab + ipilimumab","protocols/shared/00551-nivolumab-3-mg-kg-with-ipilimumab-1-mg-kg-therapy.json","19","1","1","2","7","1","2","1","1","2"
"00483","Nivolumab Monotherapy – 14 day","nivolumab","protocols/shared/00483-nivolumab-monotherapy-14-day.json","19","1","1","2","7","1","2","1","1","2"
"00484","Nivolumab Monotherapy – 28 day","nivolumab","protocols/shared/00484-nivolumab-monotherapy-28-day.json","19","1","1","2","7","1","2","1","1","2"
"00455","Pembrolizumab 200 mg Monotherapy","pembrolizumab","protocols/shared/00455-pembrolizumab-200-mg-monotherapy.json","19","1","1","2","7","1","2","1","1","2"
"00583","Pembrolizumab 200 mg and Axitinib Therapy","pembrolizumab","protocols/genitourinary/00583-pembrolizumab-200-mg-and-axitinib-therapy.json","22","1","2","0","8","1","2","1","0","1"
"00945","Enfortumab Vedotin and Pembrolizumab Therapy","pembrolizumab","protocols/genitourinary/00945-enfortumab-vedotin-and-pembrolizumab-therapy.json","19","1","1","0","9","1","2","2","0","1"
"00535","Avelumab Monotherapy","avelumab","protocols/genitourinary/00535-avelumab-monotherapy.json","16","1","1","0","8","1","1","1","0","1"
"00811","Pembrolizumab, Paclitaxel 175 mg/m², Carboplatin AUC 5 and Bevacizumab Therapy","pembrolizumab","protocols/gynaecology/00811-pembrolizumab-paclitaxel-175-mg-m-carboplatin-auc-5-and-bevacizumab-therapy.json","29","1","1","2","7","2","0","1","0","2"
"00817","Pembrolizumab, Paclitaxel 175 mg/m² and Carboplatin AUC 5 Therapy","pembrolizumab","protocols/gynaecology/00817-pembrolizumab-paclitaxel-175-mg-m-and-carboplatin-auc-5-therapy.json","22","1","1","2","7","1","0","1","0","2"
"00819","Dostarlimab Therapy","dostarlimab","protocols/gynaecology/00819-dostarlimab-therapy.json","16","1","1","2","7","1","0","0","0","1"
"00929","Dostarlimab, Paclitaxel and Carboplatin Therapy","dostarlimab","protocols/gynaecology/00929-dostarlimab-paclitaxel-and-carboplatin-therapy.json","22","1","1","2","7","1","0","1","0","2"
"00812","Cemiplimab Therapy","cemiplimab","protocols/gynaecology/00812-cemiplimab-therapy.json","16","1","1","2","7","1","0","0","0","1"
"00705","Pembrolizumab, Carboplatin AUC 5 and 5-Fluorouracil","pembrolizumab","protocols/head-neck/00705-pembrolizumab-carboplatin-auc-5-and-5-fluorouracil.json","25","1","1","3","8","1","1","1","1","1"
"00706","Pembrolizumab, Cisplatin and 5-Fluorouracil","pembrolizumab","protocols/head-neck/00706-pembrolizumab-cisplatin-and-5-fluorouracil.json","27","1","1","3","8","2","1","2","1","1"
"00568","Pembrolizumab, Pemetrexed and Carboplatin AUC5 Therapy","pembrolizumab","protocols/lung/00568-pembrolizumab-pemetrexed-and-carboplatin-auc5-therapy.json","27","1","1","2","7","2","1","0","0","2"
"00569","Pembrolizumab, Pemetrexed and Cisplatin Therapy","pembrolizumab","protocols/lung/00569-pembrolizumab-pemetrexed-and-cisplatin-therapy.json","29","1","1","2","7","3","1","1","0","2"
"00576","Durvalumab Monotherapy 10 mg/kg – 14 day","durvalumab","protocols/lung/00576-durvalumab-monotherapy-10-mg-kg-14-day.json","18","1","1","2","7","1","0","0","0","2"
"00579","Pembrolizumab, Paclitaxel and Carboplatin AUC6 Therapy","pembrolizumab","protocols/lung/00579-pembrolizumab-paclitaxel-and-carboplatin-auc6-therapy.json","24","1","1","2","7","1","1","1","0","2"
"00655","Durvalumab monotherapy","durvalumab","protocols/lung/00655-durvalumab-maintenance.json","35","1","1","2","9","1","3","2","2","2"
"00689","Atezolizumab + Carboplatin + Etoposide","atezolizumab","protocols/lung/00689-atezolizumab-carboplatin-etoposide.json","45","1","1","3","9","3","2","2","2","2"
"00712","Nivolumab, Ipilimumab, Carboplatin and Paclitaxel Therapy","nivolumab + ipilimumab","protocols/lung/00712-nivolumab-ipilimumab-carboplatin-and-paclitaxel-therapy.json","24","1","1","2","7","1","1","1","0","2"
"00713","Nivolumab, Ipilimumab, Pemetrexed and Carboplatin Therapy","nivolumab + ipilimumab","protocols/lung/00713-nivolumab-ipilimumab-pemetrexed-and-carboplatin-therapy.json","27","1","1","2","7","2","1","0","0","2"
"00714","Nivolumab, Ipilimumab, Pemetrexed and Cisplatin Therapy","nivolumab + ipilimumab","protocols/lung/00714-nivolumab-ipilimumab-pemetrexed-and-cisplatin-therapy.json","29","1","1","2","7","3","1","1","0","2"
"00792","Nivolumab 360 mg and Ipilimumab 1 mg/kg Therapy","nivolumab + ipilimumab","protocols/lung/00792-nivolumab-360-mg-and-ipilimumab-1-mg-kg-therapy.json","18","1","1","2","7","1","0","0","0","2"
"00849","Nivolumab 360 mg and Platinum-Based Chemotherapy","nivolumab","protocols/lung/00849-nivolumab-360-mg-and-platinum-based-chemotherapy.json","22","1","1","2","7","1","0","0","0","2"
"00908","Serplulimab, Carboplatin AUC5 and Etoposide 100 mg/m² – 21 day","serplulimab","protocols/lung/00908-serplulimab-carboplatin-auc5-and-etoposide-100-mg-m2-21-day.json","24","1","1","2","7","2","0","0","0","2"
"00544","Atezolizumab 1200 mg Monotherapy – 21 day","atezolizumab","protocols/lung/00544-atezolizumab-1200-mg-monotherapy-21-day.json","18","1","1","2","7","1","0","0","0","2"
"00592","Atezolizumab 840 mg Monotherapy – 14 day","atezolizumab","protocols/shared/00592-atezolizumab-840-mg-monotherapy-14-day.json","18","1","1","2","7","1","0","0","0","2"
"00593","Atezolizumab monotherapy","atezolizumab","protocols/lung/00593-atezolizumab-maintenance.json","34","1","1","2","9","1","2","2","2","2"
"00558","Pembrolizumab 400 mg monotherapy","pembrolizumab","protocols/shared/00558-pembrolizumab-400mg-monotherapy.json","35","2","2","4","8","1","2","2","1","2"
"00105","Ipilimumab Monotherapy","ipilimumab","protocols/skin/00105-ipilimumab-monotherapy.json","19","1","1","0","8","1","1","1","1","1"
"00431","Nivolumab 1 mg/kg and Ipilimumab 3 mg/kg Therapy","nivolumab + ipilimumab","protocols/skin/00431-nivolumab-1-mg-kg-and-ipilimumab-3-mg-kg-therapy.json","19","1","1","0","8","1","1","1","1","1"
