path,protocol_id,title,counts,renal,hepatic,endocrine,context,toxicity,candidate_fields
"protocols/_shared/ecog-context-placeholder.json","","",0,0,0,0,0,0,0
"protocols/_shared/single-agent-ici-profile.json","","",0,0,0,0,0,0,0
"protocols/_template/protocol-template.json","nccp-00000-v1","Example regimen",2,0,0,0,0,1,3
"protocols/breast/00200-trastuzumab-iv-q21d.json","nccp-00200-vcurrent","Trastuzumab Intravenous Monotherapy – 21 days",1,0,0,0,1,1,3
"protocols/breast/00201-trastuzumab-iv-weekly.json","nccp-00201-v6","Trastuzumab Intravenous Monotherapy – 7 days",1,0,0,0,1,1,3
"protocols/breast/00202-docetaxel-100-21-day.json","nccp-00202-v7","Docetaxel Monotherapy 100 mg/m² – 21 day",3,0,0,0,0,1,4
"protocols/breast/00203-docetaxel-75-21-day.json","nccp-00203-v7","Docetaxel Monotherapy 75 mg/m² – 21 day cycle",3,0,0,0,0,4,7
"protocols/breast/00204-pertuzumab-trastuzumab-docetaxel.json","nccp-00204-v11","Pertuzumab, Trastuzumab and Docetaxel Therapy – 21 day cycle",4,0,3,0,0,4,11
"protocols/breast/00205-pegylated-liposomal-doxorubicin.json","nccp-00205-v8","Pegylated Liposomal Doxorubicin 50 mg/m² – 28 day",4,0,1,0,1,5,11
"protocols/breast/00206-t-dm1-metastatic.json","nccp-00206-vcurrent","Trastuzumab Emtansine (T-DM1) Therapy – 21 days",2,0,2,0,0,4,8
"protocols/breast/00212-bevacizumab-q14d.json","nccp-00212-v6a","Bevacizumab 10 mg/kg – 14 days",1,0,0,0,1,4,6
"protocols/breast/00217-lapatinib-capecitabine.json","nccp-00217-vcurrent","Lapatinib and Capecitabine Therapy - 21 days",4,1,2,0,0,5,12
"protocols/breast/00228-eribulin-monotherapy.json","nccp-00228-v8","Eribulin Monotherapy",7,0,0,0,1,4,12
"protocols/breast/00230-nab-paclitaxel-q21d.json","nccp-00230-v7","nab-Paclitaxel Monotherapy - 21 day",3,0,0,0,0,2,5
"protocols/breast/00232-vinorelbine-iv.json","nccp-00232-v5","Intravenous Vinorelbine Monotherapy - 21 days",4,0,0,0,0,3,7
"protocols/breast/00250-docetaxel-cyclophosphamide.json","nccp-00250-v8","Docetaxel / Cyclophosphamide (TC) Therapy – 21 day",3,1,2,0,1,3,10
"protocols/breast/00251-carboplatin-q28d.json","nccp-00251-v6","Carboplatin AUC 4-6 Monotherapy - 28 day",3,2,0,0,0,0,5
"protocols/breast/00252-ac-doxorubicin-cyclophosphamide.json","nccp-00252-v7","Doxorubicin and Cyclophosphamide (AC 60/600) Therapy – 21 day",3,1,3,0,1,3,11
"protocols/breast/00253-tamoxifen.json","nccp-00253-vcurrent","Tamoxifen Monotherapy",1,0,0,0,0,1,2
"protocols/breast/00254-anastrozole-monotherapy.json","nccp-00254-v5","Anastrozole Monotherapy",3,0,2,0,0,4,9
"protocols/breast/00258-tch-docetaxel-carboplatin-trastuzumab.json","nccp-00258-v9","Docetaxel, Carboplatin and Trastuzumab (TCH) – 21 days",3,0,0,0,0,1,4
"protocols/breast/00259-vinorelbine-oral.json","nccp-00259-v6","Oral Vinorelbine Monotherapy - 7 days",5,0,3,0,1,0,9
"protocols/breast/00260-ac-followed-by-weekly-paclitaxel.json","nccp-00260-v7","AC 21-day followed by weekly Paclitaxel (AC-T)",3,0,0,0,0,1,4
"protocols/breast/00261-carboplatin-q21d.json","nccp-00261-v7","Carboplatin AUC 4-6 Monotherapy - 21 day",3,2,0,0,0,0,5
"protocols/breast/00262-ec90.json","nccp-00262-vcurrent","Epirubicin 90 and Cyclophosphamide (EC90)",3,0,0,0,0,1,4
"protocols/breast/00263-ec75.json","nccp-00263-vcurrent","Epirubicin 75 and Cyclophosphamide (EC75)",3,0,0,0,0,1,4
"protocols/breast/00265-fec100.json","nccp-00265-v6b","5-Fluorouracil, Epirubicin 100 and Cyclophosphamide (FEC100)",3,0,0,0,0,1,4
"protocols/breast/00269-fec50.json","nccp-00269-v7a","5-Fluorouracil, Epirubicin 50 and Cyclophosphamide (FEC50)",3,0,0,0,0,1,4
"protocols/breast/00272-trastuzumab-sc-q21d-metastatic.json","nccp-00272-v4","Trastuzumab Subcutaneous 21 days – Metastatic Breast Cancer",1,0,0,0,1,1,3
"protocols/breast/00278-dose-dense-ac-paclitaxel-14-day.json","nccp-00278-v7","Dose-dense AC followed by Paclitaxel 175 mg/m² every 14 days",3,0,0,0,0,1,4
"protocols/breast/00285-trastuzumab-sc-q21d-ebc.json","nccp-00285-v4","Trastuzumab Subcutaneous 21 days – Early Breast Cancer",1,0,0,0,1,1,3
"protocols/breast/00316-ddac-paclitaxel-14-day-trastuzumab.json","nccp-00316-v6","Dose-dense AC followed by Paclitaxel every 14 days and Trastuzumab",3,0,0,0,0,1,4
"protocols/breast/00322-everolimus-exemestane.json","nccp-00322-v4","Everolimus and Exemestane Therapy",3,0,2,0,0,4,9
"protocols/breast/00348-carbo-auc6-paclitaxel-ddac.json","nccp-00348-v8a","Carboplatin AUC 6 and weekly Paclitaxel followed by dose-dense AC",5,2,3,0,1,5,16
"protocols/breast/00350-pertuzumab-trastuzumab-chemotherapy.json","nccp-00350-v3","Pertuzumab and Trastuzumab with Chemotherapy",3,1,3,0,1,3,11
"protocols/breast/00361-fulvestrant-monotherapy.json","nccp-00361-vcurrent","Fulvestrant Monotherapy",3,0,2,0,0,4,9
"protocols/breast/00371-letrozole-monotherapy.json","nccp-00371-vcurrent","Letrozole Monotherapy",3,0,2,0,0,4,9
"protocols/breast/00376-exemestane-monotherapy.json","nccp-00376-vcurrent","Exemestane Monotherapy",3,0,2,0,0,4,9
"protocols/breast/00377-cmf-oral.json","nccp-00377-v6","Cyclophosphamide (oral), Methotrexate and 5-Fluorouracil (CMF)",3,0,0,0,0,1,4
"protocols/breast/00378-cmf-iv-28-day.json","nccp-00378-v6","Cyclophosphamide (IV), Methotrexate and 5-Fluorouracil (CMF) – 28 day",3,0,0,0,0,1,4
"protocols/breast/00381-cmf-iv-21-day.json","nccp-00381-v6","Cyclophosphamide (IV), Methotrexate and 5-Fluorouracil (CMF) – 21 day",3,0,0,0,0,1,4
"protocols/breast/00414-palbociclib.json","nccp-00414-vcurrent","Palbociclib Therapy - 28 day",2,0,0,0,1,4,7
"protocols/breast/00423-at-doxorubicin-docetaxel.json","nccp-00423-vcurrent","Doxorubicin 50 mg/m² and Docetaxel 75 mg/m² (AT 50/75)",3,0,0,0,0,1,4
"protocols/breast/00430-gemcitabine-carboplatin.json","nccp-00430-v6","Gemcitabine and Carboplatin AUC2 - 21 day",3,1,1,0,2,2,9
"protocols/breast/00432-ac-weekly-paclitaxel-trastuzumab.json","nccp-00432-v5","AC followed by weekly Paclitaxel and weekly Trastuzumab (AC-TH)",3,0,0,0,0,1,4
"protocols/breast/00433-ddac-weekly-paclitaxel-trastuzumab.json","nccp-00433-v6","Dose-dense AC followed by weekly Paclitaxel and weekly Trastuzumab",3,0,0,0,0,1,4
"protocols/breast/00485-dose-dense-ac-weekly-paclitaxel.json","nccp-00485-v6","Dose-dense AC followed by weekly Paclitaxel",3,0,0,0,0,1,4
"protocols/breast/00507-pertuzumab-trastuzumab-paclitaxel.json","nccp-00507-v6","Pertuzumab, Trastuzumab and Weekly Paclitaxel - 21 day",6,0,2,0,4,6,18
"protocols/breast/00512-paclitaxel-trastuzumab-weekly.json","nccp-00512-v5","Paclitaxel 80 mg/m² and Trastuzumab Therapy – 7 day (12 weeks)",3,1,2,0,1,4,11
"protocols/breast/00525-ribociclib-metastatic.json","nccp-00525-vcurrent","Ribociclib Therapy (Metastatic) - 28 day",2,1,2,0,1,3,9
"protocols/breast/00526-pertuzumab-trastuzumab-vinorelbine.json","nccp-00526-v5","Pertuzumab, Trastuzumab and Vinorelbine - 21 day",5,0,0,0,2,6,13
"protocols/breast/00545-zoledronic-acid-adjuvant.json","nccp-00545-v3","Zoledronic Acid Monotherapy",2,3,0,0,1,0,6
"protocols/breast/00605-talazoparib.json","nccp-00605-v2","Talazoparib Therapy",4,1,2,0,0,1,8
"protocols/breast/00619-abemaciclib-adjuvant.json","nccp-00619-vcurrent","Abemaciclib with endocrine therapy – adjuvant",3,0,2,0,0,4,9
"protocols/breast/00621-paclitaxel-weekly-3-of-4.json","nccp-00621-v9","Paclitaxel 80 mg/m² Days 1, 8 and 15 – 28 day",3,0,2,0,3,3,11
"protocols/breast/00659-t-dm1-early-breast.json","nccp-00659-v2","Trastuzumab Emtansine (Kadcyla®) Early Breast Cancer Therapy - 21 days",2,0,2,0,0,4,8
"protocols/breast/00688-atezolizumab-nab-paclitaxel.json","nccp-00688-v2a","Atezolizumab and nab-Paclitaxel",4,1,2,4,2,16,29
"protocols/breast/00720-neratinib-extended-adjuvant.json","nccp-00720-v2","Neratinib Therapy",4,1,2,0,1,9,17
"protocols/breast/00722-tchp-docetaxel-carboplatin-trastuzumab-pertuzumab.json","nccp-00722-v2","Docetaxel, Carboplatin, Trastuzumab and Pertuzumab (TCHP) Therapy",3,1,3,0,1,3,11
"protocols/breast/00726-pertuzumab-trastuzumab-maintenance.json","nccp-00726-v3a","Pertuzumab and Trastuzumab Therapy",1,0,0,0,1,3,5
"protocols/breast/00731-tch-subcutaneous-p.json","nccp-00731-v2","Docetaxel, Carboplatin, Trastuzumab SC and Pertuzumab",3,1,3,0,1,3,11
"protocols/breast/00734-weekly-carbo-paclitaxel-ddac.json","nccp-00734-v3","Weekly Carboplatin AUC 2 and Paclitaxel followed by dose-dense AC",5,2,3,0,1,5,16
"protocols/breast/00736-nab-paclitaxel-weekly.json","nccp-00736-v2","nab-Paclitaxel Weekly Monotherapy - 28 day",3,0,0,0,1,2,6
"protocols/breast/00738-bevacizumab-paclitaxel.json","nccp-00738-v3","Bevacizumab 10 mg/kg and Paclitaxel 80 mg/m2",4,0,2,0,0,5,11
"protocols/breast/00743-eribulin-monotherapy-28-day.json","nccp-00743-v3","Eribulin Monotherapy – 28 day",3,0,0,0,0,1,4
"protocols/breast/00745-ddac-weekly-paclitaxel-trastuzumab-q21d.json","nccp-00745-v2a","Dose-dense AC followed by weekly Paclitaxel and Trastuzumab every 21 days",3,0,0,0,0,1,4
"protocols/breast/00749-gemcitabine-800-monotherapy.json","nccp-00749-v3","Gemcitabine 800 mg/m² Monotherapy – 28 day",3,0,0,0,0,1,4
"protocols/breast/00775-pertuzumab-trastuzumab-paclitaxel-carboplatin-train2.json","nccp-00775-v3","Pertuzumab, Trastuzumab, Paclitaxel and Carboplatin (TRAIN-2)",3,1,3,0,1,3,11
"protocols/breast/00776-trastuzumab-deruxtecan.json","nccp-00776-v3b","Trastuzumab Deruxtecan 5.4 mg/kg (Enhertu) Therapy",2,0,0,0,0,3,5
"protocols/breast/00785-phesgo-maintenance.json","nccp-00785-v3a","Pertuzumab and Trastuzumab (Phesgo®) Maintenance Therapy",1,0,0,0,1,3,5
"protocols/breast/00789-phesgo-tchp.json","nccp-00789-v3","Docetaxel, Carboplatin and Pertuzumab/Trastuzumab (Phesgo) TCHP",3,1,3,0,1,3,11
"protocols/breast/00790-phesgo-paclitaxel-carboplatin-train2.json","nccp-00790-v3","Pertuzumab/Trastuzumab (Phesgo), Paclitaxel and Carboplatin (TRAIN-2)",3,1,3,0,1,3,11
"protocols/breast/00794-sacituzumab-govitecan.json","nccp-00794-vcurrent","Sacituzumab Govitecan Therapy",2,0,0,0,1,7,10
"protocols/breast/00796-phesgo-docetaxel.json","nccp-00796-v4","Pertuzumab/Trastuzumab (Phesgo®) and Docetaxel Therapy",4,0,3,0,0,4,11
"protocols/breast/00797-phesgo-paclitaxel.json","nccp-00797-v4","Pertuzumab/Trastuzumab (Phesgo®) and Weekly Paclitaxel Therapy",6,0,2,0,4,6,18
"protocols/breast/00798-phesgo-vinorelbine.json","nccp-00798-v3","Pertuzumab/Trastuzumab (Phesgo®) and Vinorelbine Therapy",5,0,0,0,2,6,13
"protocols/breast/00815-paclitaxel-weekly-trastuzumab-3weekly.json","nccp-00815-v3","Paclitaxel 80 mg/m² weekly and Trastuzumab 21-day",3,0,0,0,0,1,4
"protocols/breast/00857-pembro-carbo-paclitaxel-ac.json","nccp-00857-v3","Pembrolizumab, Carboplatin AUC 5 and weekly Paclitaxel 80 mg/m² followed by Doxorubicin and Cyclophosphamide (AC 60/600) Therapy",5,2,3,0,1,5,16
"protocols/breast/00858-pembro-weekly-carbo-paclitaxel-ac.json","nccp-00858-v3","Pembrolizumab 200 mg, weekly Carboplatin AUC 1.5 and Paclitaxel 80 mg/m² followed by Doxorubicin and Cyclophosphamide Therapy",5,2,3,0,1,5,16
"protocols/breast/00860-pembro400-carbo-paclitaxel-ddac.json","nccp-00860-v2","Pembrolizumab 400 mg, Carboplatin AUC 5 and weekly Paclitaxel followed by dose-dense AC",5,2,3,0,1,5,16
"protocols/breast/00861-pembro400-weekly-carbo-paclitaxel-ddac.json","nccp-00861-v2","Pembrolizumab 400 mg, weekly Carboplatin AUC 1.5 and Paclitaxel followed by dose-dense AC",5,2,3,0,1,5,16
"protocols/breast/00892-ribociclib-adjuvant.json","nccp-00892-v2","Ribociclib Therapy (Adjuvant) - 28 day",1,0,2,0,1,3,7
"protocols/breast/00936-tucatinib-trastuzumab-capecitabine.json","nccp-00936-vcurrent","Tucatinib, Trastuzumab and Capecitabine Therapy - 21 days",4,1,2,0,0,5,12
"protocols/gastrointestinal/00207-cetuximab-therapy-7-days.json","nccp-00207-v5","Cetuximab Therapy – 7 days",2,0,0,0,1,2,5
"protocols/gastrointestinal/00209-modified-folfox6.json","nccp-00209-v10a","FOLFOX-6 Modified Therapy – 14 day",6,1,0,0,1,8,16
"protocols/gastrointestinal/00210-folfox-4-therapy-14-day.json","nccp-00210-v9b","FOLFOX-4 Therapy – 14 day",4,0,0,0,1,4,9
"protocols/gastrointestinal/00213-irinotecan-monotherapy-21-day.json","nccp-00213-v7","Irinotecan Monotherapy – 21 day",4,0,1,0,1,1,7
"protocols/gastrointestinal/00216-capecitabine-monotherapy.json","nccp-00216-v8","Capecitabine Monotherapy",4,1,2,0,1,4,12
"protocols/gastrointestinal/00225-panitumumab-6-mg-kg-therapy.json","nccp-00225-v6","Panitumumab 6 mg/kg Therapy",2,0,0,0,1,2,5
"protocols/gastrointestinal/00227-folfiri.json","nccp-00227-v9","FOLFIRI Therapy - 14 day",6,1,3,0,1,6,17
"protocols/gastrointestinal/00235-teysuno-s-1-and-cisplatin-28-day.json","nccp-00235-v5","Teysuno (S-1) and Cisplatin – 28 day",5,1,0,0,1,6,13
"protocols/gastrointestinal/00238-aflibercept-folfiri.json","nccp-00238-v6","Aflibercept and FOLFIRI Therapy -14 day",6,1,3,0,1,6,17
"protocols/gastrointestinal/00239-eox-epirubicin-oxaliplatin-and-capecitabine-therapy.json","nccp-00239-v8","EOX: Epirubicin, Oxaliplatin and Capecitabine Therapy",4,0,0,0,1,5,10
"protocols/gastrointestinal/00240-ecf-epirubicin-cisplatin-and-5-fluorouracil-therapy.json","nccp-00240-v8","ECF: Epirubicin, Cisplatin and 5-Fluorouracil Therapy",5,1,0,0,1,5,12
"protocols/gastrointestinal/00244-regorafenib.json","nccp-00244-v5","Regorafenib Monotherapy",0,0,2,0,1,4,7
"protocols/gastrointestinal/00256-nab-paclitaxel-gemcitabine.json","nccp-00256-v7","nab-Paclitaxel and Gemcitabine Therapy -28 day",2,0,2,0,0,5,9
"protocols/gastrointestinal/00283-gemcitabine-1000-mg-m2-monotherapy-56-day.json","nccp-00283-v6","Gemcitabine 1000 mg/m² Monotherapy – 56 day",4,0,0,0,2,1,7
"protocols/gastrointestinal/00294-sorafenib-therapy.json","nccp-00294-v4","Sorafenib Therapy",2,0,2,0,1,2,7
"protocols/gastrointestinal/00321-xelox-capox.json","nccp-00321-v9","Capecitabine and Oxaliplatin Therapy (XELOX)",6,1,2,0,1,9,19
"protocols/gastrointestinal/00328-cetuximab-7-day-and-folfiri-14-day-therapy.json","nccp-00328-v7","Cetuximab (7 day) and FOLFIRI (14 day) Therapy",4,0,1,0,1,5,11
"protocols/gastrointestinal/00329-folfirinox.json","nccp-00329-v9","FOLFIRINOX Therapy",7,1,3,0,1,7,19
"protocols/gastrointestinal/00330-cetuximab-7-day-and-irinotecan-14-day-therapy.json","nccp-00330-v6","Cetuximab (7 day) and Irinotecan (14 day) Therapy",4,0,1,0,1,3,9
"protocols/gastrointestinal/00331-cetuximab-14-day-and-irinotecan-14-day-therapy.json","nccp-00331-v7","Cetuximab (14 day) and Irinotecan (14 day) Therapy",4,0,1,0,1,3,9
"protocols/gastrointestinal/00344-flot-therapy-14-day.json","nccp-00344-v9","FLOT Therapy – 14 day",4,0,2,0,1,4,11
"protocols/gastrointestinal/00380-ecx-epirubicin-cisplatin-and-capecitabine-therapy.json","nccp-00380-v6","ECX: Epirubicin, Cisplatin and Capecitabine Therapy",5,1,0,0,1,6,13
"protocols/gastrointestinal/00382-trifluridine-tipiracil.json","nccp-00382-v3","Trifluridine and Tipiracil (Lonsurf®) Therapy",4,1,1,0,2,3,11
"protocols/gastrointestinal/00383-gemcitabine-1000-mg-m2-and-cisplatin-25-mg-m2-21-day.json","nccp-00383-v8","Gemcitabine 1000 mg/m² and Cisplatin 25 mg/m² – 21 day",5,1,0,0,2,3,11
"protocols/gastrointestinal/00384-gemcitabine-1000-mg-m2-and-capecitabine-650-mg-m2-21-day.json","nccp-00384-v7","Gemcitabine 1000 mg/m² and Capecitabine 650 mg/m² – 21 day",4,0,0,0,2,4,10
"protocols/gastrointestinal/00386-doxorubicin-60-mg-m2-therapy.json","nccp-00386-v4","Doxorubicin 60 mg/m² Therapy",4,0,0,0,1,1,6
"protocols/gastrointestinal/00421-5-fluorouracil-continuous-infusion-and-radiotherapy.json","nccp-00421-v4","5-Fluorouracil Continuous Infusion and Radiotherapy",4,0,0,0,1,3,8
"protocols/gastrointestinal/00422-carboplatin-auc2-and-paclitaxel-50-mg-m2-weekly-with-radiotherapy.json","nccp-00422-v5","Carboplatin AUC2 and Paclitaxel 50 mg/m² Weekly with Radiotherapy",5,1,2,0,1,2,11
"protocols/gastrointestinal/00427-roswell-park-modified-5-fluorouracil-and-folinic-acid.json","nccp-00427-v6","Roswell Park Modified 5-Fluorouracil and Folinic Acid",4,0,0,0,1,3,8
"protocols/gastrointestinal/00428-quasar-modified-5-fluorouracil-and-folinic-acid-weekly.json","nccp-00428-v6","QUASAR Modified 5-Fluorouracil and Folinic Acid Weekly",4,0,0,0,1,3,8
"protocols/gastrointestinal/00429-eof-epirubicin-oxaliplatin-and-5-fluorouracil-therapy.json","nccp-00429-v7a","EOF: Epirubicin, Oxaliplatin and 5-Fluorouracil Therapy",4,0,0,0,1,4,9
"protocols/gastrointestinal/00446-bevacizumab-modified-folfox6.json","nccp-00446-v7b","Bevacizumab 5mg/kg and Modified FOLFOX-6 Therapy -14 day",6,1,0,0,1,8,16
"protocols/gastrointestinal/00447-panitumumab-modified-folfox6.json","nccp-00447-v6b","Panitumumab 6mg/kg and Modified FOLFOX-6 Therapy -14 day",6,1,0,0,1,11,19
"protocols/gastrointestinal/00448-panitumumab-folfiri.json","nccp-00448-v4b","Panitumumab 6mg/kg and FOLFIRI Therapy -14 day",6,1,3,0,1,9,20
"protocols/gastrointestinal/00449-bevacizumab-folfiri.json","nccp-00449-v6a","Bevacizumab 5mg/kg and FOLFIRI Therapy -14 day",6,1,3,0,1,6,17
"protocols/gastrointestinal/00451-5-fluorouracil-4-day-mitomycin-and-radiotherapy.json","nccp-00451-v4c","5-Fluorouracil (4 day), Mitomycin and Radiotherapy",4,0,0,0,1,3,8
"protocols/gastrointestinal/00460-cisplatin-75-mg-m2-and-5-fluorouracil-chemoradiation-herskovic.json","nccp-00460-v4","Cisplatin 75 mg/m² and 5-Fluorouracil Chemoradiation (Herskovic)",5,1,0,0,1,5,12
"protocols/gastrointestinal/00473-cisplatin-and-capecitabine-adjuvant-chemoradiation-therapy.json","nccp-00473-v6","Cisplatin and Capecitabine Adjuvant Chemoradiation Therapy",5,1,0,0,1,6,13
"protocols/gastrointestinal/00486-flox-therapy.json","nccp-00486-v8","FLOX Therapy",4,0,0,0,1,4,9
"protocols/gastrointestinal/00502-trastuzumab-5-fluorouracil-and-cisplatin-therapy-21-day.json","nccp-00502-v4","Trastuzumab, 5-Fluorouracil and Cisplatin Therapy – 21 day",5,1,0,0,1,5,12
"protocols/gastrointestinal/00505-capecitabine-and-temozolomide-therapy.json","nccp-00505-v5","Capecitabine and Temozolomide Therapy",4,0,0,0,1,4,9
"protocols/gastrointestinal/00509-modified-folfox-6-chemoradiation-therapy-14-day.json","nccp-00509-v6","Modified FOLFOX-6 Chemoradiation Therapy – 14 day",4,0,0,0,1,4,9
"protocols/gastrointestinal/00515-modified-folfirinox.json","nccp-00515-v7","FOLFIRINOX Modified Therapy",7,1,3,0,1,10,22
"protocols/gastrointestinal/00521-gemcitabine-1000-mg-m2-and-radiotherapy.json","nccp-00521-v3","Gemcitabine 1000 mg/m² and Radiotherapy",4,0,0,0,2,1,7
"protocols/gastrointestinal/00522-gemcitabine-400-mg-m2-and-radiotherapy.json","nccp-00522-v4","Gemcitabine 400 mg/m² and Radiotherapy",4,0,0,0,2,1,7
"protocols/gastrointestinal/00523-capecitabine-and-radiotherapy-7-day.json","nccp-00523-v5","Capecitabine and Radiotherapy – 7 day",4,0,0,0,1,4,9
"protocols/gastrointestinal/00524-gemcitabine-1000-mg-m2-and-capecitabine-830-mg-m2-28-day.json","nccp-00524-v5","Gemcitabine 1000 mg/m² and Capecitabine 830 mg/m² – 28 day",4,0,0,0,2,4,10
"protocols/gastrointestinal/00555-folfoxiri.json","nccp-00555-v6b","FOLFOXIRI Therapy",8,1,3,0,1,7,20
"protocols/gastrointestinal/00559-gemcitabine-600-mg-m2-and-radiotherapy.json","nccp-00559-v3","Gemcitabine 600 mg/m² and Radiotherapy",4,0,0,0,2,1,7
"protocols/gastrointestinal/00585-cetuximab-14-day-and-folfiri-14-day-therapy.json","nccp-00585-v5b","Cetuximab (14 day) and FOLFIRI (14 day) Therapy",4,0,1,0,1,5,11
"protocols/gastrointestinal/00586-capecitabine-825-mg-m2-and-radiotherapy-7-day.json","nccp-00586-v3","Capecitabine 825 mg/m² and Radiotherapy – 7 day",4,0,0,0,1,4,9
"protocols/gastrointestinal/00594-cisplatin-5-fluorouracil-and-radiation-therapy.json","nccp-00594-v3b","Cisplatin, 5-Fluorouracil and Radiation Therapy",5,1,0,0,1,5,12
"protocols/gastrointestinal/00623-bevacizumab-7-5-mg-kg-and-capecitabine-1250-mg-m2-therapy.json","nccp-00623-v3a","Bevacizumab 7.5 mg/kg and Capecitabine 1250 mg/m² Therapy",4,0,0,0,1,5,10
"protocols/gastrointestinal/00642-lutetium-177-oxodotreotide-lutathera-therapy.json","nccp-00642-v2","Lutetium-177 Oxodotreotide (Lutathera) Therapy",3,0,0,0,1,0,4
"protocols/gastrointestinal/00644-lenvatinib-therapy-hcc.json","nccp-00644-v2","Lenvatinib Therapy – HCC",2,0,2,0,1,2,7
"protocols/gastrointestinal/00654-irinotecan-150-mg-m2-monotherapy-28-day.json","nccp-00654-v2","Irinotecan 150 mg/m² Monotherapy – 28 day",4,0,1,0,1,1,7
"protocols/gastrointestinal/00660-5fu-folinic-acid.json","nccp-00660-v2b","5-Fluorouracil and Folinic Acid Therapy - 14 day",6,1,2,0,1,6,16
"protocols/gastrointestinal/00691-folfirinox-therapy-rectal-carcinoma.json","nccp-00691-v4","FOLFIRINOX Therapy – Rectal Carcinoma",4,0,1,0,1,4,10
"protocols/gastrointestinal/00692-cetuximab-and-folfox-4-therapy.json","nccp-00692-v2","Cetuximab and FOLFOX-4 Therapy",4,0,0,0,1,6,11
"protocols/gastrointestinal/00704-trastuzumab-modified-folfox6.json","nccp-00704-v3a","Trastuzumab and FOLFOX-6 Modified Therapy -14 day",6,1,0,0,1,8,16
"protocols/gastrointestinal/00727-mitomycin-and-capecitabine-chemoradiation-therapy.json","nccp-00727-v2b","Mitomycin and Capecitabine Chemoradiation Therapy",4,0,0,0,1,4,9
"protocols/gastrointestinal/00732-cetuximab-therapy-14-days.json","nccp-00732-v2","Cetuximab Therapy – 14 days",2,0,0,0,1,2,5
"protocols/gastrointestinal/00733-cetuximab-and-modified-folfox-6-therapy.json","nccp-00733-v2a","Cetuximab and modified FOLFOX-6 Therapy",4,0,0,0,1,6,11
"protocols/gastrointestinal/00739-pembrolizumab-cisplatin-and-5-fluorouracil-infusional-therapy.json","nccp-00739-v2a","Pembrolizumab, Cisplatin and 5-Fluorouracil Infusional Therapy",5,2,2,5,1,8,23
"protocols/gastrointestinal/00783-bevacizumab-5-mg-kg-and-folfoxiri-therapy-14-day.json","nccp-00783-v2a","Bevacizumab 5 mg/kg and FOLFOXIRI Therapy – 14 day",4,0,1,0,1,5,11
"protocols/gastrointestinal/00791-bevacizumab-5-mg-kg-5-fluorouracil-and-folinic-acid-therapy-14-day.json","nccp-00791-v2","Bevacizumab 5 mg/kg, 5-Fluorouracil and Folinic Acid Therapy – 14 day",4,0,0,0,1,4,9
"protocols/gastrointestinal/00816-nivolumab-14-day-cisplatin-and-5-fluorouracil-therapy.json","nccp-00816-v3","Nivolumab 14 day, Cisplatin and 5-Fluorouracil Therapy",5,2,2,5,1,8,23
"protocols/gastrointestinal/00831-atezolizumab-bevacizumab-hcc.json","nccp-00831-v2a","Atezolizumab and Bevacizumab Therapy",2,1,3,4,1,15,26
"protocols/gastrointestinal/00832-nivolumab-28-day-cisplatin-and-5-fluorouracil-therapy.json","nccp-00832-v3","Nivolumab 28 day, Cisplatin and 5-Fluorouracil Therapy",5,2,2,5,1,8,23
"protocols/gastrointestinal/00839-pembrolizumab-and-modified-folfox-6-therapy.json","nccp-00839-v2a","Pembrolizumab and Modified FOLFOX-6 Therapy",4,1,2,5,1,7,20
"protocols/gastrointestinal/00843-nivolumab-xelox.json","nccp-00843-v2a","Nivolumab and XELOX Therapy",6,2,4,4,1,21,38
"protocols/gastrointestinal/00844-nivolumab-modified-folfox6.json","nccp-00844-v4a","Nivolumab and FOLFOX-6 Modified Therapy",6,2,2,4,1,20,35
"protocols/gastrointestinal/00889-pemigatinib-therapy.json","nccp-00889-v1a","Pemigatinib Therapy",2,0,2,0,1,1,6
"protocols/gastrointestinal/00890-fruquintinib-monotherapy.json","nccp-00890-v2","Fruquintinib Monotherapy",2,0,2,0,1,2,7
"protocols/gastrointestinal/00897-durvalumab-gemcitabine-cisplatin.json","nccp-00897-v3","Durvalumab 1500 mg, Gemcitabine 1000 mg/m² and Cisplatin 25 mg/m² Therapy",4,2,3,4,1,14,28
"protocols/gastrointestinal/00900-nivolumab-240-mg-and-ipilimumab-1-mg-kg-therapy.json","nccp-00900-v1a","Nivolumab 240 mg and Ipilimumab 1 mg/kg Therapy",2,1,2,5,1,3,14
"protocols/gastrointestinal/00901-ivosidenib-therapy.json","nccp-00901-v1a","Ivosidenib Therapy",2,0,2,0,1,1,6
"protocols/gastrointestinal/00924-tislelizumab-and-capox-therapy.json","nccp-00924-v1","Tislelizumab and CAPOX Therapy",4,1,2,5,1,8,21
"protocols/gastrointestinal/00925-tislelizumab-and-modified-folfox-6-therapy.json","nccp-00925-v1","Tislelizumab and Modified FOLFOX-6 Therapy",4,1,2,5,1,7,20
"protocols/gastrointestinal/00926-tremelimumab-durvalumab.json","nccp-00926-v1","Tremelimumab and Durvalumab Therapy",2,1,2,4,2,12,23
"protocols/genitourinary/00101-cabazitaxel-prednisolone.json","nccp-00101-v8","Cabazitaxel and Prednisolone Therapy",2,0,0,0,0,4,6
"protocols/genitourinary/00103-abiraterone-prednisolone-mcrpc.json","nccp-00103-v9","Abiraterone and prednisolone Therapy (mCRPC)",1,1,3,0,1,2,8
"protocols/genitourinary/00104-axitinib-monotherapy.json","nccp-00104-v6","Axitinib Monotherapy",1,0,2,0,1,4,8
"protocols/genitourinary/00233-enzalutamide.json","nccp-00233-v7","Enzalutamide Monotherapy",0,0,0,0,0,1,1
"protocols/genitourinary/00257-radium-223.json","nccp-00257-v8","Radium-223 Therapy",4,0,0,0,0,1,5
"protocols/genitourinary/00282-gemcitabine-and-cisplatin-70-mg-m-28-day.json","nccp-00282-v5","Gemcitabine and Cisplatin 70 mg/m² – 28 day",4,0,2,0,1,3,10
"protocols/genitourinary/00313-docetaxel-50-q14d.json","nccp-00313-v5","Docetaxel Monotherapy 50 mg/m² – 14 day cycle",3,0,0,0,0,4,7
"protocols/genitourinary/00326-temsirolimus-therapy.json","nccp-00326-v4","Temsirolimus Therapy",1,0,2,1,1,3,8
"protocols/genitourinary/00333-dose-dense-methotrexate-vinblastine-doxorubicin-and-cisplatin-mvac-14-day.json","nccp-00333-v5a","Dose-dense Methotrexate, Vinblastine, Doxorubicin and Cisplatin (MVAC) – 14 day",4,0,2,0,1,3,10
"protocols/genitourinary/00337-cisplatin-methotrexate-and-vinblastine-cmv-therapy.json","nccp-00337-v5","Cisplatin, Methotrexate and Vinblastine (CMV) Therapy",4,0,2,0,1,3,10
"protocols/genitourinary/00338-methotrexate-vinblastine-doxorubicin-and-cisplatin-mvac-28-day.json","nccp-00338-v5","Methotrexate, Vinblastine, Doxorubicin and Cisplatin (MVAC) – 28 day",4,0,2,0,1,3,10
"protocols/genitourinary/00450-mitomycin-and-5-fluorouracil-with-radiotherapy.json","nccp-00450-v4c","Mitomycin and 5-Fluorouracil with Radiotherapy",4,0,2,0,1,2,9
"protocols/genitourinary/00453-carboplatin-auc-7-and-etoposide-750-mg-m-therapy.json","nccp-00453-v3","Carboplatin AUC 7 and Etoposide 750 mg/m² Therapy",4,1,2,0,1,2,10
"protocols/genitourinary/00477-goserelin-10-8mg-q12weeks.json","nccp-00477-v3","Goserelin 10.8 mg Therapy – 12 weeks",0,0,0,1,0,0,1
"protocols/genitourinary/00478-goserelin-3-6mg-q28days.json","nccp-00478-v3","Goserelin 3.6 mg Therapy – 28 day",0,0,0,1,0,0,1
"protocols/genitourinary/00479-leuprorelin-22-5mg-q12weeks.json","nccp-00479-v3","Leuprorelin 22.5 mg Therapy – 12 weeks",0,0,0,1,0,0,1
"protocols/genitourinary/00480-triptorelin-11-25mg-q12weeks.json","nccp-00480-v3","Triptorelin 11.25 mg Therapy – 12 weeks",0,0,0,1,0,0,1
"protocols/genitourinary/00481-degarelix.json","nccp-00481-v3","Degarelix Therapy",0,0,0,1,0,0,1
"protocols/genitourinary/00482-bicalutamide.json","nccp-00482-v3","Bicalutamide Therapy",0,0,0,0,0,0,0
"protocols/genitourinary/00488-triptorelin-22-5mg-q24weeks.json","nccp-00488-v3","Triptorelin 22.5 mg Therapy – 24 weeks",0,0,0,1,0,0,1
"protocols/genitourinary/00489-triptorelin-3mg-q28days.json","nccp-00489-v3","Triptorelin 3 mg Therapy – 28 day",0,0,0,1,0,0,1
"protocols/genitourinary/00490-leuprorelin-7-5mg-q28days.json","nccp-00490-v3","Leuprorelin 7.5 mg Therapy – 28 day",0,0,0,1,0,0,1
"protocols/genitourinary/00491-leuprorelin-45mg-q24weeks.json","nccp-00491-v3","Leuprorelin 45 mg Therapy – 24 weeks",0,0,0,1,0,0,1
"protocols/genitourinary/00492-leuprorelin-11-25mg-q12weeks.json","nccp-00492-v3","Leuprorelin 11.25 mg Therapy – 12 weeks",0,0,0,1,0,0,1
"protocols/genitourinary/00493-leuprorelin-30mg-q24weeks.json","nccp-00493-v3","Leuprorelin 30 mg Therapy – 24 weeks",0,0,0,1,0,0,1
"protocols/genitourinary/00494-leuprorelin-3-75mg-q28days.json","nccp-00494-v3","Leuprorelin 3.75 mg Therapy – 28 day",0,0,0,1,0,0,1
"protocols/genitourinary/00518-cabozantinib-monotherapy.json","nccp-00518-v2","Cabozantinib Monotherapy",1,0,2,0,1,4,8
"protocols/genitourinary/00535-avelumab-monotherapy.json","nccp-00535-v6b","Avelumab Monotherapy",1,1,2,3,1,5,13
"protocols/genitourinary/00546-docetaxel-prednisolone.json","nccp-00546-v3","Docetaxel 75 mg/m² – Prednisolone Combination Therapy",3,0,0,0,0,4,7
"protocols/genitourinary/00564-tivozanib-monotherapy.json","nccp-00564-v3","Tivozanib Monotherapy",1,0,2,0,1,4,8
"protocols/genitourinary/00574-apalutamide.json","nccp-00574-v4","Apalutamide Therapy",0,0,0,0,0,1,1
"protocols/genitourinary/00577-abiraterone-prednisolone-mhspc.json","nccp-00577-v3","Abiraterone and prednisolone Therapy (mHSPC)",1,1,3,0,1,2,8
"protocols/genitourinary/00583-pembrolizumab-200-mg-and-axitinib-therapy.json","nccp-00583-v3b","Pembrolizumab 200 mg and Axitinib Therapy",1,1,2,3,1,7,15
"protocols/genitourinary/00602-paclitaxel-ifosfamide-and-cisplatin-tip-therapy.json","nccp-00602-v1","Paclitaxel, Ifosfamide and Cisplatin (TIP) Therapy",4,0,2,0,1,6,13
"protocols/genitourinary/00622-gemcitabine-and-cisplatin-35-mg-m-21-day.json","nccp-00622-v3","Gemcitabine and Cisplatin 35 mg/m² – 21 day",4,0,2,0,1,3,10
"protocols/genitourinary/00628-gemcitabine-and-cisplatin-70-mg-m-21-day.json","nccp-00628-v3","Gemcitabine and Cisplatin 70 mg/m² – 21 day",4,0,2,0,1,3,10
"protocols/genitourinary/00693-darolutamide.json","nccp-00693-v2","Darolutamide Therapy",0,0,0,0,0,1,1
"protocols/genitourinary/00759-gemcitabine-100-mg-m-with-radiotherapy.json","nccp-00759-v1","Gemcitabine 100 mg/m² with Radiotherapy",4,0,2,0,1,2,9
"protocols/genitourinary/00807-intravesical-bcg.json","nccp-00807-v2","Intravesical BCG",1,0,2,0,1,3,7
"protocols/genitourinary/00830-relugolix.json","nccp-00830-v3","Relugolix Therapy",0,0,0,0,0,0,0
"protocols/genitourinary/00846-enfortumab-vedotin-monotherapy.json","nccp-00846-v3a","Enfortumab Vedotin Monotherapy",1,0,2,1,1,4,9
"protocols/genitourinary/00848-niraparib-abiraterone-akeega.json","nccp-00848-v2","Niraparib and Abiraterone acetate (Akeega®) and Prednisolone Therapy",0,0,3,0,0,4,7
"protocols/genitourinary/00885-erdafitinib-therapy.json","nccp-00885-v2","Erdafitinib Therapy",1,0,2,0,1,3,7
"protocols/genitourinary/00894-intravesical-gemcitabine-and-docetaxel.json","nccp-00894-v1","Intravesical Gemcitabine and Docetaxel",1,0,2,0,1,4,8
"protocols/genitourinary/00945-enfortumab-vedotin-and-pembrolizumab-therapy.json","nccp-00945-v1","Enfortumab Vedotin and Pembrolizumab Therapy",1,1,2,4,1,7,16
"protocols/gynaecology/00246-methotrexate-8-day-charing-cross-regimen.json","nccp-00246-v5","Methotrexate 8-day Charing Cross Regimen",4,0,2,0,1,3,10
"protocols/gynaecology/00247-dactinomycin-therapy.json","nccp-00247-v4","Dactinomycin Therapy",4,0,2,0,1,3,10
"protocols/gynaecology/00248-ema-co-therapy.json","nccp-00248-v4","EMA/CO Therapy",4,0,2,0,1,3,10
"protocols/gynaecology/00249-intrathecal-methotrexate-for-cns-prophylaxis-in-gtn.json","nccp-00249-v3","Intrathecal Methotrexate for CNS Prophylaxis in GTN",4,0,2,0,1,3,10
"protocols/gynaecology/00264-ema-ep-therapy.json","nccp-00264-v3b","EMA/EP Therapy",4,0,2,0,1,4,11
"protocols/gynaecology/00266-paclitaxel-etoposide-alternating-with-paclitaxel-cisplatin-te-tp-therapy.json","nccp-00266-v4","Paclitaxel/Etoposide alternating with Paclitaxel/Cisplatin (TE/TP) Therapy",4,0,2,0,1,5,12
"protocols/gynaecology/00267-two-day-etoposide-and-cisplatin-ep-therapy.json","nccp-00267-v4","Two-day Etoposide and Cisplatin (EP) Therapy",4,0,2,0,1,4,11
"protocols/gynaecology/00300-bleomycin-etoposide-and-cisplatin-bep-therapy.json","nccp-00300-v7b","Bleomycin, Etoposide and Cisplatin (BEP) Therapy",4,0,2,0,1,4,11
"protocols/gynaecology/00301-etoposide-and-cisplatin-20-mg-m-ep-5-day-therapy.json","nccp-00301-v5","Etoposide and Cisplatin 20 mg/m² (EP) 5-day Therapy",4,0,2,0,1,3,10
"protocols/gynaecology/00303-carboplatin-paclitaxel-21-day.json","nccp-00303-v6","Carboplatin AUC 5–7.5 and Paclitaxel 175 mg/m² Therapy – 21 day",3,1,2,0,1,3,10
"protocols/gynaecology/00306-gemcitabine-carboplatin.json","nccp-00306-v7","Gemcitabine 1000 mg/m² and Carboplatin AUC 4 Therapy — 21 day",3,1,1,0,2,2,9
"protocols/gynaecology/00308-carboplatin-auc-6-and-weekly-paclitaxel-80-mg-m-therapy.json","nccp-00308-v7","Carboplatin AUC 6 and Weekly Paclitaxel 80 mg/m² Therapy",4,1,2,0,1,3,11
"protocols/gynaecology/00312-topotecan-monotherapy-weekly.json","nccp-00312-v5","Topotecan Monotherapy – Weekly",4,0,2,0,1,2,9
"protocols/gynaecology/00375-trabectedin-and-pegylated-liposomal-doxorubicin-therapy.json","nccp-00375-v6","Trabectedin and Pegylated Liposomal Doxorubicin Therapy",4,0,2,0,1,4,11
"protocols/gynaecology/00385-cisplatin-40-mg-m-weekly-with-radiotherapy.json","nccp-00385-v5","Cisplatin 40 mg/m² Weekly with Radiotherapy",4,0,2,0,1,3,10
"protocols/gynaecology/00419-carboplatin-auc-2-weekly-with-radiotherapy.json","nccp-00419-v4","Carboplatin AUC 2 Weekly with Radiotherapy",4,1,2,0,1,2,10
"protocols/gynaecology/00499-gemcitabine-1000-mg-m-carboplatin-auc-4-and-bevacizumab-15-mg-kg-therapy-21-day.json","nccp-00499-v8","Gemcitabine 1000 mg/m², Carboplatin AUC 4 and Bevacizumab 15 mg/kg Therapy – 21 day",4,1,2,0,1,3,11
"protocols/gynaecology/00620-bevacizumab-7-5-mg-kg-carboplatin-auc-5-and-paclitaxel-175-mg-m-therapy.json","nccp-00620-v2","Bevacizumab 7.5 mg/kg, Carboplatin AUC 5 and Paclitaxel 175 mg/m² Therapy",4,1,2,0,1,4,12
"protocols/gynaecology/00624-carboplatin-pegylated-liposomal-doxorubicin.json","nccp-00624-v3","Carboplatin AUC 5 and Pegylated Liposomal Doxorubicin 30 mg/m² Therapy — 28 day",3,1,1,0,2,5,12
"protocols/gynaecology/00676-cisplatin-50-mg-m-chemoradiation-followed-by-carboplatin-auc-5-and-paclitaxel-175-mg-m.json","nccp-00676-v3","Cisplatin 50 mg/m² Chemoradiation followed by Carboplatin AUC 5 and Paclitaxel 175 mg/m²",4,1,2,0,1,4,12
"protocols/gynaecology/00716-bevacizumab-15-mg-kg-carboplatin-auc-5-and-paclitaxel-175-mg-m-therapy.json","nccp-00716-v2","Bevacizumab 15 mg/kg, Carboplatin AUC 5 and Paclitaxel 175 mg/m² Therapy",4,1,2,0,1,4,12
"protocols/gynaecology/00746-olaparib-tablet-and-bevacizumab-therapy.json","nccp-00746-v2","Olaparib (Tablet) and Bevacizumab Therapy",4,0,2,0,1,3,10
"protocols/gynaecology/00766-bevacizumab-carboplatin-paclitaxel.json","nccp-00766-v2","Bevacizumab 15 mg/kg, Paclitaxel 175 mg/m² and Carboplatin AUC 6 Therapy",3,1,2,0,1,4,11
"protocols/gynaecology/00769-bevacizumab-10-mg-kg-and-paclitaxel-80-mg-m-days-1-8-15-and-22.json","nccp-00769-v2","Bevacizumab 10 mg/kg and Paclitaxel 80 mg/m² Days 1, 8, 15 and 22",4,0,2,0,1,4,11
"protocols/gynaecology/00771-bevacizumab-10-mg-kg-and-topotecan-4-mg-m-therapy.json","nccp-00771-v2","Bevacizumab 10 mg/kg and Topotecan 4 mg/m² Therapy",4,0,2,0,1,3,10
"protocols/gynaecology/00772-bevacizumab-10-mg-kg-and-pegylated-liposomal-doxorubicin-40-mg-m-therapy.json","nccp-00772-v3","Bevacizumab 10 mg/kg and Pegylated Liposomal Doxorubicin 40 mg/m² Therapy",4,0,2,0,1,5,12
"protocols/gynaecology/00799-bevacizumab-paclitaxel-cisplatin.json","nccp-00799-v2","Bevacizumab 15 mg/kg, Paclitaxel 175 mg/m² and Cisplatin 50 mg/m² Therapy",5,1,2,0,1,7,16
"protocols/gynaecology/00811-pembrolizumab-paclitaxel-175-mg-m-carboplatin-auc-5-and-bevacizumab-therapy.json","nccp-00811-v2","Pembrolizumab, Paclitaxel 175 mg/m², Carboplatin AUC 5 and Bevacizumab Therapy",4,2,2,6,1,7,22
"protocols/gynaecology/00812-cemiplimab-therapy.json","nccp-00812-v3a","Cemiplimab Therapy",4,1,2,6,1,5,19
"protocols/gynaecology/00817-pembrolizumab-paclitaxel-175-mg-m-and-carboplatin-auc-5-therapy.json","nccp-00817-v2","Pembrolizumab, Paclitaxel 175 mg/m² and Carboplatin AUC 5 Therapy",4,2,2,6,1,6,21
"protocols/gynaecology/00819-dostarlimab-therapy.json","nccp-00819-v2","Dostarlimab Therapy",4,1,2,6,1,5,19
"protocols/gynaecology/00862-niraparib-tablets-monotherapy.json","nccp-00862-v2","Niraparib (Tablets) Monotherapy",6,1,0,0,2,2,11
"protocols/gynaecology/00904-rucaparib-tablets-monotherapy.json","nccp-00904-v1","Rucaparib (Tablets) Monotherapy",4,0,2,0,1,2,9
"protocols/gynaecology/00929-dostarlimab-paclitaxel-and-carboplatin-therapy.json","nccp-00929-v1","Dostarlimab, Paclitaxel and Carboplatin Therapy",4,2,2,6,1,6,21
"protocols/haemato-oncology/plasma-cell/00218-lenalidomide-dexamethasone-28-day.json","nccp-00218-v3","Lenalidomide 25 mg and Dexamethasone — 28 day",5,1,1,0,0,1,8
"protocols/haemato-oncology/plasma-cell/00245-pomalidomide-dexamethasone.json","nccp-00245-v4a","Pomalidomide and Dexamethasone",5,1,1,0,0,1,8
"protocols/haemato-oncology/plasma-cell/00270-bortezomib-dexamethasone.json","nccp-00270-v3a","Bortezomib and dexamethasone Therapy",3,1,1,0,0,4,9
"protocols/haemato-oncology/plasma-cell/00273-cybord-21-day.json","nccp-00273-v3","Cyclophosphamide, Bortezomib and Dexamethasone (CyBorD) — 21 day",4,1,1,0,0,6,12
"protocols/haemato-oncology/plasma-cell/00275-bortezomib-melphalan-prednisolone.json","nccp-00275-v3","Bortezomib, Melphalan and Prednisolone Therapy",3,1,1,0,0,3,8
"protocols/haemato-oncology/plasma-cell/00299-modified-weekly-cybord.json","nccp-00299-v3a","Modified CyBorD — weekly therapy",4,1,1,0,0,6,12
"protocols/haemato-oncology/plasma-cell/00416-rvd-21-day.json","nccp-00416-v4","Bortezomib, Lenalidomide and dexamethasone (RVD) Therapy – 21 day",5,1,1,0,0,4,11
"protocols/haemato-oncology/plasma-cell/00435-bortezomib-maintenance-14-day.json","nccp-00435-v3","Bortezomib Maintenance Therapy – 14 day",4,1,1,0,0,4,10
"protocols/haemato-oncology/plasma-cell/00601-pomalidomide-bortezomib-dexamethasone.json","nccp-00601-v3","Pomalidomide, Bortezomib and Dexamethasone (PVD)",5,1,1,0,0,4,11
"protocols/haemato-oncology/plasma-cell/00604-daratumumab-sc-monotherapy.json","nccp-00604-v2d","Daratumumab SC Monotherapy",4,1,2,0,0,2,9
"protocols/haemato-oncology/plasma-cell/00609-daratumumab-sc-bortezomib-dexamethasone.json","nccp-00609-v4","Daratumumab SC, Bortezomib and Dexamethasone",4,1,2,0,0,5,12
"protocols/haemato-oncology/plasma-cell/00643-rvd-28-day.json","nccp-00643-v3","Bortezomib, Lenalidomide and dexamethasone (RVD) Therapy – 28 day",5,1,1,0,0,4,11
"protocols/haemato-oncology/plasma-cell/00695-daratumumab-sc-weekly-bortezomib-dexamethasone.json","nccp-00695-v2","Daratumumab SC, Weekly Bortezomib and Dexamethasone",4,1,2,0,0,5,12
"protocols/haemato-oncology/plasma-cell/00780-rvd-lite-induction.json","nccp-00780-v2","Bortezomib, Lenalidomide and Dexamethasone (RVD-Lite) Induction",5,1,1,0,0,4,11
"protocols/haemato-oncology/plasma-cell/00854-daratumumab-sc-lenalidomide-dexamethasone.json","nccp-00854-v4","Daratumumab SC, Lenalidomide and Dexamethasone",5,1,2,0,0,2,10
"protocols/head-neck/00242-vandetanib-monotherapy.json","nccp-00242-v6","Vandetanib Monotherapy",2,0,2,0,1,3,8
"protocols/head-neck/00295-lenvatinib-dtc-therapy.json","nccp-00295-v6","Lenvatinib DTC Therapy",2,0,2,0,1,3,8
"protocols/head-neck/00314-cisplatin-and-5-fluorouracil-28-day.json","nccp-00314-v4b","Cisplatin and 5-Fluorouracil – 28 day",5,1,4,0,1,3,14
"protocols/head-neck/00315-docetaxel-75-cisplatin-75-and-5-fluorouracil-1000-induction-tpf.json","nccp-00315-v7a","Docetaxel 75, Cisplatin 75 and 5-Fluorouracil 1000 – Induction TPF",5,1,4,0,1,4,15
"protocols/head-neck/00323-docetaxel-75-cisplatin-100-and-5-fluorouracil-1000-tcf-chemoradiation.json","nccp-00323-v7b","Docetaxel 75, Cisplatin 100 and 5-Fluorouracil 1000 (TCF) Chemoradiation",5,2,4,0,1,4,16
"protocols/head-neck/00324-docetaxel-75-cisplatin-75-5-fluorouracil-750-tcf-and-radiotherapy.json","nccp-00324-v6b","Docetaxel 75, Cisplatin 75, 5-Fluorouracil 750 (TCF) and Radiotherapy",5,1,4,0,1,4,15
"protocols/head-neck/00332-carboplatin-auc-1-5-chemoradiation-7-day.json","nccp-00332-v4","Carboplatin AUC 1.5 Chemoradiation – 7 day",5,1,2,0,1,1,10
"protocols/head-neck/00387-cisplatin-100-mg-m-with-radiotherapy.json","nccp-00387-v5","Cisplatin 100 mg/m² with Radiotherapy",5,1,2,0,1,2,11
"protocols/head-neck/00417-cetuximab-cisplatin-100-mg-m-and-5-fluorouracil-21-day.json","nccp-00417-v7","Cetuximab, Cisplatin 100 mg/m² and 5-Fluorouracil – 21 day",5,1,4,0,1,5,16
"protocols/head-neck/00418-cetuximab-carboplatin-auc-5-and-5-fluorouracil-21-day.json","nccp-00418-v7","Cetuximab, Carboplatin AUC 5 and 5-Fluorouracil – 21 day",5,1,4,0,1,4,15
"protocols/head-neck/00514-gemcitabine-1250-mg-m-monotherapy-21-day.json","nccp-00514-v3","Gemcitabine 1250 mg/m² Monotherapy – 21 day",5,1,2,0,1,2,11
"protocols/head-neck/00517-gemcitabine-1250-mg-m-and-cisplatin-80-mg-m-21-day.json","nccp-00517-v2","Gemcitabine 1250 mg/m² and Cisplatin 80 mg/m² – 21 day",5,2,2,0,1,3,13
"protocols/head-neck/00552-carboplatin-auc-5-and-5-fluorouracil-1000-mg-m-day-28-day.json","nccp-00552-v6","Carboplatin AUC 5 and 5-Fluorouracil 1000 mg/m²/day – 28 day",5,1,4,0,1,2,13
"protocols/head-neck/00589-carboplatin-70-mg-m-and-5-fluorouracil-600-mg-m-with-radiotherapy.json","nccp-00589-v4","Carboplatin 70 mg/m² and 5-Fluorouracil 600 mg/m² with Radiotherapy",5,1,4,0,1,2,13
"protocols/head-neck/00591-carboplatin-auc-4-and-5-fluorouracil-600-mg-m-with-radiotherapy.json","nccp-00591-v3","Carboplatin AUC 4 and 5-Fluorouracil 600 mg/m² with Radiotherapy",5,1,4,0,1,2,13
"protocols/head-neck/00615-cyclophosphamide-doxorubicin-and-cisplatin-21-day.json","nccp-00615-v2","Cyclophosphamide, Doxorubicin and Cisplatin – 21 day",5,1,2,0,1,2,11
"protocols/head-neck/00696-paclitaxel-days-1-8-and-15-with-cetuximab-days-1-and-15-28-day.json","nccp-00696-v2","Paclitaxel Days 1, 8 and 15 with Cetuximab Days 1 and 15 – 28 day",5,0,2,0,1,4,12
"protocols/head-neck/00705-pembrolizumab-carboplatin-auc-5-and-5-fluorouracil.json","nccp-00705-v2d","Pembrolizumab, Carboplatin AUC 5 and 5-Fluorouracil",5,1,4,3,1,8,22
"protocols/head-neck/00706-pembrolizumab-cisplatin-and-5-fluorouracil.json","nccp-00706-v3","Pembrolizumab, Cisplatin and 5-Fluorouracil",5,1,4,3,1,9,23
"protocols/head-neck/00893-methotrexate-40-mg-m-monotherapy-28-day.json","nccp-00893-v1","Methotrexate 40 mg/m² Monotherapy – 28 day",5,1,3,0,1,2,12
"protocols/head-neck/00903-gemcitabine-1000-mg-m-and-cisplatin-80-mg-m-induction.json","nccp-00903-v1","Gemcitabine 1000 mg/m² and Cisplatin 80 mg/m² Induction",5,2,2,0,1,3,13
"protocols/lung/00219-erlotinib-monotherapy.json","nccp-00219-v6","Erlotinib Monotherapy",2,0,2,0,1,3,8
"protocols/lung/00220-gefitinib-monotherapy.json","nccp-00220-v5","Gefitinib Monotherapy",2,0,2,0,1,3,8
"protocols/lung/00221-afatinib-monotherapy.json","nccp-00221-v5","Afatinib Monotherapy",2,0,2,0,1,3,8
"protocols/lung/00222-pemetrexed-monotherapy.json","nccp-00222-v5","Pemetrexed Monotherapy",4,0,0,0,1,3,8
"protocols/lung/00243-crizotinib-monotherapy.json","nccp-00243-v7","Crizotinib Monotherapy",2,0,2,0,1,3,8
"protocols/lung/00271-carboplatin-etoposide.json","nccp-00271-v7","Carboplatin AUC 5 and Etoposide 100 mg/m² Therapy – 21 day",3,1,2,0,1,3,10
"protocols/lung/00280-cisplatin-etoposide.json","nccp-00280-v6","Cisplatin 75 mg/m² and Etoposide 100 mg/m² Therapy – 21 day",3,1,2,0,1,3,10
"protocols/lung/00281-gemcitabine-cisplatin.json","nccp-00281-v7","Gemcitabine 1250 mg/m² and Cisplatin 75 mg/m² Therapy — 21 day",4,1,1,0,2,3,11
"protocols/lung/00304-carboplatin-paclitaxel.json","nccp-00304-v8","Carboplatin AUC 6 and Paclitaxel 200 mg/m² Therapy",3,1,1,0,1,4,10
"protocols/lung/00309-weekly-carboplatin-auc2-and-paclitaxel-50-mg-m2-with-radiotherapy.json","nccp-00309-v6","Weekly Carboplatin AUC2 and Paclitaxel 50 mg/m² with Radiotherapy",4,1,2,0,1,3,11
"protocols/lung/00310-gemcitabine-carboplatin.json","nccp-00310-v7","Gemcitabine 1000 mg/m² and Carboplatin AUC 5 Therapy — 21 day",3,1,1,0,2,2,9
"protocols/lung/00317-pemetrexed-cisplatin.json","nccp-00317-v7","Pemetrexed 500 mg/m² and Cisplatin 75 mg/m² Therapy",5,1,0,0,1,7,14
"protocols/lung/00318-pemetrexed-and-carboplatin-therapy.json","nccp-00318-v6","Pemetrexed and Carboplatin Therapy",4,1,0,0,1,3,9
"protocols/lung/00319-carboplatin-and-oral-etoposide-therapy-21-day.json","nccp-00319-v5","Carboplatin and Oral Etoposide Therapy – 21 day",4,1,1,0,1,1,8
"protocols/lung/00339-vinorelbine-days-1-8-15-and-cisplatin-day-1-21-day.json","nccp-00339-v7","Vinorelbine Days 1, 8, 15 and Cisplatin Day 1 – 21 day",4,0,2,0,1,3,10
"protocols/lung/00340-ceritinib-monotherapy.json","nccp-00340-v4","Ceritinib Monotherapy",2,0,2,0,1,3,8
"protocols/lung/00343-vinorelbine-and-cisplatin-therapy-28-day.json","nccp-00343-v7","Vinorelbine and Cisplatin Therapy – 28 day",4,0,2,0,1,3,10
"protocols/lung/00353-osimertinib-monotherapy.json","nccp-00353-v5","Osimertinib Monotherapy",2,0,2,0,1,3,8
"protocols/lung/00372-nintedanib-therapy-with-docetaxel.json","nccp-00372-v6","Nintedanib Therapy with Docetaxel",4,0,2,0,1,5,12
"protocols/lung/00388-oral-etoposide-therapy.json","nccp-00388-v3","Oral Etoposide Therapy",4,0,1,0,1,1,7
"protocols/lung/00401-alectinib-monotherapy.json","nccp-00401-v6","Alectinib Monotherapy",2,0,2,0,1,3,8
"protocols/lung/00456-cisplatin-50-mg-m2-etoposide-50-mg-m2-and-thoracic-radiotherapy-28-day.json","nccp-00456-v4","Cisplatin 50 mg/m², Etoposide 50 mg/m² and Thoracic Radiotherapy – 28 day",4,0,1,0,1,2,8
"protocols/lung/00544-atezolizumab-1200-mg-monotherapy-21-day.json","nccp-00544-v14","Atezolizumab 1200 mg Monotherapy – 21 day",2,1,2,6,1,4,16
"protocols/lung/00561-carboplatin-auc3-etoposide-50-mg-m2-and-thoracic-radiotherapy-28-day.json","nccp-00561-v4","Carboplatin AUC3, Etoposide 50 mg/m² and Thoracic Radiotherapy – 28 day",4,1,1,0,1,1,8
"protocols/lung/00562-brigatinib-therapy.json","nccp-00562-v3","Brigatinib Therapy",2,0,2,0,1,3,8
"protocols/lung/00565-dacomitinib-monotherapy.json","nccp-00565-v3","Dacomitinib Monotherapy",2,0,2,0,1,3,8
"protocols/lung/00568-pembrolizumab-pemetrexed-and-carboplatin-auc5-therapy.json","nccp-00568-v5","Pembrolizumab, Pemetrexed and Carboplatin AUC5 Therapy",4,2,2,6,1,7,22
"protocols/lung/00569-pembrolizumab-pemetrexed-and-cisplatin-therapy.json","nccp-00569-v5","Pembrolizumab, Pemetrexed and Cisplatin Therapy",4,1,2,6,1,8,22
"protocols/lung/00570-lorlatinib-therapy.json","nccp-00570-v3","Lorlatinib Therapy",2,0,2,0,1,5,10
"protocols/lung/00576-durvalumab-monotherapy-10-mg-kg-14-day.json","nccp-00576-v5","Durvalumab Monotherapy 10 mg/kg – 14 day",2,1,2,6,1,4,16
"protocols/lung/00579-pembrolizumab-paclitaxel-and-carboplatin-auc6-therapy.json","nccp-00579-v5a","Pembrolizumab, Paclitaxel and Carboplatin AUC6 Therapy",4,2,2,6,1,6,21
"protocols/lung/00587-topotecan-oral-monotherapy.json","nccp-00587-v2","Topotecan Oral Monotherapy",4,0,0,0,1,1,6
"protocols/lung/00593-atezolizumab-maintenance.json","nccp-00593-v10a","Atezolizumab 1680 mg Monotherapy – 28 day",2,1,2,6,1,14,26
"protocols/lung/00614-carboplatin-and-vinorelbine-therapy-21-day.json","nccp-00614-v4","Carboplatin and Vinorelbine Therapy – 21 day",4,1,2,0,1,3,11
"protocols/lung/00655-durvalumab-maintenance.json","nccp-00655-v3a","Durvalumab 1500 mg Monotherapy – 28 day",1,1,2,6,1,12,23
"protocols/lung/00689-atezolizumab-carboplatin-etoposide.json","nccp-00689-v4","Atezolizumab, Carboplatin AUC 5 and Etoposide 100 mg/m² — 21 day",5,3,3,6,1,14,32
"protocols/lung/00702-entrectinib-monotherapy-adult.json","nccp-00702-v2","Entrectinib Monotherapy – Adult",2,0,2,0,1,3,8
"protocols/lung/00712-nivolumab-ipilimumab-carboplatin-and-paclitaxel-therapy.json","nccp-00712-v3a","Nivolumab, Ipilimumab, Carboplatin and Paclitaxel Therapy",4,2,2,6,1,6,21
"protocols/lung/00713-nivolumab-ipilimumab-pemetrexed-and-carboplatin-therapy.json","nccp-00713-v4","Nivolumab, Ipilimumab, Pemetrexed and Carboplatin Therapy",4,2,2,6,1,7,22
"protocols/lung/00714-nivolumab-ipilimumab-pemetrexed-and-cisplatin-therapy.json","nccp-00714-v4","Nivolumab, Ipilimumab, Pemetrexed and Cisplatin Therapy",4,1,2,6,1,8,22
"protocols/lung/00792-nivolumab-360-mg-and-ipilimumab-1-mg-kg-therapy.json","nccp-00792-v2","Nivolumab 360 mg and Ipilimumab 1 mg/kg Therapy",2,1,2,6,1,4,16
"protocols/lung/00823-tepotinib-therapy.json","nccp-00823-v2","Tepotinib Therapy",2,0,2,0,1,4,9
"protocols/lung/00849-nivolumab-360-mg-and-platinum-based-chemotherapy.json","nccp-00849-v2","Nivolumab 360 mg and Platinum-Based Chemotherapy",4,1,2,6,1,5,19
"protocols/lung/00908-serplulimab-carboplatin-auc5-and-etoposide-100-mg-m2-21-day.json","nccp-00908-v1a","Serplulimab, Carboplatin AUC5 and Etoposide 100 mg/m² – 21 day",4,2,2,6,1,5,20
"protocols/neuro-oncology/00334-temozolomide-with-radiotherapy-and-adjuvant-therapy.json","nccp-00334-v4","Temozolomide with Radiotherapy and Adjuvant Therapy",4,0,0,0,2,7,13
"protocols/neuro-oncology/00342-temozolomide-recurrent-therapy.json","nccp-00342-v4","Temozolomide Recurrent Therapy",4,0,0,0,2,7,13
"protocols/neuro-oncology/00379-procarbazine-lomustine-and-vincristine-pcv-therapy-42-day.json","nccp-00379-v4","Procarbazine, Lomustine and Vincristine (PCV) Therapy – 42 Day",6,0,2,0,1,5,14
"protocols/neuro-oncology/00461-temozolomide-with-radiotherapy-and-adjuvant-therapy-patients-greater-than-65-years.json","nccp-00461-v3","Temozolomide with Radiotherapy and Adjuvant Therapy – Patients Greater Than 65 Years",4,0,0,0,1,6,11
"protocols/neuro-oncology/00658-procarbazine-lomustine-and-vincristine-pcv-therapy-56-day.json","nccp-00658-v2","Procarbazine, Lomustine and Vincristine (PCV) Therapy – 56 Day",6,0,2,0,1,5,14
"protocols/neuro-oncology/00742-lomustine-and-bevacizumab-5-mg-kg-therapy.json","nccp-00742-v3","Lomustine and Bevacizumab 5 mg/kg Therapy",4,0,0,0,1,6,11
"protocols/neuro-oncology/00804-lomustine-and-bevacizumab-7-5-mg-kg-therapy.json","nccp-00804-v2","Lomustine and Bevacizumab 7.5 mg/kg Therapy",4,0,0,0,1,6,11
"protocols/neuro-oncology/00805-lomustine-130-mg-m2-therapy.json","nccp-00805-v2","Lomustine 130 mg/m² Therapy",4,0,0,0,1,2,7
"protocols/neuro-oncology/00806-cisplatin-lomustine-and-vincristine-clv-therapy.json","nccp-00806-v2","Cisplatin, Lomustine and Vincristine (CLV) Therapy",4,0,1,0,1,2,8
"protocols/neuro-oncology/00813-bevacizumab-5-mg-kg-monotherapy-14-day.json","nccp-00813-v2","Bevacizumab 5 mg/kg Monotherapy – 14 Day",3,0,0,0,1,4,8
"protocols/neuroendocrine/00327-sunitinib-37-5-mg-therapy-28-day.json","nccp-00327-v5","Sunitinib 37.5 mg Therapy – 28 day",5,0,0,0,1,2,8
"protocols/package.json","","",0,0,0,0,0,0,0
"protocols/protocol-schema.json","","",0,0,0,0,0,0,0
"protocols/sarcoma/00100-mifamurtide-therapy.json","nccp-00100-v6","Mifamurtide Therapy",2,0,0,0,1,1,4
"protocols/sarcoma/00335-imatinib-therapy-gist.json","nccp-00335-v4","Imatinib Therapy – GIST",4,0,2,0,1,6,13
"protocols/sarcoma/00374-trabectedin-monotherapy.json","nccp-00374-v4","Trabectedin Monotherapy",4,0,3,0,1,3,11
"protocols/sarcoma/00391-doxorubicin-60-mg-m2-and-ifosfamide-therapy.json","nccp-00391-v5","Doxorubicin 60 mg/m² and Ifosfamide Therapy",5,0,1,0,1,3,10
"protocols/sarcoma/00392-doxorubicin-75-mg-m2-and-ifosfamide-therapy.json","nccp-00392-v5","Doxorubicin 75 mg/m² and Ifosfamide Therapy",5,0,1,0,1,3,10
"protocols/sarcoma/00420-doxorubicin-25-mg-m2-day-and-cisplatin-100-mg-m2-therapy-21-day.json","nccp-00420-v4","Doxorubicin 25 mg/m²/day and Cisplatin 100 mg/m² Therapy – 21 day",4,0,1,0,1,3,9
"protocols/sarcoma/00462-pegylated-liposomal-doxorubicin-20-mg-m2-21-day.json","nccp-00462-v4","Pegylated Liposomal Doxorubicin 20 mg/m² – 21 day",4,0,1,0,1,5,11
"protocols/sarcoma/00463-map-therapy-methotrexate-doxorubicin-and-cisplatin.json","nccp-00463-v4","MAP Therapy – Methotrexate, Doxorubicin and Cisplatin",5,1,1,0,1,3,11
"protocols/sarcoma/00500-doxorubicin-75-mg-m2-monotherapy.json","nccp-00500-v3","Doxorubicin 75 mg/m² Monotherapy",4,0,1,0,1,2,8
"protocols/sarcoma/00501-gemcitabine-and-docetaxel-therapy-21-day.json","nccp-00501-v4","Gemcitabine and Docetaxel Therapy – 21 day",4,0,4,0,1,4,13
"protocols/sarcoma/00504-irinotecan-and-temozolomide-therapy-21-day.json","nccp-00504-v2","Irinotecan and Temozolomide Therapy – 21 day",4,0,1,0,1,4,10
"protocols/sarcoma/00511-dacarbazine-1-2-g-m2-therapy-21-day.json","nccp-00511-v2","Dacarbazine 1.2 g/m² Therapy – 21 day",4,0,0,0,1,2,7
"protocols/sarcoma/00554-vinblastine-and-methotrexate-therapy.json","nccp-00554-v2","Vinblastine and Methotrexate Therapy",4,0,1,0,1,3,9
"protocols/sarcoma/00596-ifosfamide-and-etoposide-ie-therapy.json","nccp-00596-v2","Ifosfamide and Etoposide (IE) Therapy",5,0,1,0,1,3,10
"protocols/sarcoma/00675-ie-vac-therapy-two-weekly-intervals.json","nccp-00675-v2","IE–VAC Therapy – Two Weekly Intervals",5,0,1,0,1,4,11
"protocols/sarcoma/00680-high-dose-ifosfamide-therapy-21-day.json","nccp-00680-v2","High Dose Ifosfamide Therapy – 21 day",5,0,0,0,1,3,9
"protocols/sarcoma/00747-ie-vac-therapy-three-weekly-intervals.json","nccp-00747-v2","IE–VAC Therapy – Three Weekly Intervals",5,0,1,0,1,4,11
"protocols/sarcoma/00754-ifosfamide-vincristine-doxorubicin-and-dactinomycin-ivado-therapy.json","nccp-00754-v3","Ifosfamide, Vincristine, Doxorubicin and Dactinomycin (IVADo) Therapy",5,0,2,0,1,4,12
"protocols/sarcoma/00757-vincristine-irinotecan-and-temozolomide-vit-therapy.json","nccp-00757-v2","Vincristine, Irinotecan and Temozolomide (VIT) Therapy",4,0,1,0,1,6,12
"protocols/shared/00214-bevacizumab-7-5-mg-kg-21-days.json","nccp-00214-v8","Bevacizumab 7.5 mg/kg – 21 days",2,0,0,0,1,1,4
"protocols/shared/00215-bevacizumab-15mgkg.json","nccp-00215-v7","Bevacizumab 15 mg/kg Therapy — 21 days",1,0,0,0,1,4,6
"protocols/shared/00226-paclitaxel-monotherapy-weekly.json","nccp-00226-v9","Paclitaxel Monotherapy 80mg/m² Day 1, 8, 15 and 22 – 28 Day",3,0,2,0,3,3,11
"protocols/shared/00279-cisplatin-75-mg-m2-etoposide-100-mg-m2-and-radiotherapy-21-day.json","nccp-00279-v7","Cisplatin 75 mg/m², Etoposide 100 mg/m² and Radiotherapy – 21 day",4,0,1,0,1,2,8
"protocols/shared/00284-gemcitabine-1000-mg-m2-monotherapy-28-day.json","nccp-00284-v5","Gemcitabine 1000 mg/m² Monotherapy – 28 day",4,0,0,0,2,1,7
"protocols/shared/00311-topotecan-monotherapy-5-day.json","nccp-00311-v4","Topotecan Monotherapy – 5 day",4,0,0,0,1,1,6
"protocols/shared/00320-everolimus-monotherapy.json","nccp-00320-v6","Everolimus Monotherapy",2,0,2,0,1,3,8
"protocols/shared/00325-sunitinib-50-mg-therapy-42-day.json","nccp-00325-v6","Sunitinib 50 mg Therapy – 42 day",2,0,2,0,1,3,8
"protocols/shared/00445-pazopanib-monotherapy.json","nccp-00445-v3","Pazopanib Monotherapy",4,0,3,0,1,5,13
"protocols/shared/00455-pembrolizumab-200-mg-monotherapy.json","nccp-00455-v15b","Pembrolizumab 200 mg Monotherapy",2,1,2,6,1,3,15
"protocols/shared/00483-nivolumab-monotherapy-14-day.json","nccp-00483-v13a","Nivolumab Monotherapy – 14 day",2,1,2,6,1,3,15
"protocols/shared/00484-nivolumab-monotherapy-28-day.json","nccp-00484-v13a","Nivolumab Monotherapy – 28 day",2,1,2,6,1,3,15
"protocols/shared/00551-nivolumab-3-mg-kg-with-ipilimumab-1-mg-kg-therapy.json","nccp-00551-v7","Nivolumab 3 mg/kg with Ipilimumab 1 mg/kg Therapy",2,1,2,5,1,3,14
"protocols/shared/00558-pembrolizumab-400mg-monotherapy.json","nccp-00558-v12b","Pembrolizumab 400 mg Monotherapy",1,1,3,6,1,12,24
"protocols/shared/00588-olaparib-tablet-monotherapy.json","nccp-00588-v5b","Olaparib (Tablet) Monotherapy",3,1,0,0,1,2,7
"protocols/shared/00592-atezolizumab-840-mg-monotherapy-14-day.json","nccp-00592-v3","Atezolizumab 840 mg Monotherapy – 14 day",2,1,2,6,1,4,16
"protocols/shared/00719-sunitinib-50-mg-therapy-21-day.json","nccp-00719-v2","Sunitinib 50 mg Therapy – 21 day",2,0,2,0,1,3,8
"protocols/skin/00102-vemurafenib-monotherapy.json","nccp-00102-v6","Vemurafenib Monotherapy",4,0,2,0,1,3,10
"protocols/skin/00105-ipilimumab-monotherapy.json","nccp-00105-v7","Ipilimumab Monotherapy",2,1,2,3,1,6,15
"protocols/skin/00236-vismodegib-monotherapy.json","nccp-00236-v3","Vismodegib Monotherapy",3,0,2,0,1,2,8
"protocols/skin/00237-dabrafenib-monotherapy.json","nccp-00237-v6","Dabrafenib Monotherapy",4,0,2,0,1,3,10
"protocols/skin/00373-cobimetinib-and-vemurafenib-therapy.json","nccp-00373-v3","Cobimetinib and Vemurafenib Therapy",4,0,2,0,1,3,10
"protocols/skin/00415-trametinib-and-dabrafenib-therapy.json","nccp-00415-v4","Trametinib and Dabrafenib Therapy",4,0,2,0,1,3,10
"protocols/skin/00431-nivolumab-1-mg-kg-and-ipilimumab-3-mg-kg-therapy.json","nccp-00431-v10","Nivolumab 1 mg/kg and Ipilimumab 3 mg/kg Therapy",2,1,2,3,1,6,15
"protocols/skin/00464-dacarbazine-therapy.json","nccp-00464-v3","Dacarbazine Therapy",6,1,2,0,1,2,12
"protocols/skin/00563-encorafenib-and-binimetinib-therapy.json","nccp-00563-v3","Encorafenib and Binimetinib Therapy",4,0,2,0,1,3,10
"protocols/tumour-agnostic/00758-larotrectinib-monotherapy-adult.json","nccp-00758-v3","Larotrectinib Monotherapy – Adult",2,0,2,0,1,3,8
