id,severity,domain,original_title,v0680_status,v0680_disposition
F001,High,Source fidelity,Docetaxel 100 mg/m2 protocol has an incorrect ANC boundary and an unsupported platelet rule,Resolved,"NCCP 00202 rebuilt against the current source with corrected ANC handling, removal of unsupported platelet treatment logic, hepatic pathways and source defined toxicity handling."
F002,High,Source fidelity,"Weekly paclitaxel plus trastuzumab has an incorrect platelet threshold and missing cardiac, hepatic and toxicity pathways",Resolved,"NCCP 00815 rebuilt with the source platelet bands, LVEF assessment, hepatic assessment and toxicity pathways."
F003,High,Source fidelity,AT 50/75 has an incorrect ANC threshold and broad underencoding,Resolved,NCCP 00423 rebuilt with the corrected ANC boundary and broader organ and toxicity context.
F004,High,Source fidelity,"CMF oral omits the NCCP 75 percent haematology band, DPD logic and organ function tables",Resolved,"NCCP 00377 rebuilt with the intermediate haematology dose band, DPD pathway and component specific renal and hepatic logic."
F005,High,Source fidelity,CMF IV 28 day is materially underencoded,Resolved,"NCCP 00378 rebuilt with the intermediate haematology dose band, DPD pathway and component specific renal and hepatic logic."
F006,High,Source fidelity,CMF IV 21 day is materially underencoded,Resolved,"NCCP 00381 rebuilt with the intermediate haematology dose band, DPD pathway and component specific renal and hepatic logic."
F007,High,Source fidelity,"EC90 lacks source defined renal, hepatic and cardiac context",Resolved,"NCCP 00262 now includes source reconciled renal, hepatic and cardiac context. Tiered renal thresholds use a protocol specific selector."
F008,High,Source fidelity,EC75 lacks source defined organ and cardiac context,Resolved,"NCCP 00263 now includes source reconciled renal, hepatic and cardiac context. Tiered renal thresholds use a protocol specific selector."
F009,High,Source fidelity,"FEC50 lacks DPD, organ function and occurrence based haematology logic",Resolved,"NCCP 00269 now includes DPD, component specific organ function and detailed haematology logic."
F010,High,Source fidelity,"Eribulin 28 day omits source defined dose reduction, renal, hepatic and nonhaematological toxicity pathways",Resolved,"NCCP 00743 now includes phase specific haematology, recurrent dose level logic, renal and Child Pugh pathways and severe non haematological toxicity handling."
F011,High,Source fidelity,Gemcitabine 800 monotherapy is materially underencoded,Resolved,"NCCP 00749 now includes cycle day specific haematology, renal and bilirubin context, dialysis timing review and severe toxicity handling."
F012,High,Clinical semantics,Assessment completeness can mean only that all encoded rules were evaluable,Resolved,Visible completeness wording has been replaced by Encoded rule coverage wording so source completeness is not implied.
F013,High,Governance,Most protocols do not expose a meaningful encoding maturity status,Resolved,All 376 active protocols now carry an explicit encoding maturity state. Legacy records are conservatively labelled as pending full source fidelity review.
F014,High,Rule integrity,Exact duplicate conditions can produce different action types,Resolved,The audit now uses component aware conflict logic. Thirty five exact condition groups remain because different drug components legitimately require different actions. Zero exact condition conflicts remain for overlapping components.
F015,High,Rule integrity,Modified FOLFIRINOX contains a rule where the named field is ignored by engine precedence,Resolved,The modified FOLFIRINOX hand foot syndrome rule now evaluates the intended field and no longer mixes condition syntaxes.
F016,Medium,Rule integrity,Ten select rule conditions can never be selected by the current input options,Resolved,The ten stale unreachable cisplatin select rules were removed. The current integrity audit reports zero unreachable select values.
F017,Medium,Rule provenance,A substantial number of rules lack encoded source provenance,Structurally resolved,Every active rule now contains a source object. Legacy source objects explicitly state when full source fidelity reconciliation is still pending.
F018,Medium,Explainability,A substantial number of rules lack explicit explanations,Structurally resolved,Every active rule now contains an explanation. Source reconciled explanations remain distinct from conservative legacy explanations.
F019,Medium,Input semantics,Many visible inputs are not linked to deterministic rules or required dependencies,Resolved,"Every visible input now has an explicit role of decision, monitoring, context or documentation. This distinguishes rule driving inputs from informative fields."
F020,Medium,Class screening,Fluoropyrimidine protocols show a residual DPD coverage review queue,Open screening queue,The corrected breast fluoropyrimidine records were reconciled. Three residual DPD screening signals remain and require current source confirmation before any rule change.
F021,Medium,Class screening,Several HER2 and anthracycline protocols lack explicit cardiac inputs,Open screening queue,Several corrected breast records now include cardiac context. Residual HER2 and anthracycline cardiac screening signals remain for source review.
F022,Medium,Class screening,Several taxane protocols lack explicit hepatic input coverage,Open screening queue,The source reconciled breast taxane records now include hepatic context where required. A residual taxane hepatic screening queue remains for source review.
F023,Medium,Class screening,Immune checkpoint inhibitor endocrine monitoring is not uniform,Open screening queue,Immunotherapy endocrine screening remains deliberately optional and immunotherapy specific. Ten residual platform screening signals remain for current source review.
F024,Medium,Context mapping,Three shared indication mappings remain unresolved,Corrected audit interpretation,"Primary source recheck showed that NCCP 00212 does not include Lung. The earlier audit signal was a false positive and Lung was removed. NCCP 00215 is correctly cross listed to Breast, Gynaecology, Gastrointestinal and Lung."
F025,Medium,Source currency,The Change Tracker has not yet completed its first live NCCP source comparison,Open operational dependency,The first complete live NCCP source comparison has not completed in this build environment. The clinician interface must continue to show the source check as pending until a successful source inspection occurs.
F026,Medium,Change governance,Closed change history is not yet fully persistent in the reader facing tracker,Open product enhancement,"The tracker still needs a permanent reader facing archive of closed changes with reviewer, rationale and applied release."
F027,Medium,Security,The regimen search writes raw user query text into innerHTML,Resolved,Regimen search no longer interpolates raw query text into innerHTML. Search status content is built with text nodes.
F028,Medium,Architecture,Legacy clinical screens and hard coded assessment logic remain in the production index,Open architectural debt,Legacy hidden clinical screens and hard coded historical logic remain in the production page. They are not the preferred workflow but should be removed in a future architecture cleanup.
F029,Low,Clinician interface,Protocol Importer exposes internal publication mechanics and obsolete module version labels,Resolved for clinician interface,The protocol preview remains inside developer tools and visible wording no longer exposes publication mechanics or repository instructions.
F030,Low,Versioning and cache,Some public assets still use historical module cache keys without the cumulative app key,Resolved,All active local JavaScript and CSS assets now carry the cumulative v0.68.0 application cache key.
F031,Medium,Metadata,Source review and record identity metadata are incomplete,Partially resolved,All 376 active protocols now carry a canonical protocol identifier. Source checked dates remain absent on 193 records and NCCP review dates remain absent on 253 records because dates were not fabricated without source confirmation.
F032,Low,Catalogue metadata,Most regimen cards still carry nonblocking metadata review debt,Open low priority metadata debt,"Seventy regimen cards are metadata complete and 306 retain nonblocking review items, mainly duration, intent or cycle interval."
F033,Low,Knowledge base,Evidence relationship taxonomy is inconsistent,Resolved,The active knowledge base now uses a controlled evidence relationship taxonomy.
F034,Low,Knowledge base,Duplicate evidence objects exist,Partially resolved,All evidence records now carry canonical evidence identifiers so repeated publications share identity. Physical duplicate evidence objects remain and can be normalised later without affecting the current reader experience.
F035,Low,Knowledge base,Five evidence records lack the newer structured trial fields,Resolved,"All 66 current evidence records now contain structured population, intervention, comparator, primary endpoint and key findings fields."
F036,Low,Build hygiene,Historical knowledge data are shipped in the production site,Resolved,The production site build now publishes only the current knowledge data file. Historical knowledge data remain in development history but are not shipped in the active static site.
F037,Low,Accessibility,Legacy hidden screens account for most remaining unlabelled controls,Open low priority accessibility debt,"The modern generic workflow is labelled and keyboard oriented, but legacy hidden screens still account for most remaining form label debt."
F038,Low,Privacy,Validation notes can persist locally and be exported as free text,Mitigated,"The validation workspace carries a stronger no patient identifier warning and now requires an explicit identifier free confirmation before JSON or CSV export. Free text remains possible, so reviewer discipline is still required."
F039,Observation,Supportive care,National antiemetic migration is complete in active supportive care links,Preserved positive control,National NCCP antiemetic guidance remains the active supportive care destination and the existing emetogenic traffic light model is preserved.
F040,Observation,Source provenance,All active protocols point to official HSE source domains,Preserved positive control,Active source links continue to use official HSE domains. Source currency still depends on the successful change tracker inspection.
F041,Observation,Validation boundary,No active protocol is marked as clinically authorised,Preserved positive control,No active protocol is marked as clinically authorised. Formal validation remains pending.
F042,Observation,Technical testing,The existing cumulative automated suite is green but does not prove source fidelity,Strengthened but not closed by automation,The cumulative automated suite is green and source fidelity sentinels were added for the high priority reconciliations. Automated testing still cannot prove full clinical source fidelity across all 376 protocols without source by source human review.
