NCCP code,Protocol,Path,Change class
00200,Trastuzumab Intravenous Monotherapy – 21 days,protocols/breast/00200-trastuzumab-iv-q21d.json,Governance and provenance hardening
00201,Trastuzumab Intravenous Monotherapy – 7 days,protocols/breast/00201-trastuzumab-iv-weekly.json,Governance and provenance hardening
00202,Docetaxel Monotherapy 100 mg/m² – 21 day,protocols/breast/00202-docetaxel-100-21-day.json,Direct source fidelity reconciliation
00204,"Pertuzumab, Trastuzumab and Docetaxel Therapy – 21 day cycle",protocols/breast/00204-pertuzumab-trastuzumab-docetaxel.json,Governance and provenance hardening
00206,Trastuzumab Emtansine (T-DM1) Therapy – 21 days,protocols/breast/00206-t-dm1-metastatic.json,Governance and provenance hardening
00217,Lapatinib and Capecitabine Therapy - 21 days,protocols/breast/00217-lapatinib-capecitabine.json,Governance and provenance hardening
00230,nab-Paclitaxel Monotherapy - 21 day,protocols/breast/00230-nab-paclitaxel-q21d.json,Governance and provenance hardening
00250,Docetaxel / Cyclophosphamide (TC) Therapy – 21 day,protocols/breast/00250-docetaxel-cyclophosphamide.json,Governance and provenance hardening
00252,Doxorubicin and Cyclophosphamide (AC 60/600) Therapy – 21 day,protocols/breast/00252-ac-doxorubicin-cyclophosphamide.json,Governance and provenance hardening
00253,Tamoxifen Monotherapy,protocols/breast/00253-tamoxifen.json,Governance and provenance hardening
00254,Anastrozole Monotherapy,protocols/breast/00254-anastrozole-monotherapy.json,Governance and provenance hardening
00258,"Docetaxel, Carboplatin and Trastuzumab (TCH) – 21 days",protocols/breast/00258-tch-docetaxel-carboplatin-trastuzumab.json,Governance and provenance hardening
00260,AC 21-day followed by weekly Paclitaxel (AC-T),protocols/breast/00260-ac-followed-by-weekly-paclitaxel.json,Governance and provenance hardening
00262,Epirubicin 90 and Cyclophosphamide (EC90),protocols/breast/00262-ec90.json,Direct source fidelity reconciliation
00263,Epirubicin 75 and Cyclophosphamide (EC75),protocols/breast/00263-ec75.json,Direct source fidelity reconciliation
00265,"5-Fluorouracil, Epirubicin 100 and Cyclophosphamide (FEC100)",protocols/breast/00265-fec100.json,Governance and provenance hardening
00269,"5-Fluorouracil, Epirubicin 50 and Cyclophosphamide (FEC50)",protocols/breast/00269-fec50.json,Direct source fidelity reconciliation
00272,Trastuzumab Subcutaneous 21 days – Metastatic Breast Cancer,protocols/breast/00272-trastuzumab-sc-q21d-metastatic.json,Governance and provenance hardening
00278,Dose-dense AC followed by Paclitaxel 175 mg/m² every 14 days,protocols/breast/00278-dose-dense-ac-paclitaxel-14-day.json,Governance and provenance hardening
00285,Trastuzumab Subcutaneous 21 days – Early Breast Cancer,protocols/breast/00285-trastuzumab-sc-q21d-ebc.json,Governance and provenance hardening
00316,Dose-dense AC followed by Paclitaxel every 14 days and Trastuzumab,protocols/breast/00316-ddac-paclitaxel-14-day-trastuzumab.json,Governance and provenance hardening
00322,Everolimus and Exemestane Therapy,protocols/breast/00322-everolimus-exemestane.json,Governance and provenance hardening
00348,Carboplatin AUC 6 and weekly Paclitaxel followed by dose-dense AC,protocols/breast/00348-carbo-auc6-paclitaxel-ddac.json,Governance and provenance hardening
00350,Pertuzumab and Trastuzumab with Chemotherapy,protocols/breast/00350-pertuzumab-trastuzumab-chemotherapy.json,Governance and provenance hardening
00361,Fulvestrant Monotherapy,protocols/breast/00361-fulvestrant-monotherapy.json,Governance and provenance hardening
00371,Letrozole Monotherapy,protocols/breast/00371-letrozole-monotherapy.json,Governance and provenance hardening
00376,Exemestane Monotherapy,protocols/breast/00376-exemestane-monotherapy.json,Governance and provenance hardening
00377,"Cyclophosphamide (oral), Methotrexate and 5-Fluorouracil (CMF)",protocols/breast/00377-cmf-oral.json,Direct source fidelity reconciliation
00378,"Cyclophosphamide (IV), Methotrexate and 5-Fluorouracil (CMF) – 28 day",protocols/breast/00378-cmf-iv-28-day.json,Direct source fidelity reconciliation
00381,"Cyclophosphamide (IV), Methotrexate and 5-Fluorouracil (CMF) – 21 day",protocols/breast/00381-cmf-iv-21-day.json,Direct source fidelity reconciliation
00414,Palbociclib Therapy - 28 day,protocols/breast/00414-palbociclib.json,Governance and provenance hardening
00423,Doxorubicin 50 mg/m² and Docetaxel 75 mg/m² (AT 50/75),protocols/breast/00423-at-doxorubicin-docetaxel.json,Direct source fidelity reconciliation
00430,Gemcitabine and Carboplatin AUC2 - 21 day,protocols/breast/00430-gemcitabine-carboplatin.json,Governance and provenance hardening
00432,AC followed by weekly Paclitaxel and weekly Trastuzumab (AC-TH),protocols/breast/00432-ac-weekly-paclitaxel-trastuzumab.json,Governance and provenance hardening
00433,Dose-dense AC followed by weekly Paclitaxel and weekly Trastuzumab,protocols/breast/00433-ddac-weekly-paclitaxel-trastuzumab.json,Governance and provenance hardening
00485,Dose-dense AC followed by weekly Paclitaxel,protocols/breast/00485-dose-dense-ac-weekly-paclitaxel.json,Governance and provenance hardening
00507,"Pertuzumab, Trastuzumab and Weekly Paclitaxel - 21 day",protocols/breast/00507-pertuzumab-trastuzumab-paclitaxel.json,Governance and provenance hardening
00512,Paclitaxel 80 mg/m² and Trastuzumab Therapy – 7 day (12 weeks),protocols/breast/00512-paclitaxel-trastuzumab-weekly.json,Governance and provenance hardening
00525,Ribociclib Therapy (Metastatic) - 28 day,protocols/breast/00525-ribociclib-metastatic.json,Governance and provenance hardening
00526,"Pertuzumab, Trastuzumab and Vinorelbine - 21 day",protocols/breast/00526-pertuzumab-trastuzumab-vinorelbine.json,Rule integrity correction
00545,Zoledronic Acid Monotherapy,protocols/breast/00545-zoledronic-acid-adjuvant.json,Governance and provenance hardening
00605,Talazoparib Therapy,protocols/breast/00605-talazoparib.json,Governance and provenance hardening
00619,Abemaciclib with endocrine therapy – adjuvant,protocols/breast/00619-abemaciclib-adjuvant.json,Governance and provenance hardening
00659,Trastuzumab Emtansine (Kadcyla®) Early Breast Cancer Therapy - 21 days,protocols/breast/00659-t-dm1-early-breast.json,Governance and provenance hardening
00688,Atezolizumab and nab-Paclitaxel,protocols/breast/00688-atezolizumab-nab-paclitaxel.json,Governance and provenance hardening
00720,Neratinib Therapy,protocols/breast/00720-neratinib-extended-adjuvant.json,Governance and provenance hardening
00722,"Docetaxel, Carboplatin, Trastuzumab and Pertuzumab (TCHP) Therapy",protocols/breast/00722-tchp-docetaxel-carboplatin-trastuzumab-pertuzumab.json,Governance and provenance hardening
00726,Pertuzumab and Trastuzumab Therapy,protocols/breast/00726-pertuzumab-trastuzumab-maintenance.json,Governance and provenance hardening
00731,"Docetaxel, Carboplatin, Trastuzumab SC and Pertuzumab",protocols/breast/00731-tch-subcutaneous-p.json,Governance and provenance hardening
00734,Weekly Carboplatin AUC 2 and Paclitaxel followed by dose-dense AC,protocols/breast/00734-weekly-carbo-paclitaxel-ddac.json,Governance and provenance hardening
00736,nab-Paclitaxel Weekly Monotherapy - 28 day,protocols/breast/00736-nab-paclitaxel-weekly.json,Governance and provenance hardening
00738,Bevacizumab 10 mg/kg and Paclitaxel 80 mg/m2,protocols/breast/00738-bevacizumab-paclitaxel.json,Governance and provenance hardening
00743,Eribulin Monotherapy – 28 day,protocols/breast/00743-eribulin-monotherapy-28-day.json,Direct source fidelity reconciliation
00745,Dose-dense AC followed by weekly Paclitaxel and Trastuzumab every 21 days,protocols/breast/00745-ddac-weekly-paclitaxel-trastuzumab-q21d.json,Governance and provenance hardening
00749,Gemcitabine 800 mg/m² Monotherapy – 28 day,protocols/breast/00749-gemcitabine-800-monotherapy.json,Direct source fidelity reconciliation
00775,"Pertuzumab, Trastuzumab, Paclitaxel and Carboplatin (TRAIN-2)",protocols/breast/00775-pertuzumab-trastuzumab-paclitaxel-carboplatin-train2.json,Governance and provenance hardening
00776,Trastuzumab Deruxtecan 5.4 mg/kg (Enhertu) Therapy,protocols/breast/00776-trastuzumab-deruxtecan.json,Governance and provenance hardening
00785,Pertuzumab and Trastuzumab (Phesgo®) Maintenance Therapy,protocols/breast/00785-phesgo-maintenance.json,Governance and provenance hardening
00789,"Docetaxel, Carboplatin and Pertuzumab/Trastuzumab (Phesgo) TCHP",protocols/breast/00789-phesgo-tchp.json,Governance and provenance hardening
00790,"Pertuzumab/Trastuzumab (Phesgo), Paclitaxel and Carboplatin (TRAIN-2)",protocols/breast/00790-phesgo-paclitaxel-carboplatin-train2.json,Governance and provenance hardening
00794,Sacituzumab Govitecan Therapy,protocols/breast/00794-sacituzumab-govitecan.json,Governance and provenance hardening
00796,Pertuzumab/Trastuzumab (Phesgo®) and Docetaxel Therapy,protocols/breast/00796-phesgo-docetaxel.json,Governance and provenance hardening
00797,Pertuzumab/Trastuzumab (Phesgo®) and Weekly Paclitaxel Therapy,protocols/breast/00797-phesgo-paclitaxel.json,Governance and provenance hardening
00798,Pertuzumab/Trastuzumab (Phesgo®) and Vinorelbine Therapy,protocols/breast/00798-phesgo-vinorelbine.json,Rule integrity correction
00815,Paclitaxel 80 mg/m² weekly and Trastuzumab 21-day,protocols/breast/00815-paclitaxel-weekly-trastuzumab-3weekly.json,Direct source fidelity reconciliation
00857,"Pembrolizumab, Carboplatin AUC 5 and weekly Paclitaxel 80 mg/m² followed by Doxorubicin and Cyclophosphamide (AC 60/600) Therapy",protocols/breast/00857-pembro-carbo-paclitaxel-ac.json,Governance and provenance hardening
00858,"Pembrolizumab 200 mg, weekly Carboplatin AUC 1.5 and Paclitaxel 80 mg/m² followed by Doxorubicin and Cyclophosphamide Therapy",protocols/breast/00858-pembro-weekly-carbo-paclitaxel-ac.json,Governance and provenance hardening
00860,"Pembrolizumab 400 mg, Carboplatin AUC 5 and weekly Paclitaxel followed by dose-dense AC",protocols/breast/00860-pembro400-carbo-paclitaxel-ddac.json,Governance and provenance hardening
00861,"Pembrolizumab 400 mg, weekly Carboplatin AUC 1.5 and Paclitaxel followed by dose-dense AC",protocols/breast/00861-pembro400-weekly-carbo-paclitaxel-ddac.json,Governance and provenance hardening
00892,Ribociclib Therapy (Adjuvant) - 28 day,protocols/breast/00892-ribociclib-adjuvant.json,Governance and provenance hardening
00936,"Tucatinib, Trastuzumab and Capecitabine Therapy - 21 days",protocols/breast/00936-tucatinib-trastuzumab-capecitabine.json,Governance and provenance hardening
00212,Bevacizumab 10 mg/kg – 14 days,protocols/breast/00212-bevacizumab-q14d.json,Context or source identity correction
00203,Docetaxel Monotherapy 75 mg/m² – 21 day cycle,protocols/breast/00203-docetaxel-75-21-day.json,Governance and provenance hardening
00226,"Paclitaxel Monotherapy 80mg/m² Day 1, 8, 15 and 22 – 28 Day",protocols/shared/00226-paclitaxel-monotherapy-weekly.json,Governance and provenance hardening
00621,"Paclitaxel 80 mg/m² Days 1, 8 and 15 – 28 day",protocols/breast/00621-paclitaxel-weekly-3-of-4.json,Governance and provenance hardening
00251,Carboplatin AUC 4-6 Monotherapy - 28 day,protocols/breast/00251-carboplatin-q28d.json,Governance and provenance hardening
00261,Carboplatin AUC 4-6 Monotherapy - 21 day,protocols/breast/00261-carboplatin-q21d.json,Governance and provenance hardening
00205,Pegylated Liposomal Doxorubicin 50 mg/m² – 28 day,protocols/breast/00205-pegylated-liposomal-doxorubicin.json,Governance and provenance hardening
00259,Oral Vinorelbine Monotherapy - 7 days,protocols/breast/00259-vinorelbine-oral.json,Governance and provenance hardening
00232,Intravenous Vinorelbine Monotherapy - 21 days,protocols/breast/00232-vinorelbine-iv.json,Rule integrity correction
00228,Eribulin Monotherapy,protocols/breast/00228-eribulin-monotherapy.json,Governance and provenance hardening
00209,FOLFOX-6 Modified Therapy – 14 day,protocols/gastrointestinal/00209-modified-folfox6.json,Governance and provenance hardening
00210,FOLFOX-4 Therapy – 14 day,protocols/gastrointestinal/00210-folfox-4-therapy-14-day.json,Governance and provenance hardening
00213,Irinotecan Monotherapy – 21 day,protocols/gastrointestinal/00213-irinotecan-monotherapy-21-day.json,Governance and provenance hardening
00216,Capecitabine Monotherapy,protocols/gastrointestinal/00216-capecitabine-monotherapy.json,Governance and provenance hardening
00225,Panitumumab 6 mg/kg Therapy,protocols/gastrointestinal/00225-panitumumab-6-mg-kg-therapy.json,Governance and provenance hardening
00227,FOLFIRI Therapy - 14 day,protocols/gastrointestinal/00227-folfiri.json,Governance and provenance hardening
00235,Teysuno (S-1) and Cisplatin – 28 day,protocols/gastrointestinal/00235-teysuno-s-1-and-cisplatin-28-day.json,Rule integrity correction
00238,Aflibercept and FOLFIRI Therapy -14 day,protocols/gastrointestinal/00238-aflibercept-folfiri.json,Governance and provenance hardening
00239,"EOX: Epirubicin, Oxaliplatin and Capecitabine Therapy",protocols/gastrointestinal/00239-eox-epirubicin-oxaliplatin-and-capecitabine-therapy.json,Governance and provenance hardening
00240,"ECF: Epirubicin, Cisplatin and 5-Fluorouracil Therapy",protocols/gastrointestinal/00240-ecf-epirubicin-cisplatin-and-5-fluorouracil-therapy.json,Governance and provenance hardening
00256,nab-Paclitaxel and Gemcitabine Therapy -28 day,protocols/gastrointestinal/00256-nab-paclitaxel-gemcitabine.json,Governance and provenance hardening
00283,Gemcitabine 1000 mg/m² Monotherapy – 56 day,protocols/gastrointestinal/00283-gemcitabine-1000-mg-m2-monotherapy-56-day.json,Governance and provenance hardening
00321,Capecitabine and Oxaliplatin Therapy (XELOX),protocols/gastrointestinal/00321-xelox-capox.json,Governance and provenance hardening
00328,Cetuximab (7 day) and FOLFIRI (14 day) Therapy,protocols/gastrointestinal/00328-cetuximab-7-day-and-folfiri-14-day-therapy.json,Governance and provenance hardening
00329,FOLFIRINOX Therapy,protocols/gastrointestinal/00329-folfirinox.json,Governance and provenance hardening
00330,Cetuximab (7 day) and Irinotecan (14 day) Therapy,protocols/gastrointestinal/00330-cetuximab-7-day-and-irinotecan-14-day-therapy.json,Governance and provenance hardening
00331,Cetuximab (14 day) and Irinotecan (14 day) Therapy,protocols/gastrointestinal/00331-cetuximab-14-day-and-irinotecan-14-day-therapy.json,Governance and provenance hardening
00344,FLOT Therapy – 14 day,protocols/gastrointestinal/00344-flot-therapy-14-day.json,Governance and provenance hardening
00380,"ECX: Epirubicin, Cisplatin and Capecitabine Therapy",protocols/gastrointestinal/00380-ecx-epirubicin-cisplatin-and-capecitabine-therapy.json,Rule integrity correction
00382,Trifluridine and Tipiracil (Lonsurf®) Therapy,protocols/gastrointestinal/00382-trifluridine-tipiracil.json,Governance and provenance hardening
00383,Gemcitabine 1000 mg/m² and Cisplatin 25 mg/m² – 21 day,protocols/gastrointestinal/00383-gemcitabine-1000-mg-m2-and-cisplatin-25-mg-m2-21-day.json,Governance and provenance hardening
00384,Gemcitabine 1000 mg/m² and Capecitabine 650 mg/m² – 21 day,protocols/gastrointestinal/00384-gemcitabine-1000-mg-m2-and-capecitabine-650-mg-m2-21-day.json,Governance and provenance hardening
00386,Doxorubicin 60 mg/m² Therapy,protocols/gastrointestinal/00386-doxorubicin-60-mg-m2-therapy.json,Governance and provenance hardening
00421,5-Fluorouracil Continuous Infusion and Radiotherapy,protocols/gastrointestinal/00421-5-fluorouracil-continuous-infusion-and-radiotherapy.json,Governance and provenance hardening
00422,Carboplatin AUC2 and Paclitaxel 50 mg/m² Weekly with Radiotherapy,protocols/gastrointestinal/00422-carboplatin-auc2-and-paclitaxel-50-mg-m2-weekly-with-radiotherapy.json,Governance and provenance hardening
00427,Roswell Park Modified 5-Fluorouracil and Folinic Acid,protocols/gastrointestinal/00427-roswell-park-modified-5-fluorouracil-and-folinic-acid.json,Governance and provenance hardening
00428,QUASAR Modified 5-Fluorouracil and Folinic Acid Weekly,protocols/gastrointestinal/00428-quasar-modified-5-fluorouracil-and-folinic-acid-weekly.json,Governance and provenance hardening
00429,"EOF: Epirubicin, Oxaliplatin and 5-Fluorouracil Therapy",protocols/gastrointestinal/00429-eof-epirubicin-oxaliplatin-and-5-fluorouracil-therapy.json,Governance and provenance hardening
00446,Bevacizumab 5mg/kg and Modified FOLFOX-6 Therapy -14 day,protocols/gastrointestinal/00446-bevacizumab-modified-folfox6.json,Governance and provenance hardening
00447,Panitumumab 6mg/kg and Modified FOLFOX-6 Therapy -14 day,protocols/gastrointestinal/00447-panitumumab-modified-folfox6.json,Governance and provenance hardening
00448,Panitumumab 6mg/kg and FOLFIRI Therapy -14 day,protocols/gastrointestinal/00448-panitumumab-folfiri.json,Governance and provenance hardening
00449,Bevacizumab 5mg/kg and FOLFIRI Therapy -14 day,protocols/gastrointestinal/00449-bevacizumab-folfiri.json,Governance and provenance hardening
00451,"5-Fluorouracil (4 day), Mitomycin and Radiotherapy",protocols/gastrointestinal/00451-5-fluorouracil-4-day-mitomycin-and-radiotherapy.json,Governance and provenance hardening
00460,Cisplatin 75 mg/m² and 5-Fluorouracil Chemoradiation (Herskovic),protocols/gastrointestinal/00460-cisplatin-75-mg-m2-and-5-fluorouracil-chemoradiation-herskovic.json,Rule integrity correction
00473,Cisplatin and Capecitabine Adjuvant Chemoradiation Therapy,protocols/gastrointestinal/00473-cisplatin-and-capecitabine-adjuvant-chemoradiation-therapy.json,Rule integrity correction
00486,FLOX Therapy,protocols/gastrointestinal/00486-flox-therapy.json,Governance and provenance hardening
00502,"Trastuzumab, 5-Fluorouracil and Cisplatin Therapy – 21 day",protocols/gastrointestinal/00502-trastuzumab-5-fluorouracil-and-cisplatin-therapy-21-day.json,Rule integrity correction
00505,Capecitabine and Temozolomide Therapy,protocols/gastrointestinal/00505-capecitabine-and-temozolomide-therapy.json,Governance and provenance hardening
00509,Modified FOLFOX-6 Chemoradiation Therapy – 14 day,protocols/gastrointestinal/00509-modified-folfox-6-chemoradiation-therapy-14-day.json,Governance and provenance hardening
00515,FOLFIRINOX Modified Therapy,protocols/gastrointestinal/00515-modified-folfirinox.json,Rule integrity correction
00521,Gemcitabine 1000 mg/m² and Radiotherapy,protocols/gastrointestinal/00521-gemcitabine-1000-mg-m2-and-radiotherapy.json,Governance and provenance hardening
00522,Gemcitabine 400 mg/m² and Radiotherapy,protocols/gastrointestinal/00522-gemcitabine-400-mg-m2-and-radiotherapy.json,Governance and provenance hardening
00523,Capecitabine and Radiotherapy – 7 day,protocols/gastrointestinal/00523-capecitabine-and-radiotherapy-7-day.json,Governance and provenance hardening
00524,Gemcitabine 1000 mg/m² and Capecitabine 830 mg/m² – 28 day,protocols/gastrointestinal/00524-gemcitabine-1000-mg-m2-and-capecitabine-830-mg-m2-28-day.json,Governance and provenance hardening
00555,FOLFOXIRI Therapy,protocols/gastrointestinal/00555-folfoxiri.json,Governance and provenance hardening
00559,Gemcitabine 600 mg/m² and Radiotherapy,protocols/gastrointestinal/00559-gemcitabine-600-mg-m2-and-radiotherapy.json,Governance and provenance hardening
00585,Cetuximab (14 day) and FOLFIRI (14 day) Therapy,protocols/gastrointestinal/00585-cetuximab-14-day-and-folfiri-14-day-therapy.json,Governance and provenance hardening
00586,Capecitabine 825 mg/m² and Radiotherapy – 7 day,protocols/gastrointestinal/00586-capecitabine-825-mg-m2-and-radiotherapy-7-day.json,Governance and provenance hardening
00594,"Cisplatin, 5-Fluorouracil and Radiation Therapy",protocols/gastrointestinal/00594-cisplatin-5-fluorouracil-and-radiation-therapy.json,Governance and provenance hardening
00623,Bevacizumab 7.5 mg/kg and Capecitabine 1250 mg/m² Therapy,protocols/gastrointestinal/00623-bevacizumab-7-5-mg-kg-and-capecitabine-1250-mg-m2-therapy.json,Governance and provenance hardening
00644,Lenvatinib Therapy – HCC,protocols/gastrointestinal/00644-lenvatinib-therapy-hcc.json,Governance and provenance hardening
00654,Irinotecan 150 mg/m² Monotherapy – 28 day,protocols/gastrointestinal/00654-irinotecan-150-mg-m2-monotherapy-28-day.json,Governance and provenance hardening
00660,5-Fluorouracil and Folinic Acid Therapy - 14 day,protocols/gastrointestinal/00660-5fu-folinic-acid.json,Governance and provenance hardening
00691,FOLFIRINOX Therapy – Rectal Carcinoma,protocols/gastrointestinal/00691-folfirinox-therapy-rectal-carcinoma.json,Governance and provenance hardening
00692,Cetuximab and FOLFOX-4 Therapy,protocols/gastrointestinal/00692-cetuximab-and-folfox-4-therapy.json,Governance and provenance hardening
00704,Trastuzumab and FOLFOX-6 Modified Therapy -14 day,protocols/gastrointestinal/00704-trastuzumab-modified-folfox6.json,Governance and provenance hardening
00727,Mitomycin and Capecitabine Chemoradiation Therapy,protocols/gastrointestinal/00727-mitomycin-and-capecitabine-chemoradiation-therapy.json,Governance and provenance hardening
00732,Cetuximab Therapy – 14 days,protocols/gastrointestinal/00732-cetuximab-therapy-14-days.json,Governance and provenance hardening
00733,Cetuximab and modified FOLFOX-6 Therapy,protocols/gastrointestinal/00733-cetuximab-and-modified-folfox-6-therapy.json,Governance and provenance hardening
00739,"Pembrolizumab, Cisplatin and 5-Fluorouracil Infusional Therapy",protocols/gastrointestinal/00739-pembrolizumab-cisplatin-and-5-fluorouracil-infusional-therapy.json,Governance and provenance hardening
00783,Bevacizumab 5 mg/kg and FOLFOXIRI Therapy – 14 day,protocols/gastrointestinal/00783-bevacizumab-5-mg-kg-and-folfoxiri-therapy-14-day.json,Governance and provenance hardening
00791,"Bevacizumab 5 mg/kg, 5-Fluorouracil and Folinic Acid Therapy – 14 day",protocols/gastrointestinal/00791-bevacizumab-5-mg-kg-5-fluorouracil-and-folinic-acid-therapy-14-day.json,Governance and provenance hardening
00816,"Nivolumab 14 day, Cisplatin and 5-Fluorouracil Therapy",protocols/gastrointestinal/00816-nivolumab-14-day-cisplatin-and-5-fluorouracil-therapy.json,Governance and provenance hardening
00831,Atezolizumab and Bevacizumab Therapy,protocols/gastrointestinal/00831-atezolizumab-bevacizumab-hcc.json,Governance and provenance hardening
00832,"Nivolumab 28 day, Cisplatin and 5-Fluorouracil Therapy",protocols/gastrointestinal/00832-nivolumab-28-day-cisplatin-and-5-fluorouracil-therapy.json,Governance and provenance hardening
00839,Pembrolizumab and Modified FOLFOX-6 Therapy,protocols/gastrointestinal/00839-pembrolizumab-and-modified-folfox-6-therapy.json,Governance and provenance hardening
00843,Nivolumab and XELOX Therapy,protocols/gastrointestinal/00843-nivolumab-xelox.json,Governance and provenance hardening
00844,Nivolumab and FOLFOX-6 Modified Therapy,protocols/gastrointestinal/00844-nivolumab-modified-folfox6.json,Governance and provenance hardening
00889,Pemigatinib Therapy,protocols/gastrointestinal/00889-pemigatinib-therapy.json,Governance and provenance hardening
00890,Fruquintinib Monotherapy,protocols/gastrointestinal/00890-fruquintinib-monotherapy.json,Governance and provenance hardening
00897,"Durvalumab 1500 mg, Gemcitabine 1000 mg/m² and Cisplatin 25 mg/m² Therapy",protocols/gastrointestinal/00897-durvalumab-gemcitabine-cisplatin.json,Governance and provenance hardening
00900,Nivolumab 240 mg and Ipilimumab 1 mg/kg Therapy,protocols/gastrointestinal/00900-nivolumab-240-mg-and-ipilimumab-1-mg-kg-therapy.json,Governance and provenance hardening
00901,Ivosidenib Therapy,protocols/gastrointestinal/00901-ivosidenib-therapy.json,Governance and provenance hardening
00924,Tislelizumab and CAPOX Therapy,protocols/gastrointestinal/00924-tislelizumab-and-capox-therapy.json,Governance and provenance hardening
00925,Tislelizumab and Modified FOLFOX-6 Therapy,protocols/gastrointestinal/00925-tislelizumab-and-modified-folfox-6-therapy.json,Governance and provenance hardening
00926,Tremelimumab and Durvalumab Therapy,protocols/gastrointestinal/00926-tremelimumab-durvalumab.json,Governance and provenance hardening
00294,Sorafenib Therapy,protocols/gastrointestinal/00294-sorafenib-therapy.json,Governance and provenance hardening
00320,Everolimus Monotherapy,protocols/shared/00320-everolimus-monotherapy.json,Governance and provenance hardening
00551,Nivolumab 3 mg/kg with Ipilimumab 1 mg/kg Therapy,protocols/shared/00551-nivolumab-3-mg-kg-with-ipilimumab-1-mg-kg-therapy.json,Governance and provenance hardening
00207,Cetuximab Therapy – 7 days,protocols/gastrointestinal/00207-cetuximab-therapy-7-days.json,Governance and provenance hardening
00214,Bevacizumab 7.5 mg/kg – 21 days,protocols/shared/00214-bevacizumab-7-5-mg-kg-21-days.json,Governance and provenance hardening
00284,Gemcitabine 1000 mg/m² Monotherapy – 28 day,protocols/shared/00284-gemcitabine-1000-mg-m2-monotherapy-28-day.json,Governance and provenance hardening
00483,Nivolumab Monotherapy – 14 day,protocols/shared/00483-nivolumab-monotherapy-14-day.json,Governance and provenance hardening
00484,Nivolumab Monotherapy – 28 day,protocols/shared/00484-nivolumab-monotherapy-28-day.json,Governance and provenance hardening
00215,Bevacizumab 15 mg/kg Therapy — 21 days,protocols/shared/00215-bevacizumab-15mgkg.json,Context or source identity correction
00455,Pembrolizumab 200 mg Monotherapy,protocols/shared/00455-pembrolizumab-200-mg-monotherapy.json,Governance and provenance hardening
00642,Lutetium-177 Oxodotreotide (Lutathera) Therapy,protocols/gastrointestinal/00642-lutetium-177-oxodotreotide-lutathera-therapy.json,Governance and provenance hardening
00244,Regorafenib Monotherapy,protocols/gastrointestinal/00244-regorafenib.json,Governance and provenance hardening
00101,Cabazitaxel and Prednisolone Therapy,protocols/genitourinary/00101-cabazitaxel-prednisolone.json,Governance and provenance hardening
00103,Abiraterone and prednisolone Therapy (mCRPC),protocols/genitourinary/00103-abiraterone-prednisolone-mcrpc.json,Governance and provenance hardening
00104,Axitinib Monotherapy,protocols/genitourinary/00104-axitinib-monotherapy.json,Governance and provenance hardening
00233,Enzalutamide Monotherapy,protocols/genitourinary/00233-enzalutamide.json,Governance and provenance hardening
00257,Radium-223 Therapy,protocols/genitourinary/00257-radium-223.json,Governance and provenance hardening
00282,Gemcitabine and Cisplatin 70 mg/m² – 28 day,protocols/genitourinary/00282-gemcitabine-and-cisplatin-70-mg-m-28-day.json,Governance and provenance hardening
00313,Docetaxel Monotherapy 50 mg/m² – 14 day cycle,protocols/genitourinary/00313-docetaxel-50-q14d.json,Governance and provenance hardening
00326,Temsirolimus Therapy,protocols/genitourinary/00326-temsirolimus-therapy.json,Governance and provenance hardening
00333,"Dose-dense Methotrexate, Vinblastine, Doxorubicin and Cisplatin (MVAC) – 14 day",protocols/genitourinary/00333-dose-dense-methotrexate-vinblastine-doxorubicin-and-cisplatin-mvac-14-day.json,Governance and provenance hardening
00337,"Cisplatin, Methotrexate and Vinblastine (CMV) Therapy",protocols/genitourinary/00337-cisplatin-methotrexate-and-vinblastine-cmv-therapy.json,Governance and provenance hardening
00338,"Methotrexate, Vinblastine, Doxorubicin and Cisplatin (MVAC) – 28 day",protocols/genitourinary/00338-methotrexate-vinblastine-doxorubicin-and-cisplatin-mvac-28-day.json,Governance and provenance hardening
00450,Mitomycin and 5-Fluorouracil with Radiotherapy,protocols/genitourinary/00450-mitomycin-and-5-fluorouracil-with-radiotherapy.json,Governance and provenance hardening
00453,Carboplatin AUC 7 and Etoposide 750 mg/m² Therapy,protocols/genitourinary/00453-carboplatin-auc-7-and-etoposide-750-mg-m-therapy.json,Governance and provenance hardening
00477,Goserelin 10.8 mg Therapy – 12 weeks,protocols/genitourinary/00477-goserelin-10-8mg-q12weeks.json,Governance and provenance hardening
00478,Goserelin 3.6 mg Therapy – 28 day,protocols/genitourinary/00478-goserelin-3-6mg-q28days.json,Governance and provenance hardening
00479,Leuprorelin 22.5 mg Therapy – 12 weeks,protocols/genitourinary/00479-leuprorelin-22-5mg-q12weeks.json,Governance and provenance hardening
00480,Triptorelin 11.25 mg Therapy – 12 weeks,protocols/genitourinary/00480-triptorelin-11-25mg-q12weeks.json,Governance and provenance hardening
00481,Degarelix Therapy,protocols/genitourinary/00481-degarelix.json,Governance and provenance hardening
00482,Bicalutamide Therapy,protocols/genitourinary/00482-bicalutamide.json,Governance and provenance hardening
00488,Triptorelin 22.5 mg Therapy – 24 weeks,protocols/genitourinary/00488-triptorelin-22-5mg-q24weeks.json,Governance and provenance hardening
00489,Triptorelin 3 mg Therapy – 28 day,protocols/genitourinary/00489-triptorelin-3mg-q28days.json,Governance and provenance hardening
00490,Leuprorelin 7.5 mg Therapy – 28 day,protocols/genitourinary/00490-leuprorelin-7-5mg-q28days.json,Governance and provenance hardening
00491,Leuprorelin 45 mg Therapy – 24 weeks,protocols/genitourinary/00491-leuprorelin-45mg-q24weeks.json,Governance and provenance hardening
00492,Leuprorelin 11.25 mg Therapy – 12 weeks,protocols/genitourinary/00492-leuprorelin-11-25mg-q12weeks.json,Governance and provenance hardening
00493,Leuprorelin 30 mg Therapy – 24 weeks,protocols/genitourinary/00493-leuprorelin-30mg-q24weeks.json,Governance and provenance hardening
00494,Leuprorelin 3.75 mg Therapy – 28 day,protocols/genitourinary/00494-leuprorelin-3-75mg-q28days.json,Governance and provenance hardening
00518,Cabozantinib Monotherapy,protocols/genitourinary/00518-cabozantinib-monotherapy.json,Governance and provenance hardening
00546,Docetaxel 75 mg/m² – Prednisolone Combination Therapy,protocols/genitourinary/00546-docetaxel-prednisolone.json,Governance and provenance hardening
00564,Tivozanib Monotherapy,protocols/genitourinary/00564-tivozanib-monotherapy.json,Governance and provenance hardening
00574,Apalutamide Therapy,protocols/genitourinary/00574-apalutamide.json,Governance and provenance hardening
00577,Abiraterone and prednisolone Therapy (mHSPC),protocols/genitourinary/00577-abiraterone-prednisolone-mhspc.json,Governance and provenance hardening
00583,Pembrolizumab 200 mg and Axitinib Therapy,protocols/genitourinary/00583-pembrolizumab-200-mg-and-axitinib-therapy.json,Governance and provenance hardening
00602,"Paclitaxel, Ifosfamide and Cisplatin (TIP) Therapy",protocols/genitourinary/00602-paclitaxel-ifosfamide-and-cisplatin-tip-therapy.json,Governance and provenance hardening
00622,Gemcitabine and Cisplatin 35 mg/m² – 21 day,protocols/genitourinary/00622-gemcitabine-and-cisplatin-35-mg-m-21-day.json,Governance and provenance hardening
00628,Gemcitabine and Cisplatin 70 mg/m² – 21 day,protocols/genitourinary/00628-gemcitabine-and-cisplatin-70-mg-m-21-day.json,Governance and provenance hardening
00693,Darolutamide Therapy,protocols/genitourinary/00693-darolutamide.json,Governance and provenance hardening
00759,Gemcitabine 100 mg/m² with Radiotherapy,protocols/genitourinary/00759-gemcitabine-100-mg-m-with-radiotherapy.json,Governance and provenance hardening
00807,Intravesical BCG,protocols/genitourinary/00807-intravesical-bcg.json,Governance and provenance hardening
00830,Relugolix Therapy,protocols/genitourinary/00830-relugolix.json,Governance and provenance hardening
00846,Enfortumab Vedotin Monotherapy,protocols/genitourinary/00846-enfortumab-vedotin-monotherapy.json,Governance and provenance hardening
00848,Niraparib and Abiraterone acetate (Akeega®) and Prednisolone Therapy,protocols/genitourinary/00848-niraparib-abiraterone-akeega.json,Governance and provenance hardening
00885,Erdafitinib Therapy,protocols/genitourinary/00885-erdafitinib-therapy.json,Governance and provenance hardening
00894,Intravesical Gemcitabine and Docetaxel,protocols/genitourinary/00894-intravesical-gemcitabine-and-docetaxel.json,Governance and provenance hardening
00945,Enfortumab Vedotin and Pembrolizumab Therapy,protocols/genitourinary/00945-enfortumab-vedotin-and-pembrolizumab-therapy.json,Governance and provenance hardening
00325,Sunitinib 50 mg Therapy – 42 day,protocols/shared/00325-sunitinib-50-mg-therapy-42-day.json,Governance and provenance hardening
00445,Pazopanib Monotherapy,protocols/shared/00445-pazopanib-monotherapy.json,Governance and provenance hardening
00719,Sunitinib 50 mg Therapy – 21 day,protocols/shared/00719-sunitinib-50-mg-therapy-21-day.json,Governance and provenance hardening
00535,Avelumab Monotherapy,protocols/genitourinary/00535-avelumab-monotherapy.json,Governance and provenance hardening
00246,Methotrexate 8-day Charing Cross Regimen,protocols/gynaecology/00246-methotrexate-8-day-charing-cross-regimen.json,Governance and provenance hardening
00247,Dactinomycin Therapy,protocols/gynaecology/00247-dactinomycin-therapy.json,Governance and provenance hardening
00248,EMA/CO Therapy,protocols/gynaecology/00248-ema-co-therapy.json,Governance and provenance hardening
00249,Intrathecal Methotrexate for CNS Prophylaxis in GTN,protocols/gynaecology/00249-intrathecal-methotrexate-for-cns-prophylaxis-in-gtn.json,Governance and provenance hardening
00264,EMA/EP Therapy,protocols/gynaecology/00264-ema-ep-therapy.json,Governance and provenance hardening
00266,Paclitaxel/Etoposide alternating with Paclitaxel/Cisplatin (TE/TP) Therapy,protocols/gynaecology/00266-paclitaxel-etoposide-alternating-with-paclitaxel-cisplatin-te-tp-therapy.json,Governance and provenance hardening
00267,Two-day Etoposide and Cisplatin (EP) Therapy,protocols/gynaecology/00267-two-day-etoposide-and-cisplatin-ep-therapy.json,Governance and provenance hardening
00303,Carboplatin AUC 5–7.5 and Paclitaxel 175 mg/m² Therapy – 21 day,protocols/gynaecology/00303-carboplatin-paclitaxel-21-day.json,Governance and provenance hardening
00306,Gemcitabine 1000 mg/m² and Carboplatin AUC 4 Therapy — 21 day,protocols/gynaecology/00306-gemcitabine-carboplatin.json,Governance and provenance hardening
00308,Carboplatin AUC 6 and Weekly Paclitaxel 80 mg/m² Therapy,protocols/gynaecology/00308-carboplatin-auc-6-and-weekly-paclitaxel-80-mg-m-therapy.json,Governance and provenance hardening
00312,Topotecan Monotherapy – Weekly,protocols/gynaecology/00312-topotecan-monotherapy-weekly.json,Governance and provenance hardening
00375,Trabectedin and Pegylated Liposomal Doxorubicin Therapy,protocols/gynaecology/00375-trabectedin-and-pegylated-liposomal-doxorubicin-therapy.json,Governance and provenance hardening
00499,"Gemcitabine 1000 mg/m², Carboplatin AUC 4 and Bevacizumab 15 mg/kg Therapy – 21 day",protocols/gynaecology/00499-gemcitabine-1000-mg-m-carboplatin-auc-4-and-bevacizumab-15-mg-kg-therapy-21-day.json,Governance and provenance hardening
00620,"Bevacizumab 7.5 mg/kg, Carboplatin AUC 5 and Paclitaxel 175 mg/m² Therapy",protocols/gynaecology/00620-bevacizumab-7-5-mg-kg-carboplatin-auc-5-and-paclitaxel-175-mg-m-therapy.json,Governance and provenance hardening
00624,Carboplatin AUC 5 and Pegylated Liposomal Doxorubicin 30 mg/m² Therapy — 28 day,protocols/gynaecology/00624-carboplatin-pegylated-liposomal-doxorubicin.json,Governance and provenance hardening
00676,Cisplatin 50 mg/m² Chemoradiation followed by Carboplatin AUC 5 and Paclitaxel 175 mg/m²,protocols/gynaecology/00676-cisplatin-50-mg-m-chemoradiation-followed-by-carboplatin-auc-5-and-paclitaxel-175-mg-m.json,Governance and provenance hardening
00716,"Bevacizumab 15 mg/kg, Carboplatin AUC 5 and Paclitaxel 175 mg/m² Therapy",protocols/gynaecology/00716-bevacizumab-15-mg-kg-carboplatin-auc-5-and-paclitaxel-175-mg-m-therapy.json,Governance and provenance hardening
00746,Olaparib (Tablet) and Bevacizumab Therapy,protocols/gynaecology/00746-olaparib-tablet-and-bevacizumab-therapy.json,Governance and provenance hardening
00766,"Bevacizumab 15 mg/kg, Paclitaxel 175 mg/m² and Carboplatin AUC 6 Therapy",protocols/gynaecology/00766-bevacizumab-carboplatin-paclitaxel.json,Governance and provenance hardening
00769,"Bevacizumab 10 mg/kg and Paclitaxel 80 mg/m² Days 1, 8, 15 and 22",protocols/gynaecology/00769-bevacizumab-10-mg-kg-and-paclitaxel-80-mg-m-days-1-8-15-and-22.json,Governance and provenance hardening
00771,Bevacizumab 10 mg/kg and Topotecan 4 mg/m² Therapy,protocols/gynaecology/00771-bevacizumab-10-mg-kg-and-topotecan-4-mg-m-therapy.json,Governance and provenance hardening
00772,Bevacizumab 10 mg/kg and Pegylated Liposomal Doxorubicin 40 mg/m² Therapy,protocols/gynaecology/00772-bevacizumab-10-mg-kg-and-pegylated-liposomal-doxorubicin-40-mg-m-therapy.json,Governance and provenance hardening
00799,"Bevacizumab 15 mg/kg, Paclitaxel 175 mg/m² and Cisplatin 50 mg/m² Therapy",protocols/gynaecology/00799-bevacizumab-paclitaxel-cisplatin.json,Governance and provenance hardening
00811,"Pembrolizumab, Paclitaxel 175 mg/m², Carboplatin AUC 5 and Bevacizumab Therapy",protocols/gynaecology/00811-pembrolizumab-paclitaxel-175-mg-m-carboplatin-auc-5-and-bevacizumab-therapy.json,Governance and provenance hardening
00817,"Pembrolizumab, Paclitaxel 175 mg/m² and Carboplatin AUC 5 Therapy",protocols/gynaecology/00817-pembrolizumab-paclitaxel-175-mg-m-and-carboplatin-auc-5-therapy.json,Governance and provenance hardening
00819,Dostarlimab Therapy,protocols/gynaecology/00819-dostarlimab-therapy.json,Governance and provenance hardening
00862,Niraparib (Tablets) Monotherapy,protocols/gynaecology/00862-niraparib-tablets-monotherapy.json,Governance and provenance hardening
00904,Rucaparib (Tablets) Monotherapy,protocols/gynaecology/00904-rucaparib-tablets-monotherapy.json,Governance and provenance hardening
00929,"Dostarlimab, Paclitaxel and Carboplatin Therapy",protocols/gynaecology/00929-dostarlimab-paclitaxel-and-carboplatin-therapy.json,Governance and provenance hardening
00300,"Bleomycin, Etoposide and Cisplatin (BEP) Therapy",protocols/gynaecology/00300-bleomycin-etoposide-and-cisplatin-bep-therapy.json,Governance and provenance hardening
00301,Etoposide and Cisplatin 20 mg/m² (EP) 5-day Therapy,protocols/gynaecology/00301-etoposide-and-cisplatin-20-mg-m-ep-5-day-therapy.json,Governance and provenance hardening
00588,Olaparib (Tablet) Monotherapy,protocols/shared/00588-olaparib-tablet-monotherapy.json,Governance and provenance hardening
00385,Cisplatin 40 mg/m² Weekly with Radiotherapy,protocols/gynaecology/00385-cisplatin-40-mg-m-weekly-with-radiotherapy.json,Governance and provenance hardening
00419,Carboplatin AUC 2 Weekly with Radiotherapy,protocols/gynaecology/00419-carboplatin-auc-2-weekly-with-radiotherapy.json,Governance and provenance hardening
00812,Cemiplimab Therapy,protocols/gynaecology/00812-cemiplimab-therapy.json,Governance and provenance hardening
00218,Lenalidomide 25 mg and Dexamethasone — 28 day,protocols/haemato-oncology/plasma-cell/00218-lenalidomide-dexamethasone-28-day.json,Governance and provenance hardening
00245,Pomalidomide and Dexamethasone,protocols/haemato-oncology/plasma-cell/00245-pomalidomide-dexamethasone.json,Governance and provenance hardening
00270,Bortezomib and dexamethasone Therapy,protocols/haemato-oncology/plasma-cell/00270-bortezomib-dexamethasone.json,Governance and provenance hardening
00273,"Cyclophosphamide, Bortezomib and Dexamethasone (CyBorD) — 21 day",protocols/haemato-oncology/plasma-cell/00273-cybord-21-day.json,Governance and provenance hardening
00275,"Bortezomib, Melphalan and Prednisolone Therapy",protocols/haemato-oncology/plasma-cell/00275-bortezomib-melphalan-prednisolone.json,Governance and provenance hardening
00299,Modified CyBorD — weekly therapy,protocols/haemato-oncology/plasma-cell/00299-modified-weekly-cybord.json,Governance and provenance hardening
00416,"Bortezomib, Lenalidomide and dexamethasone (RVD) Therapy – 21 day",protocols/haemato-oncology/plasma-cell/00416-rvd-21-day.json,Governance and provenance hardening
00435,Bortezomib Maintenance Therapy – 14 day,protocols/haemato-oncology/plasma-cell/00435-bortezomib-maintenance-14-day.json,Governance and provenance hardening
00601,"Pomalidomide, Bortezomib and Dexamethasone (PVD)",protocols/haemato-oncology/plasma-cell/00601-pomalidomide-bortezomib-dexamethasone.json,Governance and provenance hardening
00604,Daratumumab SC Monotherapy,protocols/haemato-oncology/plasma-cell/00604-daratumumab-sc-monotherapy.json,Governance and provenance hardening
00609,"Daratumumab SC, Bortezomib and Dexamethasone",protocols/haemato-oncology/plasma-cell/00609-daratumumab-sc-bortezomib-dexamethasone.json,Governance and provenance hardening
00643,"Bortezomib, Lenalidomide and dexamethasone (RVD) Therapy – 28 day",protocols/haemato-oncology/plasma-cell/00643-rvd-28-day.json,Governance and provenance hardening
00695,"Daratumumab SC, Weekly Bortezomib and Dexamethasone",protocols/haemato-oncology/plasma-cell/00695-daratumumab-sc-weekly-bortezomib-dexamethasone.json,Governance and provenance hardening
00780,"Bortezomib, Lenalidomide and Dexamethasone (RVD-Lite) Induction",protocols/haemato-oncology/plasma-cell/00780-rvd-lite-induction.json,Governance and provenance hardening
00854,"Daratumumab SC, Lenalidomide and Dexamethasone",protocols/haemato-oncology/plasma-cell/00854-daratumumab-sc-lenalidomide-dexamethasone.json,Governance and provenance hardening
00242,Vandetanib Monotherapy,protocols/head-neck/00242-vandetanib-monotherapy.json,Governance and provenance hardening
00295,Lenvatinib DTC Therapy,protocols/head-neck/00295-lenvatinib-dtc-therapy.json,Governance and provenance hardening
00314,Cisplatin and 5-Fluorouracil – 28 day,protocols/head-neck/00314-cisplatin-and-5-fluorouracil-28-day.json,Governance and provenance hardening
00315,"Docetaxel 75, Cisplatin 75 and 5-Fluorouracil 1000 – Induction TPF",protocols/head-neck/00315-docetaxel-75-cisplatin-75-and-5-fluorouracil-1000-induction-tpf.json,Governance and provenance hardening
00323,"Docetaxel 75, Cisplatin 100 and 5-Fluorouracil 1000 (TCF) Chemoradiation",protocols/head-neck/00323-docetaxel-75-cisplatin-100-and-5-fluorouracil-1000-tcf-chemoradiation.json,Governance and provenance hardening
00324,"Docetaxel 75, Cisplatin 75, 5-Fluorouracil 750 (TCF) and Radiotherapy",protocols/head-neck/00324-docetaxel-75-cisplatin-75-5-fluorouracil-750-tcf-and-radiotherapy.json,Governance and provenance hardening
00332,Carboplatin AUC 1.5 Chemoradiation – 7 day,protocols/head-neck/00332-carboplatin-auc-1-5-chemoradiation-7-day.json,Governance and provenance hardening
00387,Cisplatin 100 mg/m² with Radiotherapy,protocols/head-neck/00387-cisplatin-100-mg-m-with-radiotherapy.json,Governance and provenance hardening
00417,"Cetuximab, Cisplatin 100 mg/m² and 5-Fluorouracil – 21 day",protocols/head-neck/00417-cetuximab-cisplatin-100-mg-m-and-5-fluorouracil-21-day.json,Governance and provenance hardening
00418,"Cetuximab, Carboplatin AUC 5 and 5-Fluorouracil – 21 day",protocols/head-neck/00418-cetuximab-carboplatin-auc-5-and-5-fluorouracil-21-day.json,Governance and provenance hardening
00514,Gemcitabine 1250 mg/m² Monotherapy – 21 day,protocols/head-neck/00514-gemcitabine-1250-mg-m-monotherapy-21-day.json,Governance and provenance hardening
00517,Gemcitabine 1250 mg/m² and Cisplatin 80 mg/m² – 21 day,protocols/head-neck/00517-gemcitabine-1250-mg-m-and-cisplatin-80-mg-m-21-day.json,Governance and provenance hardening
00552,Carboplatin AUC 5 and 5-Fluorouracil 1000 mg/m²/day – 28 day,protocols/head-neck/00552-carboplatin-auc-5-and-5-fluorouracil-1000-mg-m-day-28-day.json,Governance and provenance hardening
00589,Carboplatin 70 mg/m² and 5-Fluorouracil 600 mg/m² with Radiotherapy,protocols/head-neck/00589-carboplatin-70-mg-m-and-5-fluorouracil-600-mg-m-with-radiotherapy.json,Governance and provenance hardening
00591,Carboplatin AUC 4 and 5-Fluorouracil 600 mg/m² with Radiotherapy,protocols/head-neck/00591-carboplatin-auc-4-and-5-fluorouracil-600-mg-m-with-radiotherapy.json,Governance and provenance hardening
00615,"Cyclophosphamide, Doxorubicin and Cisplatin – 21 day",protocols/head-neck/00615-cyclophosphamide-doxorubicin-and-cisplatin-21-day.json,Governance and provenance hardening
00696,"Paclitaxel Days 1, 8 and 15 with Cetuximab Days 1 and 15 – 28 day",protocols/head-neck/00696-paclitaxel-days-1-8-and-15-with-cetuximab-days-1-and-15-28-day.json,Governance and provenance hardening
00705,"Pembrolizumab, Carboplatin AUC 5 and 5-Fluorouracil",protocols/head-neck/00705-pembrolizumab-carboplatin-auc-5-and-5-fluorouracil.json,Governance and provenance hardening
00706,"Pembrolizumab, Cisplatin and 5-Fluorouracil",protocols/head-neck/00706-pembrolizumab-cisplatin-and-5-fluorouracil.json,Governance and provenance hardening
00893,Methotrexate 40 mg/m² Monotherapy – 28 day,protocols/head-neck/00893-methotrexate-40-mg-m-monotherapy-28-day.json,Governance and provenance hardening
00903,Gemcitabine 1000 mg/m² and Cisplatin 80 mg/m² Induction,protocols/head-neck/00903-gemcitabine-1000-mg-m-and-cisplatin-80-mg-m-induction.json,Governance and provenance hardening
00219,Erlotinib Monotherapy,protocols/lung/00219-erlotinib-monotherapy.json,Governance and provenance hardening
00220,Gefitinib Monotherapy,protocols/lung/00220-gefitinib-monotherapy.json,Governance and provenance hardening
00221,Afatinib Monotherapy,protocols/lung/00221-afatinib-monotherapy.json,Governance and provenance hardening
00222,Pemetrexed Monotherapy,protocols/lung/00222-pemetrexed-monotherapy.json,Governance and provenance hardening
00243,Crizotinib Monotherapy,protocols/lung/00243-crizotinib-monotherapy.json,Governance and provenance hardening
00271,Carboplatin AUC 5 and Etoposide 100 mg/m² Therapy – 21 day,protocols/lung/00271-carboplatin-etoposide.json,Governance and provenance hardening
00280,Cisplatin 75 mg/m² and Etoposide 100 mg/m² Therapy – 21 day,protocols/lung/00280-cisplatin-etoposide.json,Governance and provenance hardening
00281,Gemcitabine 1250 mg/m² and Cisplatin 75 mg/m² Therapy — 21 day,protocols/lung/00281-gemcitabine-cisplatin.json,Rule integrity correction
00304,Carboplatin AUC 6 and Paclitaxel 200 mg/m² Therapy,protocols/lung/00304-carboplatin-paclitaxel.json,Governance and provenance hardening
00309,Weekly Carboplatin AUC2 and Paclitaxel 50 mg/m² with Radiotherapy,protocols/lung/00309-weekly-carboplatin-auc2-and-paclitaxel-50-mg-m2-with-radiotherapy.json,Governance and provenance hardening
00317,Pemetrexed 500 mg/m² and Cisplatin 75 mg/m² Therapy,protocols/lung/00317-pemetrexed-cisplatin.json,Governance and provenance hardening
00318,Pemetrexed and Carboplatin Therapy,protocols/lung/00318-pemetrexed-and-carboplatin-therapy.json,Governance and provenance hardening
00319,Carboplatin and Oral Etoposide Therapy – 21 day,protocols/lung/00319-carboplatin-and-oral-etoposide-therapy-21-day.json,Governance and provenance hardening
00339,"Vinorelbine Days 1, 8, 15 and Cisplatin Day 1 – 21 day",protocols/lung/00339-vinorelbine-days-1-8-15-and-cisplatin-day-1-21-day.json,Rule integrity correction
00340,Ceritinib Monotherapy,protocols/lung/00340-ceritinib-monotherapy.json,Governance and provenance hardening
00343,Vinorelbine and Cisplatin Therapy – 28 day,protocols/lung/00343-vinorelbine-and-cisplatin-therapy-28-day.json,Rule integrity correction
00353,Osimertinib Monotherapy,protocols/lung/00353-osimertinib-monotherapy.json,Governance and provenance hardening
00372,Nintedanib Therapy with Docetaxel,protocols/lung/00372-nintedanib-therapy-with-docetaxel.json,Governance and provenance hardening
00388,Oral Etoposide Therapy,protocols/lung/00388-oral-etoposide-therapy.json,Governance and provenance hardening
00401,Alectinib Monotherapy,protocols/lung/00401-alectinib-monotherapy.json,Governance and provenance hardening
00456,"Cisplatin 50 mg/m², Etoposide 50 mg/m² and Thoracic Radiotherapy – 28 day",protocols/lung/00456-cisplatin-50-mg-m2-etoposide-50-mg-m2-and-thoracic-radiotherapy-28-day.json,Governance and provenance hardening
00561,"Carboplatin AUC3, Etoposide 50 mg/m² and Thoracic Radiotherapy – 28 day",protocols/lung/00561-carboplatin-auc3-etoposide-50-mg-m2-and-thoracic-radiotherapy-28-day.json,Governance and provenance hardening
00562,Brigatinib Therapy,protocols/lung/00562-brigatinib-therapy.json,Governance and provenance hardening
00565,Dacomitinib Monotherapy,protocols/lung/00565-dacomitinib-monotherapy.json,Governance and provenance hardening
00568,"Pembrolizumab, Pemetrexed and Carboplatin AUC5 Therapy",protocols/lung/00568-pembrolizumab-pemetrexed-and-carboplatin-auc5-therapy.json,Governance and provenance hardening
00569,"Pembrolizumab, Pemetrexed and Cisplatin Therapy",protocols/lung/00569-pembrolizumab-pemetrexed-and-cisplatin-therapy.json,Governance and provenance hardening
00570,Lorlatinib Therapy,protocols/lung/00570-lorlatinib-therapy.json,Governance and provenance hardening
00576,Durvalumab Monotherapy 10 mg/kg – 14 day,protocols/lung/00576-durvalumab-monotherapy-10-mg-kg-14-day.json,Governance and provenance hardening
00579,"Pembrolizumab, Paclitaxel and Carboplatin AUC6 Therapy",protocols/lung/00579-pembrolizumab-paclitaxel-and-carboplatin-auc6-therapy.json,Governance and provenance hardening
00587,Topotecan Oral Monotherapy,protocols/lung/00587-topotecan-oral-monotherapy.json,Governance and provenance hardening
00614,Carboplatin and Vinorelbine Therapy – 21 day,protocols/lung/00614-carboplatin-and-vinorelbine-therapy-21-day.json,Governance and provenance hardening
00655,Durvalumab 1500 mg Monotherapy – 28 day,protocols/lung/00655-durvalumab-maintenance.json,Governance and provenance hardening
00689,"Atezolizumab, Carboplatin AUC 5 and Etoposide 100 mg/m² — 21 day",protocols/lung/00689-atezolizumab-carboplatin-etoposide.json,Governance and provenance hardening
00712,"Nivolumab, Ipilimumab, Carboplatin and Paclitaxel Therapy",protocols/lung/00712-nivolumab-ipilimumab-carboplatin-and-paclitaxel-therapy.json,Governance and provenance hardening
00713,"Nivolumab, Ipilimumab, Pemetrexed and Carboplatin Therapy",protocols/lung/00713-nivolumab-ipilimumab-pemetrexed-and-carboplatin-therapy.json,Governance and provenance hardening
00714,"Nivolumab, Ipilimumab, Pemetrexed and Cisplatin Therapy",protocols/lung/00714-nivolumab-ipilimumab-pemetrexed-and-cisplatin-therapy.json,Governance and provenance hardening
00792,Nivolumab 360 mg and Ipilimumab 1 mg/kg Therapy,protocols/lung/00792-nivolumab-360-mg-and-ipilimumab-1-mg-kg-therapy.json,Governance and provenance hardening
00823,Tepotinib Therapy,protocols/lung/00823-tepotinib-therapy.json,Governance and provenance hardening
00849,Nivolumab 360 mg and Platinum-Based Chemotherapy,protocols/lung/00849-nivolumab-360-mg-and-platinum-based-chemotherapy.json,Governance and provenance hardening
00908,"Serplulimab, Carboplatin AUC5 and Etoposide 100 mg/m² – 21 day",protocols/lung/00908-serplulimab-carboplatin-auc5-and-etoposide-100-mg-m2-21-day.json,Governance and provenance hardening
00310,Gemcitabine 1000 mg/m² and Carboplatin AUC 5 Therapy — 21 day,protocols/lung/00310-gemcitabine-carboplatin.json,Governance and provenance hardening
00544,Atezolizumab 1200 mg Monotherapy – 21 day,protocols/lung/00544-atezolizumab-1200-mg-monotherapy-21-day.json,Governance and provenance hardening
00592,Atezolizumab 840 mg Monotherapy – 14 day,protocols/shared/00592-atezolizumab-840-mg-monotherapy-14-day.json,Governance and provenance hardening
00593,Atezolizumab 1680 mg Monotherapy – 28 day,protocols/lung/00593-atezolizumab-maintenance.json,Governance and provenance hardening
00279,"Cisplatin 75 mg/m², Etoposide 100 mg/m² and Radiotherapy – 21 day",protocols/shared/00279-cisplatin-75-mg-m2-etoposide-100-mg-m2-and-radiotherapy-21-day.json,Governance and provenance hardening
00311,Topotecan Monotherapy – 5 day,protocols/shared/00311-topotecan-monotherapy-5-day.json,Governance and provenance hardening
00558,Pembrolizumab 400 mg Monotherapy,protocols/shared/00558-pembrolizumab-400mg-monotherapy.json,Governance and provenance hardening
00702,Entrectinib Monotherapy – Adult,protocols/lung/00702-entrectinib-monotherapy-adult.json,Governance and provenance hardening
00334,Temozolomide with Radiotherapy and Adjuvant Therapy,protocols/neuro-oncology/00334-temozolomide-with-radiotherapy-and-adjuvant-therapy.json,Governance and provenance hardening
00342,Temozolomide Recurrent Therapy,protocols/neuro-oncology/00342-temozolomide-recurrent-therapy.json,Governance and provenance hardening
00379,"Procarbazine, Lomustine and Vincristine (PCV) Therapy – 42 Day",protocols/neuro-oncology/00379-procarbazine-lomustine-and-vincristine-pcv-therapy-42-day.json,Governance and provenance hardening
00461,Temozolomide with Radiotherapy and Adjuvant Therapy – Patients Greater Than 65 Years,protocols/neuro-oncology/00461-temozolomide-with-radiotherapy-and-adjuvant-therapy-patients-greater-than-65-years.json,Governance and provenance hardening
00658,"Procarbazine, Lomustine and Vincristine (PCV) Therapy – 56 Day",protocols/neuro-oncology/00658-procarbazine-lomustine-and-vincristine-pcv-therapy-56-day.json,Governance and provenance hardening
00742,Lomustine and Bevacizumab 5 mg/kg Therapy,protocols/neuro-oncology/00742-lomustine-and-bevacizumab-5-mg-kg-therapy.json,Governance and provenance hardening
00804,Lomustine and Bevacizumab 7.5 mg/kg Therapy,protocols/neuro-oncology/00804-lomustine-and-bevacizumab-7-5-mg-kg-therapy.json,Governance and provenance hardening
00805,Lomustine 130 mg/m² Therapy,protocols/neuro-oncology/00805-lomustine-130-mg-m2-therapy.json,Governance and provenance hardening
00806,"Cisplatin, Lomustine and Vincristine (CLV) Therapy",protocols/neuro-oncology/00806-cisplatin-lomustine-and-vincristine-clv-therapy.json,Governance and provenance hardening
00813,Bevacizumab 5 mg/kg Monotherapy – 14 Day,protocols/neuro-oncology/00813-bevacizumab-5-mg-kg-monotherapy-14-day.json,Governance and provenance hardening
00327,Sunitinib 37.5 mg Therapy – 28 day,protocols/neuroendocrine/00327-sunitinib-37-5-mg-therapy-28-day.json,Governance and provenance hardening
00100,Mifamurtide Therapy,protocols/sarcoma/00100-mifamurtide-therapy.json,Governance and provenance hardening
00335,Imatinib Therapy – GIST,protocols/sarcoma/00335-imatinib-therapy-gist.json,Governance and provenance hardening
00374,Trabectedin Monotherapy,protocols/sarcoma/00374-trabectedin-monotherapy.json,Governance and provenance hardening
00391,Doxorubicin 60 mg/m² and Ifosfamide Therapy,protocols/sarcoma/00391-doxorubicin-60-mg-m2-and-ifosfamide-therapy.json,Governance and provenance hardening
00392,Doxorubicin 75 mg/m² and Ifosfamide Therapy,protocols/sarcoma/00392-doxorubicin-75-mg-m2-and-ifosfamide-therapy.json,Governance and provenance hardening
00420,Doxorubicin 25 mg/m²/day and Cisplatin 100 mg/m² Therapy – 21 day,protocols/sarcoma/00420-doxorubicin-25-mg-m2-day-and-cisplatin-100-mg-m2-therapy-21-day.json,Governance and provenance hardening
00462,Pegylated Liposomal Doxorubicin 20 mg/m² – 21 day,protocols/sarcoma/00462-pegylated-liposomal-doxorubicin-20-mg-m2-21-day.json,Governance and provenance hardening
00463,"MAP Therapy – Methotrexate, Doxorubicin and Cisplatin",protocols/sarcoma/00463-map-therapy-methotrexate-doxorubicin-and-cisplatin.json,Governance and provenance hardening
00500,Doxorubicin 75 mg/m² Monotherapy,protocols/sarcoma/00500-doxorubicin-75-mg-m2-monotherapy.json,Governance and provenance hardening
00501,Gemcitabine and Docetaxel Therapy – 21 day,protocols/sarcoma/00501-gemcitabine-and-docetaxel-therapy-21-day.json,Governance and provenance hardening
00504,Irinotecan and Temozolomide Therapy – 21 day,protocols/sarcoma/00504-irinotecan-and-temozolomide-therapy-21-day.json,Governance and provenance hardening
00511,Dacarbazine 1.2 g/m² Therapy – 21 day,protocols/sarcoma/00511-dacarbazine-1-2-g-m2-therapy-21-day.json,Governance and provenance hardening
00554,Vinblastine and Methotrexate Therapy,protocols/sarcoma/00554-vinblastine-and-methotrexate-therapy.json,Governance and provenance hardening
00596,Ifosfamide and Etoposide (IE) Therapy,protocols/sarcoma/00596-ifosfamide-and-etoposide-ie-therapy.json,Governance and provenance hardening
00675,IE–VAC Therapy – Two Weekly Intervals,protocols/sarcoma/00675-ie-vac-therapy-two-weekly-intervals.json,Governance and provenance hardening
00680,High Dose Ifosfamide Therapy – 21 day,protocols/sarcoma/00680-high-dose-ifosfamide-therapy-21-day.json,Governance and provenance hardening
00747,IE–VAC Therapy – Three Weekly Intervals,protocols/sarcoma/00747-ie-vac-therapy-three-weekly-intervals.json,Governance and provenance hardening
00754,"Ifosfamide, Vincristine, Doxorubicin and Dactinomycin (IVADo) Therapy",protocols/sarcoma/00754-ifosfamide-vincristine-doxorubicin-and-dactinomycin-ivado-therapy.json,Governance and provenance hardening
00757,"Vincristine, Irinotecan and Temozolomide (VIT) Therapy",protocols/sarcoma/00757-vincristine-irinotecan-and-temozolomide-vit-therapy.json,Governance and provenance hardening
00102,Vemurafenib Monotherapy,protocols/skin/00102-vemurafenib-monotherapy.json,Governance and provenance hardening
00105,Ipilimumab Monotherapy,protocols/skin/00105-ipilimumab-monotherapy.json,Governance and provenance hardening
00236,Vismodegib Monotherapy,protocols/skin/00236-vismodegib-monotherapy.json,Governance and provenance hardening
00237,Dabrafenib Monotherapy,protocols/skin/00237-dabrafenib-monotherapy.json,Governance and provenance hardening
00373,Cobimetinib and Vemurafenib Therapy,protocols/skin/00373-cobimetinib-and-vemurafenib-therapy.json,Governance and provenance hardening
00415,Trametinib and Dabrafenib Therapy,protocols/skin/00415-trametinib-and-dabrafenib-therapy.json,Governance and provenance hardening
00431,Nivolumab 1 mg/kg and Ipilimumab 3 mg/kg Therapy,protocols/skin/00431-nivolumab-1-mg-kg-and-ipilimumab-3-mg-kg-therapy.json,Governance and provenance hardening
00464,Dacarbazine Therapy,protocols/skin/00464-dacarbazine-therapy.json,Governance and provenance hardening
00563,Encorafenib and Binimetinib Therapy,protocols/skin/00563-encorafenib-and-binimetinib-therapy.json,Governance and provenance hardening
00758,Larotrectinib Monotherapy – Adult,protocols/tumour-agnostic/00758-larotrectinib-monotherapy-adult.json,Governance and provenance hardening
